year,region,start_date,end_date,source_station_id,source_station_name,source_sha256
1973,kma_asos:90,1973-06-25,1973-06-30,90,속초,0d7b8f1e7ca1054498102c876e9bab92c21ecf15d1bf2f43ed4ab764bf4a8910
1973,kma_asos:95,1973-06-25,1973-06-30,95,철원,0d7b8f1e7ca1054498102c876e9bab92c21ecf15d1bf2f43ed4ab764bf4a8910
1973,kma_asos:100,1973-06-25,1973-06-30,100,대관령,0d7b8f1e7ca1054498102c876e9bab92c21ecf15d1bf2f43ed4ab764bf4a8910
1973,kma_asos:101,1973-06-25,1973-06-30,101,춘천,0d7b8f1e7ca1054498102c876e9bab92c21ecf15d1bf2f43ed4ab764bf4a8910
1973,kma_asos:105,1973-06-25,1973-06-30,105,강릉,0d7b8f1e7ca1054498102c876e9bab92c21ecf15d1bf2f43ed4ab764bf4a8910
1973,kma_asos:108,1973-06-25,1973-06-30,108,서울,0d7b8f1e7ca1054498102c876e9bab92c21ecf15d1bf2f43ed4ab764bf4a8910
1973,kma_asos:112,1973-06-25,1973-06-30,112,인천,0d7b8f1e7ca1054498102c876e9bab92c21ecf15d1bf2f43ed4ab764bf4a8910
1973,kma_asos:114,1973-06-25,1973-06-30,114,원주,0d7b8f1e7ca1054498102c876e9bab92c21ecf15d1bf2f43ed4ab764bf4a8910
1973,kma_asos:119,1973-06-25,1973-06-30,119,수원,0d7b8f1e7ca1054498102c876e9bab92c21ecf15d1bf2f43ed4ab764bf4a8910
1973,kma_asos:127,1973-06-25,1973-06-30,127,충주,0d7b8f1e7ca1054498102c876e9bab92c21ecf15d1bf2f43ed4ab764bf4a8910
1973,kma_asos:129,1973-06-25,1973-06-30,129,서산,0d7b8f1e7ca1054498102c876e9bab92c21ecf15d1bf2f43ed4ab764bf4a8910
1973,kma_asos:130,1973-06-25,1973-06-30,130,울진,0d7b8f1e7ca1054498102c876e9bab92c21ecf15d1bf2f43ed4ab764bf4a8910
1973,kma_asos:131,1973-06-25,1973-06-30,131,청주,0d7b8f1e7ca1054498102c876e9bab92c21ecf15d1bf2f43ed4ab764bf4a8910
1973,kma_asos:133,1973-06-25,1973-06-30,133,대전,0d7b8f1e7ca1054498102c876e9bab92c21ecf15d1bf2f43ed4ab764bf4a8910
1973,kma_asos:135,1973-06-25,1973-06-30,135,추풍령,0d7b8f1e7ca1054498102c876e9bab92c21ecf15d1bf2f43ed4ab764bf4a8910
1973,kma_asos:136,1973-06-25,1973-06-30,136,안동,0d7b8f1e7ca1054498102c876e9bab92c21ecf15d1bf2f43ed4ab764bf4a8910
1973,kma_asos:138,1973-06-25,1973-06-30,138,포항,0d7b8f1e7ca1054498102c876e9bab92c21ecf15d1bf2f43ed4ab764bf4a8910
1973,kma_asos:140,1973-06-25,1973-06-30,140,군산,0d7b8f1e7ca1054498102c876e9bab92c21ecf15d1bf2f43ed4ab764bf4a8910
1973,kma_asos:143,1973-06-25,1973-06-30,143,대구,0d7b8f1e7ca1054498102c876e9bab92c21ecf15d1bf2f43ed4ab764bf4a8910
1973,kma_asos:146,1973-06-25,1973-06-30,146,전주,0d7b8f1e7ca1054498102c876e9bab92c21ecf15d1bf2f43ed4ab764bf4a8910
1973,kma_asos:152,1973-06-25,1973-06-30,152,울산,0d7b8f1e7ca1054498102c876e9bab92c21ecf15d1bf2f43ed4ab764bf4a8910
1973,kma_asos:155,1973-06-25,1973-06-30,155,창원,0d7b8f1e7ca1054498102c876e9bab92c21ecf15d1bf2f43ed4ab764bf4a8910
1973,kma_asos:156,1973-06-25,1973-06-30,156,광주,0d7b8f1e7ca1054498102c876e9bab92c21ecf15d1bf2f43ed4ab764bf4a8910
1973,kma_asos:159,1973-06-25,1973-06-30,159,부산,0d7b8f1e7ca1054498102c876e9bab92c21ecf15d1bf2f43ed4ab764bf4a8910
1973,kma_asos:162,1973-06-25,1973-06-30,162,통영,0d7b8f1e7ca1054498102c876e9bab92c21ecf15d1bf2f43ed4ab764bf4a8910
1973,kma_asos:165,1973-06-25,1973-06-30,165,목포,0d7b8f1e7ca1054498102c876e9bab92c21ecf15d1bf2f43ed4ab764bf4a8910
1973,kma_asos:168,1973-06-25,1973-06-30,168,여수,0d7b8f1e7ca1054498102c876e9bab92c21ecf15d1bf2f43ed4ab764bf4a8910
1973,kma_asos:170,1973-06-25,1973-06-30,170,완도,0d7b8f1e7ca1054498102c876e9bab92c21ecf15d1bf2f43ed4ab764bf4a8910
1973,kma_asos:184,1973-06-25,1973-07-01,184,제주,0d7b8f1e7ca1054498102c876e9bab92c21ecf15d1bf2f43ed4ab764bf4a8910
1973,kma_asos:185,1973-06-25,1973-07-01,185,고산,0d7b8f1e7ca1054498102c876e9bab92c21ecf15d1bf2f43ed4ab764bf4a8910
1973,kma_asos:188,1973-06-25,1973-07-01,188,성산,0d7b8f1e7ca1054498102c876e9bab92c21ecf15d1bf2f43ed4ab764bf4a8910
1973,kma_asos:189,1973-06-25,1973-07-01,189,서귀포,0d7b8f1e7ca1054498102c876e9bab92c21ecf15d1bf2f43ed4ab764bf4a8910
1973,kma_asos:192,1973-06-25,1973-06-30,192,진주,0d7b8f1e7ca1054498102c876e9bab92c21ecf15d1bf2f43ed4ab764bf4a8910
1973,kma_asos:201,1973-06-25,1973-06-30,201,강화,0d7b8f1e7ca1054498102c876e9bab92c21ecf15d1bf2f43ed4ab764bf4a8910
1973,kma_asos:202,1973-06-25,1973-06-30,202,양평,0d7b8f1e7ca1054498102c876e9bab92c21ecf15d1bf2f43ed4ab764bf4a8910
1973,kma_asos:203,1973-06-25,1973-06-30,203,이천,0d7b8f1e7ca1054498102c876e9bab92c21ecf15d1bf2f43ed4ab764bf4a8910
1973,kma_asos:211,1973-06-25,1973-06-30,211,인제,0d7b8f1e7ca1054498102c876e9bab92c21ecf15d1bf2f43ed4ab764bf4a8910
1973,kma_asos:212,1973-06-25,1973-06-30,212,홍천,0d7b8f1e7ca1054498102c876e9bab92c21ecf15d1bf2f43ed4ab764bf4a8910
1973,kma_asos:216,1973-06-25,1973-06-30,216,태백,0d7b8f1e7ca1054498102c876e9bab92c21ecf15d1bf2f43ed4ab764bf4a8910
1973,kma_asos:221,1973-06-25,1973-06-30,221,제천,0d7b8f1e7ca1054498102c876e9bab92c21ecf15d1bf2f43ed4ab764bf4a8910
1973,kma_asos:226,1973-06-25,1973-06-30,226,보은,0d7b8f1e7ca1054498102c876e9bab92c21ecf15d1bf2f43ed4ab764bf4a8910
1973,kma_asos:232,1973-06-25,1973-06-30,232,천안,0d7b8f1e7ca1054498102c876e9bab92c21ecf15d1bf2f43ed4ab764bf4a8910
1973,kma_asos:235,1973-06-25,1973-06-30,235,보령,0d7b8f1e7ca1054498102c876e9bab92c21ecf15d1bf2f43ed4ab764bf4a8910
1973,kma_asos:236,1973-06-25,1973-06-30,236,부여,0d7b8f1e7ca1054498102c876e9bab92c21ecf15d1bf2f43ed4ab764bf4a8910
1973,kma_asos:238,1973-06-25,1973-06-30,238,금산,0d7b8f1e7ca1054498102c876e9bab92c21ecf15d1bf2f43ed4ab764bf4a8910
1973,kma_asos:243,1973-06-25,1973-06-30,243,부안,0d7b8f1e7ca1054498102c876e9bab92c21ecf15d1bf2f43ed4ab764bf4a8910
1973,kma_asos:244,1973-06-25,1973-06-30,244,임실,0d7b8f1e7ca1054498102c876e9bab92c21ecf15d1bf2f43ed4ab764bf4a8910
1973,kma_asos:245,1973-06-25,1973-06-30,245,정읍,0d7b8f1e7ca1054498102c876e9bab92c21ecf15d1bf2f43ed4ab764bf4a8910
1973,kma_asos:247,1973-06-25,1973-06-30,247,남원,0d7b8f1e7ca1054498102c876e9bab92c21ecf15d1bf2f43ed4ab764bf4a8910
1973,kma_asos:248,1973-06-25,1973-06-30,248,장수,0d7b8f1e7ca1054498102c876e9bab92c21ecf15d1bf2f43ed4ab764bf4a8910
1973,kma_asos:260,1973-06-25,1973-06-30,260,장흥,0d7b8f1e7ca1054498102c876e9bab92c21ecf15d1bf2f43ed4ab764bf4a8910
1973,kma_asos:261,1973-06-25,1973-06-30,261,해남,0d7b8f1e7ca1054498102c876e9bab92c21ecf15d1bf2f43ed4ab764bf4a8910
1973,kma_asos:262,1973-06-25,1973-06-30,262,고흥,0d7b8f1e7ca1054498102c876e9bab92c21ecf15d1bf2f43ed4ab764bf4a8910
1973,kma_asos:271,1973-06-25,1973-06-30,271,봉화,0d7b8f1e7ca1054498102c876e9bab92c21ecf15d1bf2f43ed4ab764bf4a8910
1973,kma_asos:272,1973-06-25,1973-06-30,272,영주,0d7b8f1e7ca1054498102c876e9bab92c21ecf15d1bf2f43ed4ab764bf4a8910
1973,kma_asos:273,1973-06-25,1973-06-30,273,문경,0d7b8f1e7ca1054498102c876e9bab92c21ecf15d1bf2f43ed4ab764bf4a8910
1973,kma_asos:277,1973-06-25,1973-06-30,277,영덕,0d7b8f1e7ca1054498102c876e9bab92c21ecf15d1bf2f43ed4ab764bf4a8910
1973,kma_asos:278,1973-06-25,1973-06-30,278,의성,0d7b8f1e7ca1054498102c876e9bab92c21ecf15d1bf2f43ed4ab764bf4a8910
1973,kma_asos:279,1973-06-25,1973-06-30,279,구미,0d7b8f1e7ca1054498102c876e9bab92c21ecf15d1bf2f43ed4ab764bf4a8910
1973,kma_asos:281,1973-06-25,1973-06-30,281,영천,0d7b8f1e7ca1054498102c876e9bab92c21ecf15d1bf2f43ed4ab764bf4a8910
1973,kma_asos:284,1973-06-25,1973-06-30,284,거창,0d7b8f1e7ca1054498102c876e9bab92c21ecf15d1bf2f43ed4ab764bf4a8910
1973,kma_asos:285,1973-06-25,1973-06-30,285,합천,0d7b8f1e7ca1054498102c876e9bab92c21ecf15d1bf2f43ed4ab764bf4a8910
1973,kma_asos:288,1973-06-25,1973-06-30,288,밀양,0d7b8f1e7ca1054498102c876e9bab92c21ecf15d1bf2f43ed4ab764bf4a8910
1973,kma_asos:289,1973-06-25,1973-06-30,289,산청,0d7b8f1e7ca1054498102c876e9bab92c21ecf15d1bf2f43ed4ab764bf4a8910
1973,kma_asos:294,1973-06-25,1973-06-30,294,거제,0d7b8f1e7ca1054498102c876e9bab92c21ecf15d1bf2f43ed4ab764bf4a8910
1973,kma_asos:295,1973-06-25,1973-06-30,295,남해,0d7b8f1e7ca1054498102c876e9bab92c21ecf15d1bf2f43ed4ab764bf4a8910
1974,kma_asos:90,1974-06-17,1974-07-31,90,속초,0d7b8f1e7ca1054498102c876e9bab92c21ecf15d1bf2f43ed4ab764bf4a8910
1974,kma_asos:95,1974-06-17,1974-07-31,95,철원,0d7b8f1e7ca1054498102c876e9bab92c21ecf15d1bf2f43ed4ab764bf4a8910
1974,kma_asos:100,1974-06-17,1974-07-31,100,대관령,0d7b8f1e7ca1054498102c876e9bab92c21ecf15d1bf2f43ed4ab764bf4a8910
1974,kma_asos:101,1974-06-17,1974-07-31,101,춘천,0d7b8f1e7ca1054498102c876e9bab92c21ecf15d1bf2f43ed4ab764bf4a8910
1974,kma_asos:105,1974-06-17,1974-07-31,105,강릉,0d7b8f1e7ca1054498102c876e9bab92c21ecf15d1bf2f43ed4ab764bf4a8910
1974,kma_asos:108,1974-06-17,1974-07-31,108,서울,0d7b8f1e7ca1054498102c876e9bab92c21ecf15d1bf2f43ed4ab764bf4a8910
1974,kma_asos:112,1974-06-17,1974-07-31,112,인천,0d7b8f1e7ca1054498102c876e9bab92c21ecf15d1bf2f43ed4ab764bf4a8910
1974,kma_asos:114,1974-06-17,1974-07-31,114,원주,0d7b8f1e7ca1054498102c876e9bab92c21ecf15d1bf2f43ed4ab764bf4a8910
1974,kma_asos:119,1974-06-17,1974-07-31,119,수원,0d7b8f1e7ca1054498102c876e9bab92c21ecf15d1bf2f43ed4ab764bf4a8910
1974,kma_asos:127,1974-06-17,1974-07-31,127,충주,0d7b8f1e7ca1054498102c876e9bab92c21ecf15d1bf2f43ed4ab764bf4a8910
1974,kma_asos:129,1974-06-17,1974-07-31,129,서산,0d7b8f1e7ca1054498102c876e9bab92c21ecf15d1bf2f43ed4ab764bf4a8910
1974,kma_asos:130,1974-06-16,1974-07-31,130,울진,0d7b8f1e7ca1054498102c876e9bab92c21ecf15d1bf2f43ed4ab764bf4a8910
1974,kma_asos:131,1974-06-17,1974-07-31,131,청주,0d7b8f1e7ca1054498102c876e9bab92c21ecf15d1bf2f43ed4ab764bf4a8910
1974,kma_asos:133,1974-06-17,1974-07-31,133,대전,0d7b8f1e7ca1054498102c876e9bab92c21ecf15d1bf2f43ed4ab764bf4a8910
1974,kma_asos:135,1974-06-17,1974-07-31,135,추풍령,0d7b8f1e7ca1054498102c876e9bab92c21ecf15d1bf2f43ed4ab764bf4a8910
1974,kma_asos:136,1974-06-16,1974-07-31,136,안동,0d7b8f1e7ca1054498102c876e9bab92c21ecf15d1bf2f43ed4ab764bf4a8910
1974,kma_asos:138,1974-06-16,1974-07-31,138,포항,0d7b8f1e7ca1054498102c876e9bab92c21ecf15d1bf2f43ed4ab764bf4a8910
1974,kma_asos:140,1974-06-16,1974-07-31,140,군산,0d7b8f1e7ca1054498102c876e9bab92c21ecf15d1bf2f43ed4ab764bf4a8910
1974,kma_asos:143,1974-06-16,1974-07-31,143,대구,0d7b8f1e7ca1054498102c876e9bab92c21ecf15d1bf2f43ed4ab764bf4a8910
1974,kma_asos:146,1974-06-16,1974-07-31,146,전주,0d7b8f1e7ca1054498102c876e9bab92c21ecf15d1bf2f43ed4ab764bf4a8910
1974,kma_asos:152,1974-06-16,1974-07-31,152,울산,0d7b8f1e7ca1054498102c876e9bab92c21ecf15d1bf2f43ed4ab764bf4a8910
1974,kma_asos:155,1974-06-16,1974-07-31,155,창원,0d7b8f1e7ca1054498102c876e9bab92c21ecf15d1bf2f43ed4ab764bf4a8910
1974,kma_asos:156,1974-06-16,1974-07-31,156,광주,0d7b8f1e7ca1054498102c876e9bab92c21ecf15d1bf2f43ed4ab764bf4a8910
1974,kma_asos:159,1974-06-16,1974-07-31,159,부산,0d7b8f1e7ca1054498102c876e9bab92c21ecf15d1bf2f43ed4ab764bf4a8910
1974,kma_asos:162,1974-06-16,1974-07-31,162,통영,0d7b8f1e7ca1054498102c876e9bab92c21ecf15d1bf2f43ed4ab764bf4a8910
1974,kma_asos:165,1974-06-16,1974-07-31,165,목포,0d7b8f1e7ca1054498102c876e9bab92c21ecf15d1bf2f43ed4ab764bf4a8910
1974,kma_asos:168,1974-06-16,1974-07-31,168,여수,0d7b8f1e7ca1054498102c876e9bab92c21ecf15d1bf2f43ed4ab764bf4a8910
1974,kma_asos:170,1974-06-16,1974-07-31,170,완도,0d7b8f1e7ca1054498102c876e9bab92c21ecf15d1bf2f43ed4ab764bf4a8910
1974,kma_asos:184,1974-06-16,1974-07-31,184,제주,0d7b8f1e7ca1054498102c876e9bab92c21ecf15d1bf2f43ed4ab764bf4a8910
1974,kma_asos:185,1974-06-16,1974-07-31,185,고산,0d7b8f1e7ca1054498102c876e9bab92c21ecf15d1bf2f43ed4ab764bf4a8910
1974,kma_asos:188,1974-06-16,1974-07-31,188,성산,0d7b8f1e7ca1054498102c876e9bab92c21ecf15d1bf2f43ed4ab764bf4a8910
1974,kma_asos:189,1974-06-16,1974-07-31,189,서귀포,0d7b8f1e7ca1054498102c876e9bab92c21ecf15d1bf2f43ed4ab764bf4a8910
1974,kma_asos:192,1974-06-16,1974-07-31,192,진주,0d7b8f1e7ca1054498102c876e9bab92c21ecf15d1bf2f43ed4ab764bf4a8910
1974,kma_asos:201,1974-06-17,1974-07-31,201,강화,0d7b8f1e7ca1054498102c876e9bab92c21ecf15d1bf2f43ed4ab764bf4a8910
1974,kma_asos:202,1974-06-17,1974-07-31,202,양평,0d7b8f1e7ca1054498102c876e9bab92c21ecf15d1bf2f43ed4ab764bf4a8910
1974,kma_asos:203,1974-06-17,1974-07-31,203,이천,0d7b8f1e7ca1054498102c876e9bab92c21ecf15d1bf2f43ed4ab764bf4a8910
1974,kma_asos:211,1974-06-17,1974-07-31,211,인제,0d7b8f1e7ca1054498102c876e9bab92c21ecf15d1bf2f43ed4ab764bf4a8910
1974,kma_asos:212,1974-06-17,1974-07-31,212,홍천,0d7b8f1e7ca1054498102c876e9bab92c21ecf15d1bf2f43ed4ab764bf4a8910
1974,kma_asos:216,1974-06-17,1974-07-31,216,태백,0d7b8f1e7ca1054498102c876e9bab92c21ecf15d1bf2f43ed4ab764bf4a8910
1974,kma_asos:221,1974-06-17,1974-07-31,221,제천,0d7b8f1e7ca1054498102c876e9bab92c21ecf15d1bf2f43ed4ab764bf4a8910
1974,kma_asos:226,1974-06-17,1974-07-31,226,보은,0d7b8f1e7ca1054498102c876e9bab92c21ecf15d1bf2f43ed4ab764bf4a8910
1974,kma_asos:232,1974-06-17,1974-07-31,232,천안,0d7b8f1e7ca1054498102c876e9bab92c21ecf15d1bf2f43ed4ab764bf4a8910
1974,kma_asos:235,1974-06-17,1974-07-31,235,보령,0d7b8f1e7ca1054498102c876e9bab92c21ecf15d1bf2f43ed4ab764bf4a8910
1974,kma_asos:236,1974-06-17,1974-07-31,236,부여,0d7b8f1e7ca1054498102c876e9bab92c21ecf15d1bf2f43ed4ab764bf4a8910
1974,kma_asos:238,1974-06-17,1974-07-31,238,금산,0d7b8f1e7ca1054498102c876e9bab92c21ecf15d1bf2f43ed4ab764bf4a8910
1974,kma_asos:243,1974-06-16,1974-07-31,243,부안,0d7b8f1e7ca1054498102c876e9bab92c21ecf15d1bf2f43ed4ab764bf4a8910
1974,kma_asos:244,1974-06-16,1974-07-31,244,임실,0d7b8f1e7ca1054498102c876e9bab92c21ecf15d1bf2f43ed4ab764bf4a8910
1974,kma_asos:245,1974-06-16,1974-07-31,245,정읍,0d7b8f1e7ca1054498102c876e9bab92c21ecf15d1bf2f43ed4ab764bf4a8910
1974,kma_asos:247,1974-06-16,1974-07-31,247,남원,0d7b8f1e7ca1054498102c876e9bab92c21ecf15d1bf2f43ed4ab764bf4a8910
1974,kma_asos:248,1974-06-16,1974-07-31,248,장수,0d7b8f1e7ca1054498102c876e9bab92c21ecf15d1bf2f43ed4ab764bf4a8910
1974,kma_asos:260,1974-06-16,1974-07-31,260,장흥,0d7b8f1e7ca1054498102c876e9bab92c21ecf15d1bf2f43ed4ab764bf4a8910
1974,kma_asos:261,1974-06-16,1974-07-31,261,해남,0d7b8f1e7ca1054498102c876e9bab92c21ecf15d1bf2f43ed4ab764bf4a8910
1974,kma_asos:262,1974-06-16,1974-07-31,262,고흥,0d7b8f1e7ca1054498102c876e9bab92c21ecf15d1bf2f43ed4ab764bf4a8910
1974,kma_asos:271,1974-06-16,1974-07-31,271,봉화,0d7b8f1e7ca1054498102c876e9bab92c21ecf15d1bf2f43ed4ab764bf4a8910
1974,kma_asos:272,1974-06-16,1974-07-31,272,영주,0d7b8f1e7ca1054498102c876e9bab92c21ecf15d1bf2f43ed4ab764bf4a8910
1974,kma_asos:273,1974-06-16,1974-07-31,273,문경,0d7b8f1e7ca1054498102c876e9bab92c21ecf15d1bf2f43ed4ab764bf4a8910
1974,kma_asos:277,1974-06-16,1974-07-31,277,영덕,0d7b8f1e7ca1054498102c876e9bab92c21ecf15d1bf2f43ed4ab764bf4a8910
1974,kma_asos:278,1974-06-16,1974-07-31,278,의성,0d7b8f1e7ca1054498102c876e9bab92c21ecf15d1bf2f43ed4ab764bf4a8910
1974,kma_asos:279,1974-06-16,1974-07-31,279,구미,0d7b8f1e7ca1054498102c876e9bab92c21ecf15d1bf2f43ed4ab764bf4a8910
1974,kma_asos:281,1974-06-16,1974-07-31,281,영천,0d7b8f1e7ca1054498102c876e9bab92c21ecf15d1bf2f43ed4ab764bf4a8910
1974,kma_asos:284,1974-06-16,1974-07-31,284,거창,0d7b8f1e7ca1054498102c876e9bab92c21ecf15d1bf2f43ed4ab764bf4a8910
1974,kma_asos:285,1974-06-16,1974-07-31,285,합천,0d7b8f1e7ca1054498102c876e9bab92c21ecf15d1bf2f43ed4ab764bf4a8910
1974,kma_asos:288,1974-06-16,1974-07-31,288,밀양,0d7b8f1e7ca1054498102c876e9bab92c21ecf15d1bf2f43ed4ab764bf4a8910
1974,kma_asos:289,1974-06-16,1974-07-31,289,산청,0d7b8f1e7ca1054498102c876e9bab92c21ecf15d1bf2f43ed4ab764bf4a8910
1974,kma_asos:294,1974-06-16,1974-07-31,294,거제,0d7b8f1e7ca1054498102c876e9bab92c21ecf15d1bf2f43ed4ab764bf4a8910
1974,kma_asos:295,1974-06-16,1974-07-31,295,남해,0d7b8f1e7ca1054498102c876e9bab92c21ecf15d1bf2f43ed4ab764bf4a8910
1975,kma_asos:90,1975-06-23,1975-07-29,90,속초,0d7b8f1e7ca1054498102c876e9bab92c21ecf15d1bf2f43ed4ab764bf4a8910
1975,kma_asos:95,1975-06-23,1975-07-29,95,철원,0d7b8f1e7ca1054498102c876e9bab92c21ecf15d1bf2f43ed4ab764bf4a8910
1975,kma_asos:100,1975-06-23,1975-07-29,100,대관령,0d7b8f1e7ca1054498102c876e9bab92c21ecf15d1bf2f43ed4ab764bf4a8910
1975,kma_asos:101,1975-06-23,1975-07-29,101,춘천,0d7b8f1e7ca1054498102c876e9bab92c21ecf15d1bf2f43ed4ab764bf4a8910
1975,kma_asos:105,1975-06-23,1975-07-29,105,강릉,0d7b8f1e7ca1054498102c876e9bab92c21ecf15d1bf2f43ed4ab764bf4a8910
1975,kma_asos:108,1975-06-23,1975-07-29,108,서울,0d7b8f1e7ca1054498102c876e9bab92c21ecf15d1bf2f43ed4ab764bf4a8910
1975,kma_asos:112,1975-06-23,1975-07-29,112,인천,0d7b8f1e7ca1054498102c876e9bab92c21ecf15d1bf2f43ed4ab764bf4a8910
1975,kma_asos:114,1975-06-23,1975-07-29,114,원주,0d7b8f1e7ca1054498102c876e9bab92c21ecf15d1bf2f43ed4ab764bf4a8910
1975,kma_asos:119,1975-06-23,1975-07-29,119,수원,0d7b8f1e7ca1054498102c876e9bab92c21ecf15d1bf2f43ed4ab764bf4a8910
1975,kma_asos:127,1975-06-23,1975-07-29,127,충주,0d7b8f1e7ca1054498102c876e9bab92c21ecf15d1bf2f43ed4ab764bf4a8910
1975,kma_asos:129,1975-06-23,1975-07-29,129,서산,0d7b8f1e7ca1054498102c876e9bab92c21ecf15d1bf2f43ed4ab764bf4a8910
1975,kma_asos:130,1975-06-21,1975-07-28,130,울진,0d7b8f1e7ca1054498102c876e9bab92c21ecf15d1bf2f43ed4ab764bf4a8910
1975,kma_asos:131,1975-06-23,1975-07-29,131,청주,0d7b8f1e7ca1054498102c876e9bab92c21ecf15d1bf2f43ed4ab764bf4a8910
1975,kma_asos:133,1975-06-23,1975-07-29,133,대전,0d7b8f1e7ca1054498102c876e9bab92c21ecf15d1bf2f43ed4ab764bf4a8910
1975,kma_asos:135,1975-06-23,1975-07-29,135,추풍령,0d7b8f1e7ca1054498102c876e9bab92c21ecf15d1bf2f43ed4ab764bf4a8910
1975,kma_asos:136,1975-06-21,1975-07-28,136,안동,0d7b8f1e7ca1054498102c876e9bab92c21ecf15d1bf2f43ed4ab764bf4a8910
1975,kma_asos:138,1975-06-21,1975-07-28,138,포항,0d7b8f1e7ca1054498102c876e9bab92c21ecf15d1bf2f43ed4ab764bf4a8910
1975,kma_asos:140,1975-06-21,1975-07-28,140,군산,0d7b8f1e7ca1054498102c876e9bab92c21ecf15d1bf2f43ed4ab764bf4a8910
1975,kma_asos:143,1975-06-21,1975-07-28,143,대구,0d7b8f1e7ca1054498102c876e9bab92c21ecf15d1bf2f43ed4ab764bf4a8910
1975,kma_asos:146,1975-06-21,1975-07-28,146,전주,0d7b8f1e7ca1054498102c876e9bab92c21ecf15d1bf2f43ed4ab764bf4a8910
1975,kma_asos:152,1975-06-21,1975-07-28,152,울산,0d7b8f1e7ca1054498102c876e9bab92c21ecf15d1bf2f43ed4ab764bf4a8910
1975,kma_asos:155,1975-06-21,1975-07-28,155,창원,0d7b8f1e7ca1054498102c876e9bab92c21ecf15d1bf2f43ed4ab764bf4a8910
1975,kma_asos:156,1975-06-21,1975-07-28,156,광주,0d7b8f1e7ca1054498102c876e9bab92c21ecf15d1bf2f43ed4ab764bf4a8910
1975,kma_asos:159,1975-06-21,1975-07-28,159,부산,0d7b8f1e7ca1054498102c876e9bab92c21ecf15d1bf2f43ed4ab764bf4a8910
1975,kma_asos:162,1975-06-21,1975-07-28,162,통영,0d7b8f1e7ca1054498102c876e9bab92c21ecf15d1bf2f43ed4ab764bf4a8910
1975,kma_asos:165,1975-06-21,1975-07-28,165,목포,0d7b8f1e7ca1054498102c876e9bab92c21ecf15d1bf2f43ed4ab764bf4a8910
1975,kma_asos:168,1975-06-21,1975-07-28,168,여수,0d7b8f1e7ca1054498102c876e9bab92c21ecf15d1bf2f43ed4ab764bf4a8910
1975,kma_asos:170,1975-06-21,1975-07-28,170,완도,0d7b8f1e7ca1054498102c876e9bab92c21ecf15d1bf2f43ed4ab764bf4a8910
1975,kma_asos:184,1975-06-17,1975-07-28,184,제주,0d7b8f1e7ca1054498102c876e9bab92c21ecf15d1bf2f43ed4ab764bf4a8910
1975,kma_asos:185,1975-06-17,1975-07-28,185,고산,0d7b8f1e7ca1054498102c876e9bab92c21ecf15d1bf2f43ed4ab764bf4a8910
1975,kma_asos:188,1975-06-17,1975-07-28,188,성산,0d7b8f1e7ca1054498102c876e9bab92c21ecf15d1bf2f43ed4ab764bf4a8910
1975,kma_asos:189,1975-06-17,1975-07-28,189,서귀포,0d7b8f1e7ca1054498102c876e9bab92c21ecf15d1bf2f43ed4ab764bf4a8910
1975,kma_asos:192,1975-06-21,1975-07-28,192,진주,0d7b8f1e7ca1054498102c876e9bab92c21ecf15d1bf2f43ed4ab764bf4a8910
1975,kma_asos:201,1975-06-23,1975-07-29,201,강화,0d7b8f1e7ca1054498102c876e9bab92c21ecf15d1bf2f43ed4ab764bf4a8910
1975,kma_asos:202,1975-06-23,1975-07-29,202,양평,0d7b8f1e7ca1054498102c876e9bab92c21ecf15d1bf2f43ed4ab764bf4a8910
1975,kma_asos:203,1975-06-23,1975-07-29,203,이천,0d7b8f1e7ca1054498102c876e9bab92c21ecf15d1bf2f43ed4ab764bf4a8910
1975,kma_asos:211,1975-06-23,1975-07-29,211,인제,0d7b8f1e7ca1054498102c876e9bab92c21ecf15d1bf2f43ed4ab764bf4a8910
1975,kma_asos:212,1975-06-23,1975-07-29,212,홍천,0d7b8f1e7ca1054498102c876e9bab92c21ecf15d1bf2f43ed4ab764bf4a8910
1975,kma_asos:216,1975-06-23,1975-07-29,216,태백,0d7b8f1e7ca1054498102c876e9bab92c21ecf15d1bf2f43ed4ab764bf4a8910
1975,kma_asos:221,1975-06-23,1975-07-29,221,제천,0d7b8f1e7ca1054498102c876e9bab92c21ecf15d1bf2f43ed4ab764bf4a8910
1975,kma_asos:226,1975-06-23,1975-07-29,226,보은,0d7b8f1e7ca1054498102c876e9bab92c21ecf15d1bf2f43ed4ab764bf4a8910
1975,kma_asos:232,1975-06-23,1975-07-29,232,천안,0d7b8f1e7ca1054498102c876e9bab92c21ecf15d1bf2f43ed4ab764bf4a8910
1975,kma_asos:235,1975-06-23,1975-07-29,235,보령,0d7b8f1e7ca1054498102c876e9bab92c21ecf15d1bf2f43ed4ab764bf4a8910
1975,kma_asos:236,1975-06-23,1975-07-29,236,부여,0d7b8f1e7ca1054498102c876e9bab92c21ecf15d1bf2f43ed4ab764bf4a8910
1975,kma_asos:238,1975-06-23,1975-07-29,238,금산,0d7b8f1e7ca1054498102c876e9bab92c21ecf15d1bf2f43ed4ab764bf4a8910
1975,kma_asos:243,1975-06-21,1975-07-28,243,부안,0d7b8f1e7ca1054498102c876e9bab92c21ecf15d1bf2f43ed4ab764bf4a8910
1975,kma_asos:244,1975-06-21,1975-07-28,244,임실,0d7b8f1e7ca1054498102c876e9bab92c21ecf15d1bf2f43ed4ab764bf4a8910
1975,kma_asos:245,1975-06-21,1975-07-28,245,정읍,0d7b8f1e7ca1054498102c876e9bab92c21ecf15d1bf2f43ed4ab764bf4a8910
1975,kma_asos:247,1975-06-21,1975-07-28,247,남원,0d7b8f1e7ca1054498102c876e9bab92c21ecf15d1bf2f43ed4ab764bf4a8910
1975,kma_asos:248,1975-06-21,1975-07-28,248,장수,0d7b8f1e7ca1054498102c876e9bab92c21ecf15d1bf2f43ed4ab764bf4a8910
1975,kma_asos:260,1975-06-21,1975-07-28,260,장흥,0d7b8f1e7ca1054498102c876e9bab92c21ecf15d1bf2f43ed4ab764bf4a8910
1975,kma_asos:261,1975-06-21,1975-07-28,261,해남,0d7b8f1e7ca1054498102c876e9bab92c21ecf15d1bf2f43ed4ab764bf4a8910
1975,kma_asos:262,1975-06-21,1975-07-28,262,고흥,0d7b8f1e7ca1054498102c876e9bab92c21ecf15d1bf2f43ed4ab764bf4a8910
1975,kma_asos:271,1975-06-21,1975-07-28,271,봉화,0d7b8f1e7ca1054498102c876e9bab92c21ecf15d1bf2f43ed4ab764bf4a8910
1975,kma_asos:272,1975-06-21,1975-07-28,272,영주,0d7b8f1e7ca1054498102c876e9bab92c21ecf15d1bf2f43ed4ab764bf4a8910
1975,kma_asos:273,1975-06-21,1975-07-28,273,문경,0d7b8f1e7ca1054498102c876e9bab92c21ecf15d1bf2f43ed4ab764bf4a8910
1975,kma_asos:277,1975-06-21,1975-07-28,277,영덕,0d7b8f1e7ca1054498102c876e9bab92c21ecf15d1bf2f43ed4ab764bf4a8910
1975,kma_asos:278,1975-06-21,1975-07-28,278,의성,0d7b8f1e7ca1054498102c876e9bab92c21ecf15d1bf2f43ed4ab764bf4a8910
1975,kma_asos:279,1975-06-21,1975-07-28,279,구미,0d7b8f1e7ca1054498102c876e9bab92c21ecf15d1bf2f43ed4ab764bf4a8910
1975,kma_asos:281,1975-06-21,1975-07-28,281,영천,0d7b8f1e7ca1054498102c876e9bab92c21ecf15d1bf2f43ed4ab764bf4a8910
1975,kma_asos:284,1975-06-21,1975-07-28,284,거창,0d7b8f1e7ca1054498102c876e9bab92c21ecf15d1bf2f43ed4ab764bf4a8910
1975,kma_asos:285,1975-06-21,1975-07-28,285,합천,0d7b8f1e7ca1054498102c876e9bab92c21ecf15d1bf2f43ed4ab764bf4a8910
1975,kma_asos:288,1975-06-21,1975-07-28,288,밀양,0d7b8f1e7ca1054498102c876e9bab92c21ecf15d1bf2f43ed4ab764bf4a8910
1975,kma_asos:289,1975-06-21,1975-07-28,289,산청,0d7b8f1e7ca1054498102c876e9bab92c21ecf15d1bf2f43ed4ab764bf4a8910
1975,kma_asos:294,1975-06-21,1975-07-28,294,거제,0d7b8f1e7ca1054498102c876e9bab92c21ecf15d1bf2f43ed4ab764bf4a8910
1975,kma_asos:295,1975-06-21,1975-07-28,295,남해,0d7b8f1e7ca1054498102c876e9bab92c21ecf15d1bf2f43ed4ab764bf4a8910
1976,kma_asos:90,1976-06-21,1976-07-17,90,속초,0d7b8f1e7ca1054498102c876e9bab92c21ecf15d1bf2f43ed4ab764bf4a8910
1976,kma_asos:95,1976-06-21,1976-07-17,95,철원,0d7b8f1e7ca1054498102c876e9bab92c21ecf15d1bf2f43ed4ab764bf4a8910
1976,kma_asos:100,1976-06-21,1976-07-17,100,대관령,0d7b8f1e7ca1054498102c876e9bab92c21ecf15d1bf2f43ed4ab764bf4a8910
1976,kma_asos:101,1976-06-21,1976-07-17,101,춘천,0d7b8f1e7ca1054498102c876e9bab92c21ecf15d1bf2f43ed4ab764bf4a8910
1976,kma_asos:105,1976-06-21,1976-07-17,105,강릉,0d7b8f1e7ca1054498102c876e9bab92c21ecf15d1bf2f43ed4ab764bf4a8910
1976,kma_asos:108,1976-06-21,1976-07-17,108,서울,0d7b8f1e7ca1054498102c876e9bab92c21ecf15d1bf2f43ed4ab764bf4a8910
1976,kma_asos:112,1976-06-21,1976-07-17,112,인천,0d7b8f1e7ca1054498102c876e9bab92c21ecf15d1bf2f43ed4ab764bf4a8910
1976,kma_asos:114,1976-06-21,1976-07-17,114,원주,0d7b8f1e7ca1054498102c876e9bab92c21ecf15d1bf2f43ed4ab764bf4a8910
1976,kma_asos:119,1976-06-21,1976-07-17,119,수원,0d7b8f1e7ca1054498102c876e9bab92c21ecf15d1bf2f43ed4ab764bf4a8910
1976,kma_asos:127,1976-06-21,1976-07-17,127,충주,0d7b8f1e7ca1054498102c876e9bab92c21ecf15d1bf2f43ed4ab764bf4a8910
1976,kma_asos:129,1976-06-21,1976-07-17,129,서산,0d7b8f1e7ca1054498102c876e9bab92c21ecf15d1bf2f43ed4ab764bf4a8910
1976,kma_asos:130,1976-06-17,1976-07-16,130,울진,0d7b8f1e7ca1054498102c876e9bab92c21ecf15d1bf2f43ed4ab764bf4a8910
1976,kma_asos:131,1976-06-21,1976-07-17,131,청주,0d7b8f1e7ca1054498102c876e9bab92c21ecf15d1bf2f43ed4ab764bf4a8910
1976,kma_asos:133,1976-06-21,1976-07-17,133,대전,0d7b8f1e7ca1054498102c876e9bab92c21ecf15d1bf2f43ed4ab764bf4a8910
1976,kma_asos:135,1976-06-21,1976-07-17,135,추풍령,0d7b8f1e7ca1054498102c876e9bab92c21ecf15d1bf2f43ed4ab764bf4a8910
1976,kma_asos:136,1976-06-17,1976-07-16,136,안동,0d7b8f1e7ca1054498102c876e9bab92c21ecf15d1bf2f43ed4ab764bf4a8910
1976,kma_asos:138,1976-06-17,1976-07-16,138,포항,0d7b8f1e7ca1054498102c876e9bab92c21ecf15d1bf2f43ed4ab764bf4a8910
1976,kma_asos:140,1976-06-17,1976-07-16,140,군산,0d7b8f1e7ca1054498102c876e9bab92c21ecf15d1bf2f43ed4ab764bf4a8910
1976,kma_asos:143,1976-06-17,1976-07-16,143,대구,0d7b8f1e7ca1054498102c876e9bab92c21ecf15d1bf2f43ed4ab764bf4a8910
1976,kma_asos:146,1976-06-17,1976-07-16,146,전주,0d7b8f1e7ca1054498102c876e9bab92c21ecf15d1bf2f43ed4ab764bf4a8910
1976,kma_asos:152,1976-06-17,1976-07-16,152,울산,0d7b8f1e7ca1054498102c876e9bab92c21ecf15d1bf2f43ed4ab764bf4a8910
1976,kma_asos:155,1976-06-17,1976-07-16,155,창원,0d7b8f1e7ca1054498102c876e9bab92c21ecf15d1bf2f43ed4ab764bf4a8910
1976,kma_asos:156,1976-06-17,1976-07-16,156,광주,0d7b8f1e7ca1054498102c876e9bab92c21ecf15d1bf2f43ed4ab764bf4a8910
1976,kma_asos:159,1976-06-17,1976-07-16,159,부산,0d7b8f1e7ca1054498102c876e9bab92c21ecf15d1bf2f43ed4ab764bf4a8910
1976,kma_asos:162,1976-06-17,1976-07-16,162,통영,0d7b8f1e7ca1054498102c876e9bab92c21ecf15d1bf2f43ed4ab764bf4a8910
1976,kma_asos:165,1976-06-17,1976-07-16,165,목포,0d7b8f1e7ca1054498102c876e9bab92c21ecf15d1bf2f43ed4ab764bf4a8910
1976,kma_asos:168,1976-06-17,1976-07-16,168,여수,0d7b8f1e7ca1054498102c876e9bab92c21ecf15d1bf2f43ed4ab764bf4a8910
1976,kma_asos:170,1976-06-17,1976-07-16,170,완도,0d7b8f1e7ca1054498102c876e9bab92c21ecf15d1bf2f43ed4ab764bf4a8910
1976,kma_asos:184,1976-06-17,1976-07-17,184,제주,0d7b8f1e7ca1054498102c876e9bab92c21ecf15d1bf2f43ed4ab764bf4a8910
1976,kma_asos:185,1976-06-17,1976-07-17,185,고산,0d7b8f1e7ca1054498102c876e9bab92c21ecf15d1bf2f43ed4ab764bf4a8910
1976,kma_asos:188,1976-06-17,1976-07-17,188,성산,0d7b8f1e7ca1054498102c876e9bab92c21ecf15d1bf2f43ed4ab764bf4a8910
1976,kma_asos:189,1976-06-17,1976-07-17,189,서귀포,0d7b8f1e7ca1054498102c876e9bab92c21ecf15d1bf2f43ed4ab764bf4a8910
1976,kma_asos:192,1976-06-17,1976-07-16,192,진주,0d7b8f1e7ca1054498102c876e9bab92c21ecf15d1bf2f43ed4ab764bf4a8910
1976,kma_asos:201,1976-06-21,1976-07-17,201,강화,0d7b8f1e7ca1054498102c876e9bab92c21ecf15d1bf2f43ed4ab764bf4a8910
1976,kma_asos:202,1976-06-21,1976-07-17,202,양평,0d7b8f1e7ca1054498102c876e9bab92c21ecf15d1bf2f43ed4ab764bf4a8910
1976,kma_asos:203,1976-06-21,1976-07-17,203,이천,0d7b8f1e7ca1054498102c876e9bab92c21ecf15d1bf2f43ed4ab764bf4a8910
1976,kma_asos:211,1976-06-21,1976-07-17,211,인제,0d7b8f1e7ca1054498102c876e9bab92c21ecf15d1bf2f43ed4ab764bf4a8910
1976,kma_asos:212,1976-06-21,1976-07-17,212,홍천,0d7b8f1e7ca1054498102c876e9bab92c21ecf15d1bf2f43ed4ab764bf4a8910
1976,kma_asos:216,1976-06-21,1976-07-17,216,태백,0d7b8f1e7ca1054498102c876e9bab92c21ecf15d1bf2f43ed4ab764bf4a8910
1976,kma_asos:221,1976-06-21,1976-07-17,221,제천,0d7b8f1e7ca1054498102c876e9bab92c21ecf15d1bf2f43ed4ab764bf4a8910
1976,kma_asos:226,1976-06-21,1976-07-17,226,보은,0d7b8f1e7ca1054498102c876e9bab92c21ecf15d1bf2f43ed4ab764bf4a8910
1976,kma_asos:232,1976-06-21,1976-07-17,232,천안,0d7b8f1e7ca1054498102c876e9bab92c21ecf15d1bf2f43ed4ab764bf4a8910
1976,kma_asos:235,1976-06-21,1976-07-17,235,보령,0d7b8f1e7ca1054498102c876e9bab92c21ecf15d1bf2f43ed4ab764bf4a8910
1976,kma_asos:236,1976-06-21,1976-07-17,236,부여,0d7b8f1e7ca1054498102c876e9bab92c21ecf15d1bf2f43ed4ab764bf4a8910
1976,kma_asos:238,1976-06-21,1976-07-17,238,금산,0d7b8f1e7ca1054498102c876e9bab92c21ecf15d1bf2f43ed4ab764bf4a8910
1976,kma_asos:243,1976-06-17,1976-07-16,243,부안,0d7b8f1e7ca1054498102c876e9bab92c21ecf15d1bf2f43ed4ab764bf4a8910
1976,kma_asos:244,1976-06-17,1976-07-16,244,임실,0d7b8f1e7ca1054498102c876e9bab92c21ecf15d1bf2f43ed4ab764bf4a8910
1976,kma_asos:245,1976-06-17,1976-07-16,245,정읍,0d7b8f1e7ca1054498102c876e9bab92c21ecf15d1bf2f43ed4ab764bf4a8910
1976,kma_asos:247,1976-06-17,1976-07-16,247,남원,0d7b8f1e7ca1054498102c876e9bab92c21ecf15d1bf2f43ed4ab764bf4a8910
1976,kma_asos:248,1976-06-17,1976-07-16,248,장수,0d7b8f1e7ca1054498102c876e9bab92c21ecf15d1bf2f43ed4ab764bf4a8910
1976,kma_asos:260,1976-06-17,1976-07-16,260,장흥,0d7b8f1e7ca1054498102c876e9bab92c21ecf15d1bf2f43ed4ab764bf4a8910
1976,kma_asos:261,1976-06-17,1976-07-16,261,해남,0d7b8f1e7ca1054498102c876e9bab92c21ecf15d1bf2f43ed4ab764bf4a8910
1976,kma_asos:262,1976-06-17,1976-07-16,262,고흥,0d7b8f1e7ca1054498102c876e9bab92c21ecf15d1bf2f43ed4ab764bf4a8910
1976,kma_asos:271,1976-06-17,1976-07-16,271,봉화,0d7b8f1e7ca1054498102c876e9bab92c21ecf15d1bf2f43ed4ab764bf4a8910
1976,kma_asos:272,1976-06-17,1976-07-16,272,영주,0d7b8f1e7ca1054498102c876e9bab92c21ecf15d1bf2f43ed4ab764bf4a8910
1976,kma_asos:273,1976-06-17,1976-07-16,273,문경,0d7b8f1e7ca1054498102c876e9bab92c21ecf15d1bf2f43ed4ab764bf4a8910
1976,kma_asos:277,1976-06-17,1976-07-16,277,영덕,0d7b8f1e7ca1054498102c876e9bab92c21ecf15d1bf2f43ed4ab764bf4a8910
1976,kma_asos:278,1976-06-17,1976-07-16,278,의성,0d7b8f1e7ca1054498102c876e9bab92c21ecf15d1bf2f43ed4ab764bf4a8910
1976,kma_asos:279,1976-06-17,1976-07-16,279,구미,0d7b8f1e7ca1054498102c876e9bab92c21ecf15d1bf2f43ed4ab764bf4a8910
1976,kma_asos:281,1976-06-17,1976-07-16,281,영천,0d7b8f1e7ca1054498102c876e9bab92c21ecf15d1bf2f43ed4ab764bf4a8910
1976,kma_asos:284,1976-06-17,1976-07-16,284,거창,0d7b8f1e7ca1054498102c876e9bab92c21ecf15d1bf2f43ed4ab764bf4a8910
1976,kma_asos:285,1976-06-17,1976-07-16,285,합천,0d7b8f1e7ca1054498102c876e9bab92c21ecf15d1bf2f43ed4ab764bf4a8910
1976,kma_asos:288,1976-06-17,1976-07-16,288,밀양,0d7b8f1e7ca1054498102c876e9bab92c21ecf15d1bf2f43ed4ab764bf4a8910
1976,kma_asos:289,1976-06-17,1976-07-16,289,산청,0d7b8f1e7ca1054498102c876e9bab92c21ecf15d1bf2f43ed4ab764bf4a8910
1976,kma_asos:294,1976-06-17,1976-07-16,294,거제,0d7b8f1e7ca1054498102c876e9bab92c21ecf15d1bf2f43ed4ab764bf4a8910
1976,kma_asos:295,1976-06-17,1976-07-16,295,남해,0d7b8f1e7ca1054498102c876e9bab92c21ecf15d1bf2f43ed4ab764bf4a8910
1977,kma_asos:90,1977-06-23,1977-07-19,90,속초,0d7b8f1e7ca1054498102c876e9bab92c21ecf15d1bf2f43ed4ab764bf4a8910
1977,kma_asos:95,1977-06-23,1977-07-19,95,철원,0d7b8f1e7ca1054498102c876e9bab92c21ecf15d1bf2f43ed4ab764bf4a8910
1977,kma_asos:100,1977-06-23,1977-07-19,100,대관령,0d7b8f1e7ca1054498102c876e9bab92c21ecf15d1bf2f43ed4ab764bf4a8910
1977,kma_asos:101,1977-06-23,1977-07-19,101,춘천,0d7b8f1e7ca1054498102c876e9bab92c21ecf15d1bf2f43ed4ab764bf4a8910
1977,kma_asos:105,1977-06-23,1977-07-19,105,강릉,0d7b8f1e7ca1054498102c876e9bab92c21ecf15d1bf2f43ed4ab764bf4a8910
1977,kma_asos:108,1977-06-23,1977-07-19,108,서울,0d7b8f1e7ca1054498102c876e9bab92c21ecf15d1bf2f43ed4ab764bf4a8910
1977,kma_asos:112,1977-06-23,1977-07-19,112,인천,0d7b8f1e7ca1054498102c876e9bab92c21ecf15d1bf2f43ed4ab764bf4a8910
1977,kma_asos:114,1977-06-23,1977-07-19,114,원주,0d7b8f1e7ca1054498102c876e9bab92c21ecf15d1bf2f43ed4ab764bf4a8910
1977,kma_asos:119,1977-06-23,1977-07-19,119,수원,0d7b8f1e7ca1054498102c876e9bab92c21ecf15d1bf2f43ed4ab764bf4a8910
1977,kma_asos:127,1977-06-23,1977-07-19,127,충주,0d7b8f1e7ca1054498102c876e9bab92c21ecf15d1bf2f43ed4ab764bf4a8910
1977,kma_asos:129,1977-06-23,1977-07-19,129,서산,0d7b8f1e7ca1054498102c876e9bab92c21ecf15d1bf2f43ed4ab764bf4a8910
1977,kma_asos:130,1977-06-22,1977-07-19,130,울진,0d7b8f1e7ca1054498102c876e9bab92c21ecf15d1bf2f43ed4ab764bf4a8910
1977,kma_asos:131,1977-06-23,1977-07-19,131,청주,0d7b8f1e7ca1054498102c876e9bab92c21ecf15d1bf2f43ed4ab764bf4a8910
1977,kma_asos:133,1977-06-23,1977-07-19,133,대전,0d7b8f1e7ca1054498102c876e9bab92c21ecf15d1bf2f43ed4ab764bf4a8910
1977,kma_asos:135,1977-06-23,1977-07-19,135,추풍령,0d7b8f1e7ca1054498102c876e9bab92c21ecf15d1bf2f43ed4ab764bf4a8910
1977,kma_asos:136,1977-06-22,1977-07-19,136,안동,0d7b8f1e7ca1054498102c876e9bab92c21ecf15d1bf2f43ed4ab764bf4a8910
1977,kma_asos:138,1977-06-22,1977-07-19,138,포항,0d7b8f1e7ca1054498102c876e9bab92c21ecf15d1bf2f43ed4ab764bf4a8910
1977,kma_asos:140,1977-06-22,1977-07-19,140,군산,0d7b8f1e7ca1054498102c876e9bab92c21ecf15d1bf2f43ed4ab764bf4a8910
1977,kma_asos:143,1977-06-22,1977-07-19,143,대구,0d7b8f1e7ca1054498102c876e9bab92c21ecf15d1bf2f43ed4ab764bf4a8910
1977,kma_asos:146,1977-06-22,1977-07-19,146,전주,0d7b8f1e7ca1054498102c876e9bab92c21ecf15d1bf2f43ed4ab764bf4a8910
1977,kma_asos:152,1977-06-22,1977-07-19,152,울산,0d7b8f1e7ca1054498102c876e9bab92c21ecf15d1bf2f43ed4ab764bf4a8910
1977,kma_asos:155,1977-06-22,1977-07-19,155,창원,0d7b8f1e7ca1054498102c876e9bab92c21ecf15d1bf2f43ed4ab764bf4a8910
1977,kma_asos:156,1977-06-22,1977-07-19,156,광주,0d7b8f1e7ca1054498102c876e9bab92c21ecf15d1bf2f43ed4ab764bf4a8910
1977,kma_asos:159,1977-06-22,1977-07-19,159,부산,0d7b8f1e7ca1054498102c876e9bab92c21ecf15d1bf2f43ed4ab764bf4a8910
1977,kma_asos:162,1977-06-22,1977-07-19,162,통영,0d7b8f1e7ca1054498102c876e9bab92c21ecf15d1bf2f43ed4ab764bf4a8910
1977,kma_asos:165,1977-06-22,1977-07-19,165,목포,0d7b8f1e7ca1054498102c876e9bab92c21ecf15d1bf2f43ed4ab764bf4a8910
1977,kma_asos:168,1977-06-22,1977-07-19,168,여수,0d7b8f1e7ca1054498102c876e9bab92c21ecf15d1bf2f43ed4ab764bf4a8910
1977,kma_asos:170,1977-06-22,1977-07-19,170,완도,0d7b8f1e7ca1054498102c876e9bab92c21ecf15d1bf2f43ed4ab764bf4a8910
1977,kma_asos:184,1977-06-15,1977-07-19,184,제주,0d7b8f1e7ca1054498102c876e9bab92c21ecf15d1bf2f43ed4ab764bf4a8910
1977,kma_asos:185,1977-06-15,1977-07-19,185,고산,0d7b8f1e7ca1054498102c876e9bab92c21ecf15d1bf2f43ed4ab764bf4a8910
1977,kma_asos:188,1977-06-15,1977-07-19,188,성산,0d7b8f1e7ca1054498102c876e9bab92c21ecf15d1bf2f43ed4ab764bf4a8910
1977,kma_asos:189,1977-06-15,1977-07-19,189,서귀포,0d7b8f1e7ca1054498102c876e9bab92c21ecf15d1bf2f43ed4ab764bf4a8910
1977,kma_asos:192,1977-06-22,1977-07-19,192,진주,0d7b8f1e7ca1054498102c876e9bab92c21ecf15d1bf2f43ed4ab764bf4a8910
1977,kma_asos:201,1977-06-23,1977-07-19,201,강화,0d7b8f1e7ca1054498102c876e9bab92c21ecf15d1bf2f43ed4ab764bf4a8910
1977,kma_asos:202,1977-06-23,1977-07-19,202,양평,0d7b8f1e7ca1054498102c876e9bab92c21ecf15d1bf2f43ed4ab764bf4a8910
1977,kma_asos:203,1977-06-23,1977-07-19,203,이천,0d7b8f1e7ca1054498102c876e9bab92c21ecf15d1bf2f43ed4ab764bf4a8910
1977,kma_asos:211,1977-06-23,1977-07-19,211,인제,0d7b8f1e7ca1054498102c876e9bab92c21ecf15d1bf2f43ed4ab764bf4a8910
1977,kma_asos:212,1977-06-23,1977-07-19,212,홍천,0d7b8f1e7ca1054498102c876e9bab92c21ecf15d1bf2f43ed4ab764bf4a8910
1977,kma_asos:216,1977-06-23,1977-07-19,216,태백,0d7b8f1e7ca1054498102c876e9bab92c21ecf15d1bf2f43ed4ab764bf4a8910
1977,kma_asos:221,1977-06-23,1977-07-19,221,제천,0d7b8f1e7ca1054498102c876e9bab92c21ecf15d1bf2f43ed4ab764bf4a8910
1977,kma_asos:226,1977-06-23,1977-07-19,226,보은,0d7b8f1e7ca1054498102c876e9bab92c21ecf15d1bf2f43ed4ab764bf4a8910
1977,kma_asos:232,1977-06-23,1977-07-19,232,천안,0d7b8f1e7ca1054498102c876e9bab92c21ecf15d1bf2f43ed4ab764bf4a8910
1977,kma_asos:235,1977-06-23,1977-07-19,235,보령,0d7b8f1e7ca1054498102c876e9bab92c21ecf15d1bf2f43ed4ab764bf4a8910
1977,kma_asos:236,1977-06-23,1977-07-19,236,부여,0d7b8f1e7ca1054498102c876e9bab92c21ecf15d1bf2f43ed4ab764bf4a8910
1977,kma_asos:238,1977-06-23,1977-07-19,238,금산,0d7b8f1e7ca1054498102c876e9bab92c21ecf15d1bf2f43ed4ab764bf4a8910
1977,kma_asos:243,1977-06-22,1977-07-19,243,부안,0d7b8f1e7ca1054498102c876e9bab92c21ecf15d1bf2f43ed4ab764bf4a8910
1977,kma_asos:244,1977-06-22,1977-07-19,244,임실,0d7b8f1e7ca1054498102c876e9bab92c21ecf15d1bf2f43ed4ab764bf4a8910
1977,kma_asos:245,1977-06-22,1977-07-19,245,정읍,0d7b8f1e7ca1054498102c876e9bab92c21ecf15d1bf2f43ed4ab764bf4a8910
1977,kma_asos:247,1977-06-22,1977-07-19,247,남원,0d7b8f1e7ca1054498102c876e9bab92c21ecf15d1bf2f43ed4ab764bf4a8910
1977,kma_asos:248,1977-06-22,1977-07-19,248,장수,0d7b8f1e7ca1054498102c876e9bab92c21ecf15d1bf2f43ed4ab764bf4a8910
1977,kma_asos:260,1977-06-22,1977-07-19,260,장흥,0d7b8f1e7ca1054498102c876e9bab92c21ecf15d1bf2f43ed4ab764bf4a8910
1977,kma_asos:261,1977-06-22,1977-07-19,261,해남,0d7b8f1e7ca1054498102c876e9bab92c21ecf15d1bf2f43ed4ab764bf4a8910
1977,kma_asos:262,1977-06-22,1977-07-19,262,고흥,0d7b8f1e7ca1054498102c876e9bab92c21ecf15d1bf2f43ed4ab764bf4a8910
1977,kma_asos:271,1977-06-22,1977-07-19,271,봉화,0d7b8f1e7ca1054498102c876e9bab92c21ecf15d1bf2f43ed4ab764bf4a8910
1977,kma_asos:272,1977-06-22,1977-07-19,272,영주,0d7b8f1e7ca1054498102c876e9bab92c21ecf15d1bf2f43ed4ab764bf4a8910
1977,kma_asos:273,1977-06-22,1977-07-19,273,문경,0d7b8f1e7ca1054498102c876e9bab92c21ecf15d1bf2f43ed4ab764bf4a8910
1977,kma_asos:277,1977-06-22,1977-07-19,277,영덕,0d7b8f1e7ca1054498102c876e9bab92c21ecf15d1bf2f43ed4ab764bf4a8910
1977,kma_asos:278,1977-06-22,1977-07-19,278,의성,0d7b8f1e7ca1054498102c876e9bab92c21ecf15d1bf2f43ed4ab764bf4a8910
1977,kma_asos:279,1977-06-22,1977-07-19,279,구미,0d7b8f1e7ca1054498102c876e9bab92c21ecf15d1bf2f43ed4ab764bf4a8910
1977,kma_asos:281,1977-06-22,1977-07-19,281,영천,0d7b8f1e7ca1054498102c876e9bab92c21ecf15d1bf2f43ed4ab764bf4a8910
1977,kma_asos:284,1977-06-22,1977-07-19,284,거창,0d7b8f1e7ca1054498102c876e9bab92c21ecf15d1bf2f43ed4ab764bf4a8910
1977,kma_asos:285,1977-06-22,1977-07-19,285,합천,0d7b8f1e7ca1054498102c876e9bab92c21ecf15d1bf2f43ed4ab764bf4a8910
1977,kma_asos:288,1977-06-22,1977-07-19,288,밀양,0d7b8f1e7ca1054498102c876e9bab92c21ecf15d1bf2f43ed4ab764bf4a8910
1977,kma_asos:289,1977-06-22,1977-07-19,289,산청,0d7b8f1e7ca1054498102c876e9bab92c21ecf15d1bf2f43ed4ab764bf4a8910
1977,kma_asos:294,1977-06-22,1977-07-19,294,거제,0d7b8f1e7ca1054498102c876e9bab92c21ecf15d1bf2f43ed4ab764bf4a8910
1977,kma_asos:295,1977-06-22,1977-07-19,295,남해,0d7b8f1e7ca1054498102c876e9bab92c21ecf15d1bf2f43ed4ab764bf4a8910
1978,kma_asos:90,1978-06-17,1978-07-20,90,속초,0d7b8f1e7ca1054498102c876e9bab92c21ecf15d1bf2f43ed4ab764bf4a8910
1978,kma_asos:95,1978-06-17,1978-07-20,95,철원,0d7b8f1e7ca1054498102c876e9bab92c21ecf15d1bf2f43ed4ab764bf4a8910
1978,kma_asos:100,1978-06-17,1978-07-20,100,대관령,0d7b8f1e7ca1054498102c876e9bab92c21ecf15d1bf2f43ed4ab764bf4a8910
1978,kma_asos:101,1978-06-17,1978-07-20,101,춘천,0d7b8f1e7ca1054498102c876e9bab92c21ecf15d1bf2f43ed4ab764bf4a8910
1978,kma_asos:105,1978-06-17,1978-07-20,105,강릉,0d7b8f1e7ca1054498102c876e9bab92c21ecf15d1bf2f43ed4ab764bf4a8910
1978,kma_asos:108,1978-06-17,1978-07-20,108,서울,0d7b8f1e7ca1054498102c876e9bab92c21ecf15d1bf2f43ed4ab764bf4a8910
1978,kma_asos:112,1978-06-17,1978-07-20,112,인천,0d7b8f1e7ca1054498102c876e9bab92c21ecf15d1bf2f43ed4ab764bf4a8910
1978,kma_asos:114,1978-06-17,1978-07-20,114,원주,0d7b8f1e7ca1054498102c876e9bab92c21ecf15d1bf2f43ed4ab764bf4a8910
1978,kma_asos:119,1978-06-17,1978-07-20,119,수원,0d7b8f1e7ca1054498102c876e9bab92c21ecf15d1bf2f43ed4ab764bf4a8910
1978,kma_asos:127,1978-06-17,1978-07-20,127,충주,0d7b8f1e7ca1054498102c876e9bab92c21ecf15d1bf2f43ed4ab764bf4a8910
1978,kma_asos:129,1978-06-17,1978-07-20,129,서산,0d7b8f1e7ca1054498102c876e9bab92c21ecf15d1bf2f43ed4ab764bf4a8910
1978,kma_asos:130,1978-06-15,1978-07-21,130,울진,0d7b8f1e7ca1054498102c876e9bab92c21ecf15d1bf2f43ed4ab764bf4a8910
1978,kma_asos:131,1978-06-17,1978-07-20,131,청주,0d7b8f1e7ca1054498102c876e9bab92c21ecf15d1bf2f43ed4ab764bf4a8910
1978,kma_asos:133,1978-06-17,1978-07-20,133,대전,0d7b8f1e7ca1054498102c876e9bab92c21ecf15d1bf2f43ed4ab764bf4a8910
1978,kma_asos:135,1978-06-17,1978-07-20,135,추풍령,0d7b8f1e7ca1054498102c876e9bab92c21ecf15d1bf2f43ed4ab764bf4a8910
1978,kma_asos:136,1978-06-15,1978-07-21,136,안동,0d7b8f1e7ca1054498102c876e9bab92c21ecf15d1bf2f43ed4ab764bf4a8910
1978,kma_asos:138,1978-06-15,1978-07-21,138,포항,0d7b8f1e7ca1054498102c876e9bab92c21ecf15d1bf2f43ed4ab764bf4a8910
1978,kma_asos:140,1978-06-15,1978-07-21,140,군산,0d7b8f1e7ca1054498102c876e9bab92c21ecf15d1bf2f43ed4ab764bf4a8910
1978,kma_asos:143,1978-06-15,1978-07-21,143,대구,0d7b8f1e7ca1054498102c876e9bab92c21ecf15d1bf2f43ed4ab764bf4a8910
1978,kma_asos:146,1978-06-15,1978-07-21,146,전주,0d7b8f1e7ca1054498102c876e9bab92c21ecf15d1bf2f43ed4ab764bf4a8910
1978,kma_asos:152,1978-06-15,1978-07-21,152,울산,0d7b8f1e7ca1054498102c876e9bab92c21ecf15d1bf2f43ed4ab764bf4a8910
1978,kma_asos:155,1978-06-15,1978-07-21,155,창원,0d7b8f1e7ca1054498102c876e9bab92c21ecf15d1bf2f43ed4ab764bf4a8910
1978,kma_asos:156,1978-06-15,1978-07-21,156,광주,0d7b8f1e7ca1054498102c876e9bab92c21ecf15d1bf2f43ed4ab764bf4a8910
1978,kma_asos:159,1978-06-15,1978-07-21,159,부산,0d7b8f1e7ca1054498102c876e9bab92c21ecf15d1bf2f43ed4ab764bf4a8910
1978,kma_asos:162,1978-06-15,1978-07-21,162,통영,0d7b8f1e7ca1054498102c876e9bab92c21ecf15d1bf2f43ed4ab764bf4a8910
1978,kma_asos:165,1978-06-15,1978-07-21,165,목포,0d7b8f1e7ca1054498102c876e9bab92c21ecf15d1bf2f43ed4ab764bf4a8910
1978,kma_asos:168,1978-06-15,1978-07-21,168,여수,0d7b8f1e7ca1054498102c876e9bab92c21ecf15d1bf2f43ed4ab764bf4a8910
1978,kma_asos:170,1978-06-15,1978-07-21,170,완도,0d7b8f1e7ca1054498102c876e9bab92c21ecf15d1bf2f43ed4ab764bf4a8910
1978,kma_asos:184,1978-06-15,1978-07-20,184,제주,0d7b8f1e7ca1054498102c876e9bab92c21ecf15d1bf2f43ed4ab764bf4a8910
1978,kma_asos:185,1978-06-15,1978-07-20,185,고산,0d7b8f1e7ca1054498102c876e9bab92c21ecf15d1bf2f43ed4ab764bf4a8910
1978,kma_asos:188,1978-06-15,1978-07-20,188,성산,0d7b8f1e7ca1054498102c876e9bab92c21ecf15d1bf2f43ed4ab764bf4a8910
1978,kma_asos:189,1978-06-15,1978-07-20,189,서귀포,0d7b8f1e7ca1054498102c876e9bab92c21ecf15d1bf2f43ed4ab764bf4a8910
1978,kma_asos:192,1978-06-15,1978-07-21,192,진주,0d7b8f1e7ca1054498102c876e9bab92c21ecf15d1bf2f43ed4ab764bf4a8910
1978,kma_asos:201,1978-06-17,1978-07-20,201,강화,0d7b8f1e7ca1054498102c876e9bab92c21ecf15d1bf2f43ed4ab764bf4a8910
1978,kma_asos:202,1978-06-17,1978-07-20,202,양평,0d7b8f1e7ca1054498102c876e9bab92c21ecf15d1bf2f43ed4ab764bf4a8910
1978,kma_asos:203,1978-06-17,1978-07-20,203,이천,0d7b8f1e7ca1054498102c876e9bab92c21ecf15d1bf2f43ed4ab764bf4a8910
1978,kma_asos:211,1978-06-17,1978-07-20,211,인제,0d7b8f1e7ca1054498102c876e9bab92c21ecf15d1bf2f43ed4ab764bf4a8910
1978,kma_asos:212,1978-06-17,1978-07-20,212,홍천,0d7b8f1e7ca1054498102c876e9bab92c21ecf15d1bf2f43ed4ab764bf4a8910
1978,kma_asos:216,1978-06-17,1978-07-20,216,태백,0d7b8f1e7ca1054498102c876e9bab92c21ecf15d1bf2f43ed4ab764bf4a8910
1978,kma_asos:221,1978-06-17,1978-07-20,221,제천,0d7b8f1e7ca1054498102c876e9bab92c21ecf15d1bf2f43ed4ab764bf4a8910
1978,kma_asos:226,1978-06-17,1978-07-20,226,보은,0d7b8f1e7ca1054498102c876e9bab92c21ecf15d1bf2f43ed4ab764bf4a8910
1978,kma_asos:232,1978-06-17,1978-07-20,232,천안,0d7b8f1e7ca1054498102c876e9bab92c21ecf15d1bf2f43ed4ab764bf4a8910
1978,kma_asos:235,1978-06-17,1978-07-20,235,보령,0d7b8f1e7ca1054498102c876e9bab92c21ecf15d1bf2f43ed4ab764bf4a8910
1978,kma_asos:236,1978-06-17,1978-07-20,236,부여,0d7b8f1e7ca1054498102c876e9bab92c21ecf15d1bf2f43ed4ab764bf4a8910
1978,kma_asos:238,1978-06-17,1978-07-20,238,금산,0d7b8f1e7ca1054498102c876e9bab92c21ecf15d1bf2f43ed4ab764bf4a8910
1978,kma_asos:243,1978-06-15,1978-07-21,243,부안,0d7b8f1e7ca1054498102c876e9bab92c21ecf15d1bf2f43ed4ab764bf4a8910
1978,kma_asos:244,1978-06-15,1978-07-21,244,임실,0d7b8f1e7ca1054498102c876e9bab92c21ecf15d1bf2f43ed4ab764bf4a8910
1978,kma_asos:245,1978-06-15,1978-07-21,245,정읍,0d7b8f1e7ca1054498102c876e9bab92c21ecf15d1bf2f43ed4ab764bf4a8910
1978,kma_asos:247,1978-06-15,1978-07-21,247,남원,0d7b8f1e7ca1054498102c876e9bab92c21ecf15d1bf2f43ed4ab764bf4a8910
1978,kma_asos:248,1978-06-15,1978-07-21,248,장수,0d7b8f1e7ca1054498102c876e9bab92c21ecf15d1bf2f43ed4ab764bf4a8910
1978,kma_asos:260,1978-06-15,1978-07-21,260,장흥,0d7b8f1e7ca1054498102c876e9bab92c21ecf15d1bf2f43ed4ab764bf4a8910
1978,kma_asos:261,1978-06-15,1978-07-21,261,해남,0d7b8f1e7ca1054498102c876e9bab92c21ecf15d1bf2f43ed4ab764bf4a8910
1978,kma_asos:262,1978-06-15,1978-07-21,262,고흥,0d7b8f1e7ca1054498102c876e9bab92c21ecf15d1bf2f43ed4ab764bf4a8910
1978,kma_asos:271,1978-06-15,1978-07-21,271,봉화,0d7b8f1e7ca1054498102c876e9bab92c21ecf15d1bf2f43ed4ab764bf4a8910
1978,kma_asos:272,1978-06-15,1978-07-21,272,영주,0d7b8f1e7ca1054498102c876e9bab92c21ecf15d1bf2f43ed4ab764bf4a8910
1978,kma_asos:273,1978-06-15,1978-07-21,273,문경,0d7b8f1e7ca1054498102c876e9bab92c21ecf15d1bf2f43ed4ab764bf4a8910
1978,kma_asos:277,1978-06-15,1978-07-21,277,영덕,0d7b8f1e7ca1054498102c876e9bab92c21ecf15d1bf2f43ed4ab764bf4a8910
1978,kma_asos:278,1978-06-15,1978-07-21,278,의성,0d7b8f1e7ca1054498102c876e9bab92c21ecf15d1bf2f43ed4ab764bf4a8910
1978,kma_asos:279,1978-06-15,1978-07-21,279,구미,0d7b8f1e7ca1054498102c876e9bab92c21ecf15d1bf2f43ed4ab764bf4a8910
1978,kma_asos:281,1978-06-15,1978-07-21,281,영천,0d7b8f1e7ca1054498102c876e9bab92c21ecf15d1bf2f43ed4ab764bf4a8910
1978,kma_asos:284,1978-06-15,1978-07-21,284,거창,0d7b8f1e7ca1054498102c876e9bab92c21ecf15d1bf2f43ed4ab764bf4a8910
1978,kma_asos:285,1978-06-15,1978-07-21,285,합천,0d7b8f1e7ca1054498102c876e9bab92c21ecf15d1bf2f43ed4ab764bf4a8910
1978,kma_asos:288,1978-06-15,1978-07-21,288,밀양,0d7b8f1e7ca1054498102c876e9bab92c21ecf15d1bf2f43ed4ab764bf4a8910
1978,kma_asos:289,1978-06-15,1978-07-21,289,산청,0d7b8f1e7ca1054498102c876e9bab92c21ecf15d1bf2f43ed4ab764bf4a8910
1978,kma_asos:294,1978-06-15,1978-07-21,294,거제,0d7b8f1e7ca1054498102c876e9bab92c21ecf15d1bf2f43ed4ab764bf4a8910
1978,kma_asos:295,1978-06-15,1978-07-21,295,남해,0d7b8f1e7ca1054498102c876e9bab92c21ecf15d1bf2f43ed4ab764bf4a8910
1979,kma_asos:90,1979-06-19,1979-07-23,90,속초,0d7b8f1e7ca1054498102c876e9bab92c21ecf15d1bf2f43ed4ab764bf4a8910
1979,kma_asos:95,1979-06-19,1979-07-23,95,철원,0d7b8f1e7ca1054498102c876e9bab92c21ecf15d1bf2f43ed4ab764bf4a8910
1979,kma_asos:100,1979-06-19,1979-07-23,100,대관령,0d7b8f1e7ca1054498102c876e9bab92c21ecf15d1bf2f43ed4ab764bf4a8910
1979,kma_asos:101,1979-06-19,1979-07-23,101,춘천,0d7b8f1e7ca1054498102c876e9bab92c21ecf15d1bf2f43ed4ab764bf4a8910
1979,kma_asos:105,1979-06-19,1979-07-23,105,강릉,0d7b8f1e7ca1054498102c876e9bab92c21ecf15d1bf2f43ed4ab764bf4a8910
1979,kma_asos:108,1979-06-19,1979-07-23,108,서울,0d7b8f1e7ca1054498102c876e9bab92c21ecf15d1bf2f43ed4ab764bf4a8910
1979,kma_asos:112,1979-06-19,1979-07-23,112,인천,0d7b8f1e7ca1054498102c876e9bab92c21ecf15d1bf2f43ed4ab764bf4a8910
1979,kma_asos:114,1979-06-19,1979-07-23,114,원주,0d7b8f1e7ca1054498102c876e9bab92c21ecf15d1bf2f43ed4ab764bf4a8910
1979,kma_asos:119,1979-06-19,1979-07-23,119,수원,0d7b8f1e7ca1054498102c876e9bab92c21ecf15d1bf2f43ed4ab764bf4a8910
1979,kma_asos:127,1979-06-19,1979-07-23,127,충주,0d7b8f1e7ca1054498102c876e9bab92c21ecf15d1bf2f43ed4ab764bf4a8910
1979,kma_asos:129,1979-06-19,1979-07-23,129,서산,0d7b8f1e7ca1054498102c876e9bab92c21ecf15d1bf2f43ed4ab764bf4a8910
1979,kma_asos:130,1979-06-19,1979-07-23,130,울진,0d7b8f1e7ca1054498102c876e9bab92c21ecf15d1bf2f43ed4ab764bf4a8910
1979,kma_asos:131,1979-06-19,1979-07-23,131,청주,0d7b8f1e7ca1054498102c876e9bab92c21ecf15d1bf2f43ed4ab764bf4a8910
1979,kma_asos:133,1979-06-19,1979-07-23,133,대전,0d7b8f1e7ca1054498102c876e9bab92c21ecf15d1bf2f43ed4ab764bf4a8910
1979,kma_asos:135,1979-06-19,1979-07-23,135,추풍령,0d7b8f1e7ca1054498102c876e9bab92c21ecf15d1bf2f43ed4ab764bf4a8910
1979,kma_asos:136,1979-06-19,1979-07-23,136,안동,0d7b8f1e7ca1054498102c876e9bab92c21ecf15d1bf2f43ed4ab764bf4a8910
1979,kma_asos:138,1979-06-19,1979-07-23,138,포항,0d7b8f1e7ca1054498102c876e9bab92c21ecf15d1bf2f43ed4ab764bf4a8910
1979,kma_asos:140,1979-06-19,1979-07-23,140,군산,0d7b8f1e7ca1054498102c876e9bab92c21ecf15d1bf2f43ed4ab764bf4a8910
1979,kma_asos:143,1979-06-19,1979-07-23,143,대구,0d7b8f1e7ca1054498102c876e9bab92c21ecf15d1bf2f43ed4ab764bf4a8910
1979,kma_asos:146,1979-06-19,1979-07-23,146,전주,0d7b8f1e7ca1054498102c876e9bab92c21ecf15d1bf2f43ed4ab764bf4a8910
1979,kma_asos:152,1979-06-19,1979-07-23,152,울산,0d7b8f1e7ca1054498102c876e9bab92c21ecf15d1bf2f43ed4ab764bf4a8910
1979,kma_asos:155,1979-06-19,1979-07-23,155,창원,0d7b8f1e7ca1054498102c876e9bab92c21ecf15d1bf2f43ed4ab764bf4a8910
1979,kma_asos:156,1979-06-19,1979-07-23,156,광주,0d7b8f1e7ca1054498102c876e9bab92c21ecf15d1bf2f43ed4ab764bf4a8910
1979,kma_asos:159,1979-06-19,1979-07-23,159,부산,0d7b8f1e7ca1054498102c876e9bab92c21ecf15d1bf2f43ed4ab764bf4a8910
1979,kma_asos:162,1979-06-19,1979-07-23,162,통영,0d7b8f1e7ca1054498102c876e9bab92c21ecf15d1bf2f43ed4ab764bf4a8910
1979,kma_asos:165,1979-06-19,1979-07-23,165,목포,0d7b8f1e7ca1054498102c876e9bab92c21ecf15d1bf2f43ed4ab764bf4a8910
1979,kma_asos:168,1979-06-19,1979-07-23,168,여수,0d7b8f1e7ca1054498102c876e9bab92c21ecf15d1bf2f43ed4ab764bf4a8910
1979,kma_asos:170,1979-06-19,1979-07-23,170,완도,0d7b8f1e7ca1054498102c876e9bab92c21ecf15d1bf2f43ed4ab764bf4a8910
1979,kma_asos:184,1979-06-15,1979-07-23,184,제주,0d7b8f1e7ca1054498102c876e9bab92c21ecf15d1bf2f43ed4ab764bf4a8910
1979,kma_asos:185,1979-06-15,1979-07-23,185,고산,0d7b8f1e7ca1054498102c876e9bab92c21ecf15d1bf2f43ed4ab764bf4a8910
1979,kma_asos:188,1979-06-15,1979-07-23,188,성산,0d7b8f1e7ca1054498102c876e9bab92c21ecf15d1bf2f43ed4ab764bf4a8910
1979,kma_asos:189,1979-06-15,1979-07-23,189,서귀포,0d7b8f1e7ca1054498102c876e9bab92c21ecf15d1bf2f43ed4ab764bf4a8910
1979,kma_asos:192,1979-06-19,1979-07-23,192,진주,0d7b8f1e7ca1054498102c876e9bab92c21ecf15d1bf2f43ed4ab764bf4a8910
1979,kma_asos:201,1979-06-19,1979-07-23,201,강화,0d7b8f1e7ca1054498102c876e9bab92c21ecf15d1bf2f43ed4ab764bf4a8910
1979,kma_asos:202,1979-06-19,1979-07-23,202,양평,0d7b8f1e7ca1054498102c876e9bab92c21ecf15d1bf2f43ed4ab764bf4a8910
1979,kma_asos:203,1979-06-19,1979-07-23,203,이천,0d7b8f1e7ca1054498102c876e9bab92c21ecf15d1bf2f43ed4ab764bf4a8910
1979,kma_asos:211,1979-06-19,1979-07-23,211,인제,0d7b8f1e7ca1054498102c876e9bab92c21ecf15d1bf2f43ed4ab764bf4a8910
1979,kma_asos:212,1979-06-19,1979-07-23,212,홍천,0d7b8f1e7ca1054498102c876e9bab92c21ecf15d1bf2f43ed4ab764bf4a8910
1979,kma_asos:216,1979-06-19,1979-07-23,216,태백,0d7b8f1e7ca1054498102c876e9bab92c21ecf15d1bf2f43ed4ab764bf4a8910
1979,kma_asos:221,1979-06-19,1979-07-23,221,제천,0d7b8f1e7ca1054498102c876e9bab92c21ecf15d1bf2f43ed4ab764bf4a8910
1979,kma_asos:226,1979-06-19,1979-07-23,226,보은,0d7b8f1e7ca1054498102c876e9bab92c21ecf15d1bf2f43ed4ab764bf4a8910
1979,kma_asos:232,1979-06-19,1979-07-23,232,천안,0d7b8f1e7ca1054498102c876e9bab92c21ecf15d1bf2f43ed4ab764bf4a8910
1979,kma_asos:235,1979-06-19,1979-07-23,235,보령,0d7b8f1e7ca1054498102c876e9bab92c21ecf15d1bf2f43ed4ab764bf4a8910
1979,kma_asos:236,1979-06-19,1979-07-23,236,부여,0d7b8f1e7ca1054498102c876e9bab92c21ecf15d1bf2f43ed4ab764bf4a8910
1979,kma_asos:238,1979-06-19,1979-07-23,238,금산,0d7b8f1e7ca1054498102c876e9bab92c21ecf15d1bf2f43ed4ab764bf4a8910
1979,kma_asos:243,1979-06-19,1979-07-23,243,부안,0d7b8f1e7ca1054498102c876e9bab92c21ecf15d1bf2f43ed4ab764bf4a8910
1979,kma_asos:244,1979-06-19,1979-07-23,244,임실,0d7b8f1e7ca1054498102c876e9bab92c21ecf15d1bf2f43ed4ab764bf4a8910
1979,kma_asos:245,1979-06-19,1979-07-23,245,정읍,0d7b8f1e7ca1054498102c876e9bab92c21ecf15d1bf2f43ed4ab764bf4a8910
1979,kma_asos:247,1979-06-19,1979-07-23,247,남원,0d7b8f1e7ca1054498102c876e9bab92c21ecf15d1bf2f43ed4ab764bf4a8910
1979,kma_asos:248,1979-06-19,1979-07-23,248,장수,0d7b8f1e7ca1054498102c876e9bab92c21ecf15d1bf2f43ed4ab764bf4a8910
1979,kma_asos:260,1979-06-19,1979-07-23,260,장흥,0d7b8f1e7ca1054498102c876e9bab92c21ecf15d1bf2f43ed4ab764bf4a8910
1979,kma_asos:261,1979-06-19,1979-07-23,261,해남,0d7b8f1e7ca1054498102c876e9bab92c21ecf15d1bf2f43ed4ab764bf4a8910
1979,kma_asos:262,1979-06-19,1979-07-23,262,고흥,0d7b8f1e7ca1054498102c876e9bab92c21ecf15d1bf2f43ed4ab764bf4a8910
1979,kma_asos:271,1979-06-19,1979-07-23,271,봉화,0d7b8f1e7ca1054498102c876e9bab92c21ecf15d1bf2f43ed4ab764bf4a8910
1979,kma_asos:272,1979-06-19,1979-07-23,272,영주,0d7b8f1e7ca1054498102c876e9bab92c21ecf15d1bf2f43ed4ab764bf4a8910
1979,kma_asos:273,1979-06-19,1979-07-23,273,문경,0d7b8f1e7ca1054498102c876e9bab92c21ecf15d1bf2f43ed4ab764bf4a8910
1979,kma_asos:277,1979-06-19,1979-07-23,277,영덕,0d7b8f1e7ca1054498102c876e9bab92c21ecf15d1bf2f43ed4ab764bf4a8910
1979,kma_asos:278,1979-06-19,1979-07-23,278,의성,0d7b8f1e7ca1054498102c876e9bab92c21ecf15d1bf2f43ed4ab764bf4a8910
1979,kma_asos:279,1979-06-19,1979-07-23,279,구미,0d7b8f1e7ca1054498102c876e9bab92c21ecf15d1bf2f43ed4ab764bf4a8910
1979,kma_asos:281,1979-06-19,1979-07-23,281,영천,0d7b8f1e7ca1054498102c876e9bab92c21ecf15d1bf2f43ed4ab764bf4a8910
1979,kma_asos:284,1979-06-19,1979-07-23,284,거창,0d7b8f1e7ca1054498102c876e9bab92c21ecf15d1bf2f43ed4ab764bf4a8910
1979,kma_asos:285,1979-06-19,1979-07-23,285,합천,0d7b8f1e7ca1054498102c876e9bab92c21ecf15d1bf2f43ed4ab764bf4a8910
1979,kma_asos:288,1979-06-19,1979-07-23,288,밀양,0d7b8f1e7ca1054498102c876e9bab92c21ecf15d1bf2f43ed4ab764bf4a8910
1979,kma_asos:289,1979-06-19,1979-07-23,289,산청,0d7b8f1e7ca1054498102c876e9bab92c21ecf15d1bf2f43ed4ab764bf4a8910
1979,kma_asos:294,1979-06-19,1979-07-23,294,거제,0d7b8f1e7ca1054498102c876e9bab92c21ecf15d1bf2f43ed4ab764bf4a8910
1979,kma_asos:295,1979-06-19,1979-07-23,295,남해,0d7b8f1e7ca1054498102c876e9bab92c21ecf15d1bf2f43ed4ab764bf4a8910
1980,kma_asos:90,1980-06-16,1980-07-30,90,속초,0d7b8f1e7ca1054498102c876e9bab92c21ecf15d1bf2f43ed4ab764bf4a8910
1980,kma_asos:95,1980-06-16,1980-07-30,95,철원,0d7b8f1e7ca1054498102c876e9bab92c21ecf15d1bf2f43ed4ab764bf4a8910
1980,kma_asos:100,1980-06-16,1980-07-30,100,대관령,0d7b8f1e7ca1054498102c876e9bab92c21ecf15d1bf2f43ed4ab764bf4a8910
1980,kma_asos:101,1980-06-16,1980-07-30,101,춘천,0d7b8f1e7ca1054498102c876e9bab92c21ecf15d1bf2f43ed4ab764bf4a8910
1980,kma_asos:105,1980-06-16,1980-07-30,105,강릉,0d7b8f1e7ca1054498102c876e9bab92c21ecf15d1bf2f43ed4ab764bf4a8910
1980,kma_asos:108,1980-06-16,1980-07-30,108,서울,0d7b8f1e7ca1054498102c876e9bab92c21ecf15d1bf2f43ed4ab764bf4a8910
1980,kma_asos:112,1980-06-16,1980-07-30,112,인천,0d7b8f1e7ca1054498102c876e9bab92c21ecf15d1bf2f43ed4ab764bf4a8910
1980,kma_asos:114,1980-06-16,1980-07-30,114,원주,0d7b8f1e7ca1054498102c876e9bab92c21ecf15d1bf2f43ed4ab764bf4a8910
1980,kma_asos:119,1980-06-16,1980-07-30,119,수원,0d7b8f1e7ca1054498102c876e9bab92c21ecf15d1bf2f43ed4ab764bf4a8910
1980,kma_asos:127,1980-06-16,1980-07-30,127,충주,0d7b8f1e7ca1054498102c876e9bab92c21ecf15d1bf2f43ed4ab764bf4a8910
1980,kma_asos:129,1980-06-16,1980-07-30,129,서산,0d7b8f1e7ca1054498102c876e9bab92c21ecf15d1bf2f43ed4ab764bf4a8910
1980,kma_asos:130,1980-06-16,1980-07-30,130,울진,0d7b8f1e7ca1054498102c876e9bab92c21ecf15d1bf2f43ed4ab764bf4a8910
1980,kma_asos:131,1980-06-16,1980-07-30,131,청주,0d7b8f1e7ca1054498102c876e9bab92c21ecf15d1bf2f43ed4ab764bf4a8910
1980,kma_asos:133,1980-06-16,1980-07-30,133,대전,0d7b8f1e7ca1054498102c876e9bab92c21ecf15d1bf2f43ed4ab764bf4a8910
1980,kma_asos:135,1980-06-16,1980-07-30,135,추풍령,0d7b8f1e7ca1054498102c876e9bab92c21ecf15d1bf2f43ed4ab764bf4a8910
1980,kma_asos:136,1980-06-16,1980-07-30,136,안동,0d7b8f1e7ca1054498102c876e9bab92c21ecf15d1bf2f43ed4ab764bf4a8910
1980,kma_asos:138,1980-06-16,1980-07-30,138,포항,0d7b8f1e7ca1054498102c876e9bab92c21ecf15d1bf2f43ed4ab764bf4a8910
1980,kma_asos:140,1980-06-16,1980-07-30,140,군산,0d7b8f1e7ca1054498102c876e9bab92c21ecf15d1bf2f43ed4ab764bf4a8910
1980,kma_asos:143,1980-06-16,1980-07-30,143,대구,0d7b8f1e7ca1054498102c876e9bab92c21ecf15d1bf2f43ed4ab764bf4a8910
1980,kma_asos:146,1980-06-16,1980-07-30,146,전주,0d7b8f1e7ca1054498102c876e9bab92c21ecf15d1bf2f43ed4ab764bf4a8910
1980,kma_asos:152,1980-06-16,1980-07-30,152,울산,0d7b8f1e7ca1054498102c876e9bab92c21ecf15d1bf2f43ed4ab764bf4a8910
1980,kma_asos:155,1980-06-16,1980-07-30,155,창원,0d7b8f1e7ca1054498102c876e9bab92c21ecf15d1bf2f43ed4ab764bf4a8910
1980,kma_asos:156,1980-06-16,1980-07-30,156,광주,0d7b8f1e7ca1054498102c876e9bab92c21ecf15d1bf2f43ed4ab764bf4a8910
1980,kma_asos:159,1980-06-16,1980-07-30,159,부산,0d7b8f1e7ca1054498102c876e9bab92c21ecf15d1bf2f43ed4ab764bf4a8910
1980,kma_asos:162,1980-06-16,1980-07-30,162,통영,0d7b8f1e7ca1054498102c876e9bab92c21ecf15d1bf2f43ed4ab764bf4a8910
1980,kma_asos:165,1980-06-16,1980-07-30,165,목포,0d7b8f1e7ca1054498102c876e9bab92c21ecf15d1bf2f43ed4ab764bf4a8910
1980,kma_asos:168,1980-06-16,1980-07-30,168,여수,0d7b8f1e7ca1054498102c876e9bab92c21ecf15d1bf2f43ed4ab764bf4a8910
1980,kma_asos:170,1980-06-16,1980-07-30,170,완도,0d7b8f1e7ca1054498102c876e9bab92c21ecf15d1bf2f43ed4ab764bf4a8910
1980,kma_asos:184,1980-06-16,1980-07-31,184,제주,0d7b8f1e7ca1054498102c876e9bab92c21ecf15d1bf2f43ed4ab764bf4a8910
1980,kma_asos:185,1980-06-16,1980-07-31,185,고산,0d7b8f1e7ca1054498102c876e9bab92c21ecf15d1bf2f43ed4ab764bf4a8910
1980,kma_asos:188,1980-06-16,1980-07-31,188,성산,0d7b8f1e7ca1054498102c876e9bab92c21ecf15d1bf2f43ed4ab764bf4a8910
1980,kma_asos:189,1980-06-16,1980-07-31,189,서귀포,0d7b8f1e7ca1054498102c876e9bab92c21ecf15d1bf2f43ed4ab764bf4a8910
1980,kma_asos:192,1980-06-16,1980-07-30,192,진주,0d7b8f1e7ca1054498102c876e9bab92c21ecf15d1bf2f43ed4ab764bf4a8910
1980,kma_asos:201,1980-06-16,1980-07-30,201,강화,0d7b8f1e7ca1054498102c876e9bab92c21ecf15d1bf2f43ed4ab764bf4a8910
1980,kma_asos:202,1980-06-16,1980-07-30,202,양평,0d7b8f1e7ca1054498102c876e9bab92c21ecf15d1bf2f43ed4ab764bf4a8910
1980,kma_asos:203,1980-06-16,1980-07-30,203,이천,0d7b8f1e7ca1054498102c876e9bab92c21ecf15d1bf2f43ed4ab764bf4a8910
1980,kma_asos:211,1980-06-16,1980-07-30,211,인제,0d7b8f1e7ca1054498102c876e9bab92c21ecf15d1bf2f43ed4ab764bf4a8910
1980,kma_asos:212,1980-06-16,1980-07-30,212,홍천,0d7b8f1e7ca1054498102c876e9bab92c21ecf15d1bf2f43ed4ab764bf4a8910
1980,kma_asos:216,1980-06-16,1980-07-30,216,태백,0d7b8f1e7ca1054498102c876e9bab92c21ecf15d1bf2f43ed4ab764bf4a8910
1980,kma_asos:221,1980-06-16,1980-07-30,221,제천,0d7b8f1e7ca1054498102c876e9bab92c21ecf15d1bf2f43ed4ab764bf4a8910
1980,kma_asos:226,1980-06-16,1980-07-30,226,보은,0d7b8f1e7ca1054498102c876e9bab92c21ecf15d1bf2f43ed4ab764bf4a8910
1980,kma_asos:232,1980-06-16,1980-07-30,232,천안,0d7b8f1e7ca1054498102c876e9bab92c21ecf15d1bf2f43ed4ab764bf4a8910
1980,kma_asos:235,1980-06-16,1980-07-30,235,보령,0d7b8f1e7ca1054498102c876e9bab92c21ecf15d1bf2f43ed4ab764bf4a8910
1980,kma_asos:236,1980-06-16,1980-07-30,236,부여,0d7b8f1e7ca1054498102c876e9bab92c21ecf15d1bf2f43ed4ab764bf4a8910
1980,kma_asos:238,1980-06-16,1980-07-30,238,금산,0d7b8f1e7ca1054498102c876e9bab92c21ecf15d1bf2f43ed4ab764bf4a8910
1980,kma_asos:243,1980-06-16,1980-07-30,243,부안,0d7b8f1e7ca1054498102c876e9bab92c21ecf15d1bf2f43ed4ab764bf4a8910
1980,kma_asos:244,1980-06-16,1980-07-30,244,임실,0d7b8f1e7ca1054498102c876e9bab92c21ecf15d1bf2f43ed4ab764bf4a8910
1980,kma_asos:245,1980-06-16,1980-07-30,245,정읍,0d7b8f1e7ca1054498102c876e9bab92c21ecf15d1bf2f43ed4ab764bf4a8910
1980,kma_asos:247,1980-06-16,1980-07-30,247,남원,0d7b8f1e7ca1054498102c876e9bab92c21ecf15d1bf2f43ed4ab764bf4a8910
1980,kma_asos:248,1980-06-16,1980-07-30,248,장수,0d7b8f1e7ca1054498102c876e9bab92c21ecf15d1bf2f43ed4ab764bf4a8910
1980,kma_asos:260,1980-06-16,1980-07-30,260,장흥,0d7b8f1e7ca1054498102c876e9bab92c21ecf15d1bf2f43ed4ab764bf4a8910
1980,kma_asos:261,1980-06-16,1980-07-30,261,해남,0d7b8f1e7ca1054498102c876e9bab92c21ecf15d1bf2f43ed4ab764bf4a8910
1980,kma_asos:262,1980-06-16,1980-07-30,262,고흥,0d7b8f1e7ca1054498102c876e9bab92c21ecf15d1bf2f43ed4ab764bf4a8910
1980,kma_asos:271,1980-06-16,1980-07-30,271,봉화,0d7b8f1e7ca1054498102c876e9bab92c21ecf15d1bf2f43ed4ab764bf4a8910
1980,kma_asos:272,1980-06-16,1980-07-30,272,영주,0d7b8f1e7ca1054498102c876e9bab92c21ecf15d1bf2f43ed4ab764bf4a8910
1980,kma_asos:273,1980-06-16,1980-07-30,273,문경,0d7b8f1e7ca1054498102c876e9bab92c21ecf15d1bf2f43ed4ab764bf4a8910
1980,kma_asos:277,1980-06-16,1980-07-30,277,영덕,0d7b8f1e7ca1054498102c876e9bab92c21ecf15d1bf2f43ed4ab764bf4a8910
1980,kma_asos:278,1980-06-16,1980-07-30,278,의성,0d7b8f1e7ca1054498102c876e9bab92c21ecf15d1bf2f43ed4ab764bf4a8910
1980,kma_asos:279,1980-06-16,1980-07-30,279,구미,0d7b8f1e7ca1054498102c876e9bab92c21ecf15d1bf2f43ed4ab764bf4a8910
1980,kma_asos:281,1980-06-16,1980-07-30,281,영천,0d7b8f1e7ca1054498102c876e9bab92c21ecf15d1bf2f43ed4ab764bf4a8910
1980,kma_asos:284,1980-06-16,1980-07-30,284,거창,0d7b8f1e7ca1054498102c876e9bab92c21ecf15d1bf2f43ed4ab764bf4a8910
1980,kma_asos:285,1980-06-16,1980-07-30,285,합천,0d7b8f1e7ca1054498102c876e9bab92c21ecf15d1bf2f43ed4ab764bf4a8910
1980,kma_asos:288,1980-06-16,1980-07-30,288,밀양,0d7b8f1e7ca1054498102c876e9bab92c21ecf15d1bf2f43ed4ab764bf4a8910
1980,kma_asos:289,1980-06-16,1980-07-30,289,산청,0d7b8f1e7ca1054498102c876e9bab92c21ecf15d1bf2f43ed4ab764bf4a8910
1980,kma_asos:294,1980-06-16,1980-07-30,294,거제,0d7b8f1e7ca1054498102c876e9bab92c21ecf15d1bf2f43ed4ab764bf4a8910
1980,kma_asos:295,1980-06-16,1980-07-30,295,남해,0d7b8f1e7ca1054498102c876e9bab92c21ecf15d1bf2f43ed4ab764bf4a8910
1981,kma_asos:90,1981-06-17,1981-07-14,90,속초,0d7b8f1e7ca1054498102c876e9bab92c21ecf15d1bf2f43ed4ab764bf4a8910
1981,kma_asos:95,1981-06-17,1981-07-14,95,철원,0d7b8f1e7ca1054498102c876e9bab92c21ecf15d1bf2f43ed4ab764bf4a8910
1981,kma_asos:100,1981-06-17,1981-07-14,100,대관령,0d7b8f1e7ca1054498102c876e9bab92c21ecf15d1bf2f43ed4ab764bf4a8910
1981,kma_asos:101,1981-06-17,1981-07-14,101,춘천,0d7b8f1e7ca1054498102c876e9bab92c21ecf15d1bf2f43ed4ab764bf4a8910
1981,kma_asos:105,1981-06-17,1981-07-14,105,강릉,0d7b8f1e7ca1054498102c876e9bab92c21ecf15d1bf2f43ed4ab764bf4a8910
1981,kma_asos:108,1981-06-17,1981-07-14,108,서울,0d7b8f1e7ca1054498102c876e9bab92c21ecf15d1bf2f43ed4ab764bf4a8910
1981,kma_asos:112,1981-06-17,1981-07-14,112,인천,0d7b8f1e7ca1054498102c876e9bab92c21ecf15d1bf2f43ed4ab764bf4a8910
1981,kma_asos:114,1981-06-17,1981-07-14,114,원주,0d7b8f1e7ca1054498102c876e9bab92c21ecf15d1bf2f43ed4ab764bf4a8910
1981,kma_asos:119,1981-06-17,1981-07-14,119,수원,0d7b8f1e7ca1054498102c876e9bab92c21ecf15d1bf2f43ed4ab764bf4a8910
1981,kma_asos:127,1981-06-17,1981-07-14,127,충주,0d7b8f1e7ca1054498102c876e9bab92c21ecf15d1bf2f43ed4ab764bf4a8910
1981,kma_asos:129,1981-06-17,1981-07-14,129,서산,0d7b8f1e7ca1054498102c876e9bab92c21ecf15d1bf2f43ed4ab764bf4a8910
1981,kma_asos:130,1981-06-19,1981-07-14,130,울진,0d7b8f1e7ca1054498102c876e9bab92c21ecf15d1bf2f43ed4ab764bf4a8910
1981,kma_asos:131,1981-06-17,1981-07-14,131,청주,0d7b8f1e7ca1054498102c876e9bab92c21ecf15d1bf2f43ed4ab764bf4a8910
1981,kma_asos:133,1981-06-17,1981-07-14,133,대전,0d7b8f1e7ca1054498102c876e9bab92c21ecf15d1bf2f43ed4ab764bf4a8910
1981,kma_asos:135,1981-06-17,1981-07-14,135,추풍령,0d7b8f1e7ca1054498102c876e9bab92c21ecf15d1bf2f43ed4ab764bf4a8910
1981,kma_asos:136,1981-06-19,1981-07-14,136,안동,0d7b8f1e7ca1054498102c876e9bab92c21ecf15d1bf2f43ed4ab764bf4a8910
1981,kma_asos:138,1981-06-19,1981-07-14,138,포항,0d7b8f1e7ca1054498102c876e9bab92c21ecf15d1bf2f43ed4ab764bf4a8910
1981,kma_asos:140,1981-06-19,1981-07-14,140,군산,0d7b8f1e7ca1054498102c876e9bab92c21ecf15d1bf2f43ed4ab764bf4a8910
1981,kma_asos:143,1981-06-19,1981-07-14,143,대구,0d7b8f1e7ca1054498102c876e9bab92c21ecf15d1bf2f43ed4ab764bf4a8910
1981,kma_asos:146,1981-06-19,1981-07-14,146,전주,0d7b8f1e7ca1054498102c876e9bab92c21ecf15d1bf2f43ed4ab764bf4a8910
1981,kma_asos:152,1981-06-19,1981-07-14,152,울산,0d7b8f1e7ca1054498102c876e9bab92c21ecf15d1bf2f43ed4ab764bf4a8910
1981,kma_asos:155,1981-06-19,1981-07-14,155,창원,0d7b8f1e7ca1054498102c876e9bab92c21ecf15d1bf2f43ed4ab764bf4a8910
1981,kma_asos:156,1981-06-19,1981-07-14,156,광주,0d7b8f1e7ca1054498102c876e9bab92c21ecf15d1bf2f43ed4ab764bf4a8910
1981,kma_asos:159,1981-06-19,1981-07-14,159,부산,0d7b8f1e7ca1054498102c876e9bab92c21ecf15d1bf2f43ed4ab764bf4a8910
1981,kma_asos:162,1981-06-19,1981-07-14,162,통영,0d7b8f1e7ca1054498102c876e9bab92c21ecf15d1bf2f43ed4ab764bf4a8910
1981,kma_asos:165,1981-06-19,1981-07-14,165,목포,0d7b8f1e7ca1054498102c876e9bab92c21ecf15d1bf2f43ed4ab764bf4a8910
1981,kma_asos:168,1981-06-19,1981-07-14,168,여수,0d7b8f1e7ca1054498102c876e9bab92c21ecf15d1bf2f43ed4ab764bf4a8910
1981,kma_asos:170,1981-06-19,1981-07-14,170,완도,0d7b8f1e7ca1054498102c876e9bab92c21ecf15d1bf2f43ed4ab764bf4a8910
1981,kma_asos:184,1981-06-19,1981-07-14,184,제주,0d7b8f1e7ca1054498102c876e9bab92c21ecf15d1bf2f43ed4ab764bf4a8910
1981,kma_asos:185,1981-06-19,1981-07-14,185,고산,0d7b8f1e7ca1054498102c876e9bab92c21ecf15d1bf2f43ed4ab764bf4a8910
1981,kma_asos:188,1981-06-19,1981-07-14,188,성산,0d7b8f1e7ca1054498102c876e9bab92c21ecf15d1bf2f43ed4ab764bf4a8910
1981,kma_asos:189,1981-06-19,1981-07-14,189,서귀포,0d7b8f1e7ca1054498102c876e9bab92c21ecf15d1bf2f43ed4ab764bf4a8910
1981,kma_asos:192,1981-06-19,1981-07-14,192,진주,0d7b8f1e7ca1054498102c876e9bab92c21ecf15d1bf2f43ed4ab764bf4a8910
1981,kma_asos:201,1981-06-17,1981-07-14,201,강화,0d7b8f1e7ca1054498102c876e9bab92c21ecf15d1bf2f43ed4ab764bf4a8910
1981,kma_asos:202,1981-06-17,1981-07-14,202,양평,0d7b8f1e7ca1054498102c876e9bab92c21ecf15d1bf2f43ed4ab764bf4a8910
1981,kma_asos:203,1981-06-17,1981-07-14,203,이천,0d7b8f1e7ca1054498102c876e9bab92c21ecf15d1bf2f43ed4ab764bf4a8910
1981,kma_asos:211,1981-06-17,1981-07-14,211,인제,0d7b8f1e7ca1054498102c876e9bab92c21ecf15d1bf2f43ed4ab764bf4a8910
1981,kma_asos:212,1981-06-17,1981-07-14,212,홍천,0d7b8f1e7ca1054498102c876e9bab92c21ecf15d1bf2f43ed4ab764bf4a8910
1981,kma_asos:216,1981-06-17,1981-07-14,216,태백,0d7b8f1e7ca1054498102c876e9bab92c21ecf15d1bf2f43ed4ab764bf4a8910
1981,kma_asos:221,1981-06-17,1981-07-14,221,제천,0d7b8f1e7ca1054498102c876e9bab92c21ecf15d1bf2f43ed4ab764bf4a8910
1981,kma_asos:226,1981-06-17,1981-07-14,226,보은,0d7b8f1e7ca1054498102c876e9bab92c21ecf15d1bf2f43ed4ab764bf4a8910
1981,kma_asos:232,1981-06-17,1981-07-14,232,천안,0d7b8f1e7ca1054498102c876e9bab92c21ecf15d1bf2f43ed4ab764bf4a8910
1981,kma_asos:235,1981-06-17,1981-07-14,235,보령,0d7b8f1e7ca1054498102c876e9bab92c21ecf15d1bf2f43ed4ab764bf4a8910
1981,kma_asos:236,1981-06-17,1981-07-14,236,부여,0d7b8f1e7ca1054498102c876e9bab92c21ecf15d1bf2f43ed4ab764bf4a8910
1981,kma_asos:238,1981-06-17,1981-07-14,238,금산,0d7b8f1e7ca1054498102c876e9bab92c21ecf15d1bf2f43ed4ab764bf4a8910
1981,kma_asos:243,1981-06-19,1981-07-14,243,부안,0d7b8f1e7ca1054498102c876e9bab92c21ecf15d1bf2f43ed4ab764bf4a8910
1981,kma_asos:244,1981-06-19,1981-07-14,244,임실,0d7b8f1e7ca1054498102c876e9bab92c21ecf15d1bf2f43ed4ab764bf4a8910
1981,kma_asos:245,1981-06-19,1981-07-14,245,정읍,0d7b8f1e7ca1054498102c876e9bab92c21ecf15d1bf2f43ed4ab764bf4a8910
1981,kma_asos:247,1981-06-19,1981-07-14,247,남원,0d7b8f1e7ca1054498102c876e9bab92c21ecf15d1bf2f43ed4ab764bf4a8910
1981,kma_asos:248,1981-06-19,1981-07-14,248,장수,0d7b8f1e7ca1054498102c876e9bab92c21ecf15d1bf2f43ed4ab764bf4a8910
1981,kma_asos:260,1981-06-19,1981-07-14,260,장흥,0d7b8f1e7ca1054498102c876e9bab92c21ecf15d1bf2f43ed4ab764bf4a8910
1981,kma_asos:261,1981-06-19,1981-07-14,261,해남,0d7b8f1e7ca1054498102c876e9bab92c21ecf15d1bf2f43ed4ab764bf4a8910
1981,kma_asos:262,1981-06-19,1981-07-14,262,고흥,0d7b8f1e7ca1054498102c876e9bab92c21ecf15d1bf2f43ed4ab764bf4a8910
1981,kma_asos:271,1981-06-19,1981-07-14,271,봉화,0d7b8f1e7ca1054498102c876e9bab92c21ecf15d1bf2f43ed4ab764bf4a8910
1981,kma_asos:272,1981-06-19,1981-07-14,272,영주,0d7b8f1e7ca1054498102c876e9bab92c21ecf15d1bf2f43ed4ab764bf4a8910
1981,kma_asos:273,1981-06-19,1981-07-14,273,문경,0d7b8f1e7ca1054498102c876e9bab92c21ecf15d1bf2f43ed4ab764bf4a8910
1981,kma_asos:277,1981-06-19,1981-07-14,277,영덕,0d7b8f1e7ca1054498102c876e9bab92c21ecf15d1bf2f43ed4ab764bf4a8910
1981,kma_asos:278,1981-06-19,1981-07-14,278,의성,0d7b8f1e7ca1054498102c876e9bab92c21ecf15d1bf2f43ed4ab764bf4a8910
1981,kma_asos:279,1981-06-19,1981-07-14,279,구미,0d7b8f1e7ca1054498102c876e9bab92c21ecf15d1bf2f43ed4ab764bf4a8910
1981,kma_asos:281,1981-06-19,1981-07-14,281,영천,0d7b8f1e7ca1054498102c876e9bab92c21ecf15d1bf2f43ed4ab764bf4a8910
1981,kma_asos:284,1981-06-19,1981-07-14,284,거창,0d7b8f1e7ca1054498102c876e9bab92c21ecf15d1bf2f43ed4ab764bf4a8910
1981,kma_asos:285,1981-06-19,1981-07-14,285,합천,0d7b8f1e7ca1054498102c876e9bab92c21ecf15d1bf2f43ed4ab764bf4a8910
1981,kma_asos:288,1981-06-19,1981-07-14,288,밀양,0d7b8f1e7ca1054498102c876e9bab92c21ecf15d1bf2f43ed4ab764bf4a8910
1981,kma_asos:289,1981-06-19,1981-07-14,289,산청,0d7b8f1e7ca1054498102c876e9bab92c21ecf15d1bf2f43ed4ab764bf4a8910
1981,kma_asos:294,1981-06-19,1981-07-14,294,거제,0d7b8f1e7ca1054498102c876e9bab92c21ecf15d1bf2f43ed4ab764bf4a8910
1981,kma_asos:295,1981-06-19,1981-07-14,295,남해,0d7b8f1e7ca1054498102c876e9bab92c21ecf15d1bf2f43ed4ab764bf4a8910
1982,kma_asos:90,1982-07-10,1982-07-29,90,속초,0d7b8f1e7ca1054498102c876e9bab92c21ecf15d1bf2f43ed4ab764bf4a8910
1982,kma_asos:95,1982-07-10,1982-07-29,95,철원,0d7b8f1e7ca1054498102c876e9bab92c21ecf15d1bf2f43ed4ab764bf4a8910
1982,kma_asos:100,1982-07-10,1982-07-29,100,대관령,0d7b8f1e7ca1054498102c876e9bab92c21ecf15d1bf2f43ed4ab764bf4a8910
1982,kma_asos:101,1982-07-10,1982-07-29,101,춘천,0d7b8f1e7ca1054498102c876e9bab92c21ecf15d1bf2f43ed4ab764bf4a8910
1982,kma_asos:105,1982-07-10,1982-07-29,105,강릉,0d7b8f1e7ca1054498102c876e9bab92c21ecf15d1bf2f43ed4ab764bf4a8910
1982,kma_asos:108,1982-07-10,1982-07-29,108,서울,0d7b8f1e7ca1054498102c876e9bab92c21ecf15d1bf2f43ed4ab764bf4a8910
1982,kma_asos:112,1982-07-10,1982-07-29,112,인천,0d7b8f1e7ca1054498102c876e9bab92c21ecf15d1bf2f43ed4ab764bf4a8910
1982,kma_asos:114,1982-07-10,1982-07-29,114,원주,0d7b8f1e7ca1054498102c876e9bab92c21ecf15d1bf2f43ed4ab764bf4a8910
1982,kma_asos:119,1982-07-10,1982-07-29,119,수원,0d7b8f1e7ca1054498102c876e9bab92c21ecf15d1bf2f43ed4ab764bf4a8910
1982,kma_asos:127,1982-07-10,1982-07-29,127,충주,0d7b8f1e7ca1054498102c876e9bab92c21ecf15d1bf2f43ed4ab764bf4a8910
1982,kma_asos:129,1982-07-10,1982-07-29,129,서산,0d7b8f1e7ca1054498102c876e9bab92c21ecf15d1bf2f43ed4ab764bf4a8910
1982,kma_asos:130,1982-07-07,1982-07-29,130,울진,0d7b8f1e7ca1054498102c876e9bab92c21ecf15d1bf2f43ed4ab764bf4a8910
1982,kma_asos:131,1982-07-10,1982-07-29,131,청주,0d7b8f1e7ca1054498102c876e9bab92c21ecf15d1bf2f43ed4ab764bf4a8910
1982,kma_asos:133,1982-07-10,1982-07-29,133,대전,0d7b8f1e7ca1054498102c876e9bab92c21ecf15d1bf2f43ed4ab764bf4a8910
1982,kma_asos:135,1982-07-10,1982-07-29,135,추풍령,0d7b8f1e7ca1054498102c876e9bab92c21ecf15d1bf2f43ed4ab764bf4a8910
1982,kma_asos:136,1982-07-07,1982-07-29,136,안동,0d7b8f1e7ca1054498102c876e9bab92c21ecf15d1bf2f43ed4ab764bf4a8910
1982,kma_asos:138,1982-07-07,1982-07-29,138,포항,0d7b8f1e7ca1054498102c876e9bab92c21ecf15d1bf2f43ed4ab764bf4a8910
1982,kma_asos:140,1982-07-07,1982-07-29,140,군산,0d7b8f1e7ca1054498102c876e9bab92c21ecf15d1bf2f43ed4ab764bf4a8910
1982,kma_asos:143,1982-07-07,1982-07-29,143,대구,0d7b8f1e7ca1054498102c876e9bab92c21ecf15d1bf2f43ed4ab764bf4a8910
1982,kma_asos:146,1982-07-07,1982-07-29,146,전주,0d7b8f1e7ca1054498102c876e9bab92c21ecf15d1bf2f43ed4ab764bf4a8910
1982,kma_asos:152,1982-07-07,1982-07-29,152,울산,0d7b8f1e7ca1054498102c876e9bab92c21ecf15d1bf2f43ed4ab764bf4a8910
1982,kma_asos:155,1982-07-07,1982-07-29,155,창원,0d7b8f1e7ca1054498102c876e9bab92c21ecf15d1bf2f43ed4ab764bf4a8910
1982,kma_asos:156,1982-07-07,1982-07-29,156,광주,0d7b8f1e7ca1054498102c876e9bab92c21ecf15d1bf2f43ed4ab764bf4a8910
1982,kma_asos:159,1982-07-07,1982-07-29,159,부산,0d7b8f1e7ca1054498102c876e9bab92c21ecf15d1bf2f43ed4ab764bf4a8910
1982,kma_asos:162,1982-07-07,1982-07-29,162,통영,0d7b8f1e7ca1054498102c876e9bab92c21ecf15d1bf2f43ed4ab764bf4a8910
1982,kma_asos:165,1982-07-07,1982-07-29,165,목포,0d7b8f1e7ca1054498102c876e9bab92c21ecf15d1bf2f43ed4ab764bf4a8910
1982,kma_asos:168,1982-07-07,1982-07-29,168,여수,0d7b8f1e7ca1054498102c876e9bab92c21ecf15d1bf2f43ed4ab764bf4a8910
1982,kma_asos:170,1982-07-07,1982-07-29,170,완도,0d7b8f1e7ca1054498102c876e9bab92c21ecf15d1bf2f43ed4ab764bf4a8910
1982,kma_asos:184,1982-07-05,1982-07-29,184,제주,0d7b8f1e7ca1054498102c876e9bab92c21ecf15d1bf2f43ed4ab764bf4a8910
1982,kma_asos:185,1982-07-05,1982-07-29,185,고산,0d7b8f1e7ca1054498102c876e9bab92c21ecf15d1bf2f43ed4ab764bf4a8910
1982,kma_asos:188,1982-07-05,1982-07-29,188,성산,0d7b8f1e7ca1054498102c876e9bab92c21ecf15d1bf2f43ed4ab764bf4a8910
1982,kma_asos:189,1982-07-05,1982-07-29,189,서귀포,0d7b8f1e7ca1054498102c876e9bab92c21ecf15d1bf2f43ed4ab764bf4a8910
1982,kma_asos:192,1982-07-07,1982-07-29,192,진주,0d7b8f1e7ca1054498102c876e9bab92c21ecf15d1bf2f43ed4ab764bf4a8910
1982,kma_asos:201,1982-07-10,1982-07-29,201,강화,0d7b8f1e7ca1054498102c876e9bab92c21ecf15d1bf2f43ed4ab764bf4a8910
1982,kma_asos:202,1982-07-10,1982-07-29,202,양평,0d7b8f1e7ca1054498102c876e9bab92c21ecf15d1bf2f43ed4ab764bf4a8910
1982,kma_asos:203,1982-07-10,1982-07-29,203,이천,0d7b8f1e7ca1054498102c876e9bab92c21ecf15d1bf2f43ed4ab764bf4a8910
1982,kma_asos:211,1982-07-10,1982-07-29,211,인제,0d7b8f1e7ca1054498102c876e9bab92c21ecf15d1bf2f43ed4ab764bf4a8910
1982,kma_asos:212,1982-07-10,1982-07-29,212,홍천,0d7b8f1e7ca1054498102c876e9bab92c21ecf15d1bf2f43ed4ab764bf4a8910
1982,kma_asos:216,1982-07-10,1982-07-29,216,태백,0d7b8f1e7ca1054498102c876e9bab92c21ecf15d1bf2f43ed4ab764bf4a8910
1982,kma_asos:221,1982-07-10,1982-07-29,221,제천,0d7b8f1e7ca1054498102c876e9bab92c21ecf15d1bf2f43ed4ab764bf4a8910
1982,kma_asos:226,1982-07-10,1982-07-29,226,보은,0d7b8f1e7ca1054498102c876e9bab92c21ecf15d1bf2f43ed4ab764bf4a8910
1982,kma_asos:232,1982-07-10,1982-07-29,232,천안,0d7b8f1e7ca1054498102c876e9bab92c21ecf15d1bf2f43ed4ab764bf4a8910
1982,kma_asos:235,1982-07-10,1982-07-29,235,보령,0d7b8f1e7ca1054498102c876e9bab92c21ecf15d1bf2f43ed4ab764bf4a8910
1982,kma_asos:236,1982-07-10,1982-07-29,236,부여,0d7b8f1e7ca1054498102c876e9bab92c21ecf15d1bf2f43ed4ab764bf4a8910
1982,kma_asos:238,1982-07-10,1982-07-29,238,금산,0d7b8f1e7ca1054498102c876e9bab92c21ecf15d1bf2f43ed4ab764bf4a8910
1982,kma_asos:243,1982-07-07,1982-07-29,243,부안,0d7b8f1e7ca1054498102c876e9bab92c21ecf15d1bf2f43ed4ab764bf4a8910
1982,kma_asos:244,1982-07-07,1982-07-29,244,임실,0d7b8f1e7ca1054498102c876e9bab92c21ecf15d1bf2f43ed4ab764bf4a8910
1982,kma_asos:245,1982-07-07,1982-07-29,245,정읍,0d7b8f1e7ca1054498102c876e9bab92c21ecf15d1bf2f43ed4ab764bf4a8910
1982,kma_asos:247,1982-07-07,1982-07-29,247,남원,0d7b8f1e7ca1054498102c876e9bab92c21ecf15d1bf2f43ed4ab764bf4a8910
1982,kma_asos:248,1982-07-07,1982-07-29,248,장수,0d7b8f1e7ca1054498102c876e9bab92c21ecf15d1bf2f43ed4ab764bf4a8910
1982,kma_asos:260,1982-07-07,1982-07-29,260,장흥,0d7b8f1e7ca1054498102c876e9bab92c21ecf15d1bf2f43ed4ab764bf4a8910
1982,kma_asos:261,1982-07-07,1982-07-29,261,해남,0d7b8f1e7ca1054498102c876e9bab92c21ecf15d1bf2f43ed4ab764bf4a8910
1982,kma_asos:262,1982-07-07,1982-07-29,262,고흥,0d7b8f1e7ca1054498102c876e9bab92c21ecf15d1bf2f43ed4ab764bf4a8910
1982,kma_asos:271,1982-07-07,1982-07-29,271,봉화,0d7b8f1e7ca1054498102c876e9bab92c21ecf15d1bf2f43ed4ab764bf4a8910
1982,kma_asos:272,1982-07-07,1982-07-29,272,영주,0d7b8f1e7ca1054498102c876e9bab92c21ecf15d1bf2f43ed4ab764bf4a8910
1982,kma_asos:273,1982-07-07,1982-07-29,273,문경,0d7b8f1e7ca1054498102c876e9bab92c21ecf15d1bf2f43ed4ab764bf4a8910
1982,kma_asos:277,1982-07-07,1982-07-29,277,영덕,0d7b8f1e7ca1054498102c876e9bab92c21ecf15d1bf2f43ed4ab764bf4a8910
1982,kma_asos:278,1982-07-07,1982-07-29,278,의성,0d7b8f1e7ca1054498102c876e9bab92c21ecf15d1bf2f43ed4ab764bf4a8910
1982,kma_asos:279,1982-07-07,1982-07-29,279,구미,0d7b8f1e7ca1054498102c876e9bab92c21ecf15d1bf2f43ed4ab764bf4a8910
1982,kma_asos:281,1982-07-07,1982-07-29,281,영천,0d7b8f1e7ca1054498102c876e9bab92c21ecf15d1bf2f43ed4ab764bf4a8910
1982,kma_asos:284,1982-07-07,1982-07-29,284,거창,0d7b8f1e7ca1054498102c876e9bab92c21ecf15d1bf2f43ed4ab764bf4a8910
1982,kma_asos:285,1982-07-07,1982-07-29,285,합천,0d7b8f1e7ca1054498102c876e9bab92c21ecf15d1bf2f43ed4ab764bf4a8910
1982,kma_asos:288,1982-07-07,1982-07-29,288,밀양,0d7b8f1e7ca1054498102c876e9bab92c21ecf15d1bf2f43ed4ab764bf4a8910
1982,kma_asos:289,1982-07-07,1982-07-29,289,산청,0d7b8f1e7ca1054498102c876e9bab92c21ecf15d1bf2f43ed4ab764bf4a8910
1982,kma_asos:294,1982-07-07,1982-07-29,294,거제,0d7b8f1e7ca1054498102c876e9bab92c21ecf15d1bf2f43ed4ab764bf4a8910
1982,kma_asos:295,1982-07-07,1982-07-29,295,남해,0d7b8f1e7ca1054498102c876e9bab92c21ecf15d1bf2f43ed4ab764bf4a8910
1983,kma_asos:90,1983-06-19,1983-07-25,90,속초,0d7b8f1e7ca1054498102c876e9bab92c21ecf15d1bf2f43ed4ab764bf4a8910
1983,kma_asos:95,1983-06-19,1983-07-25,95,철원,0d7b8f1e7ca1054498102c876e9bab92c21ecf15d1bf2f43ed4ab764bf4a8910
1983,kma_asos:100,1983-06-19,1983-07-25,100,대관령,0d7b8f1e7ca1054498102c876e9bab92c21ecf15d1bf2f43ed4ab764bf4a8910
1983,kma_asos:101,1983-06-19,1983-07-25,101,춘천,0d7b8f1e7ca1054498102c876e9bab92c21ecf15d1bf2f43ed4ab764bf4a8910
1983,kma_asos:105,1983-06-19,1983-07-25,105,강릉,0d7b8f1e7ca1054498102c876e9bab92c21ecf15d1bf2f43ed4ab764bf4a8910
1983,kma_asos:108,1983-06-19,1983-07-25,108,서울,0d7b8f1e7ca1054498102c876e9bab92c21ecf15d1bf2f43ed4ab764bf4a8910
1983,kma_asos:112,1983-06-19,1983-07-25,112,인천,0d7b8f1e7ca1054498102c876e9bab92c21ecf15d1bf2f43ed4ab764bf4a8910
1983,kma_asos:114,1983-06-19,1983-07-25,114,원주,0d7b8f1e7ca1054498102c876e9bab92c21ecf15d1bf2f43ed4ab764bf4a8910
1983,kma_asos:119,1983-06-19,1983-07-25,119,수원,0d7b8f1e7ca1054498102c876e9bab92c21ecf15d1bf2f43ed4ab764bf4a8910
1983,kma_asos:127,1983-06-19,1983-07-25,127,충주,0d7b8f1e7ca1054498102c876e9bab92c21ecf15d1bf2f43ed4ab764bf4a8910
1983,kma_asos:129,1983-06-19,1983-07-25,129,서산,0d7b8f1e7ca1054498102c876e9bab92c21ecf15d1bf2f43ed4ab764bf4a8910
1983,kma_asos:130,1983-06-19,1983-07-24,130,울진,0d7b8f1e7ca1054498102c876e9bab92c21ecf15d1bf2f43ed4ab764bf4a8910
1983,kma_asos:131,1983-06-19,1983-07-25,131,청주,0d7b8f1e7ca1054498102c876e9bab92c21ecf15d1bf2f43ed4ab764bf4a8910
1983,kma_asos:133,1983-06-19,1983-07-25,133,대전,0d7b8f1e7ca1054498102c876e9bab92c21ecf15d1bf2f43ed4ab764bf4a8910
1983,kma_asos:135,1983-06-19,1983-07-25,135,추풍령,0d7b8f1e7ca1054498102c876e9bab92c21ecf15d1bf2f43ed4ab764bf4a8910
1983,kma_asos:136,1983-06-19,1983-07-24,136,안동,0d7b8f1e7ca1054498102c876e9bab92c21ecf15d1bf2f43ed4ab764bf4a8910
1983,kma_asos:138,1983-06-19,1983-07-24,138,포항,0d7b8f1e7ca1054498102c876e9bab92c21ecf15d1bf2f43ed4ab764bf4a8910
1983,kma_asos:140,1983-06-19,1983-07-24,140,군산,0d7b8f1e7ca1054498102c876e9bab92c21ecf15d1bf2f43ed4ab764bf4a8910
1983,kma_asos:143,1983-06-19,1983-07-24,143,대구,0d7b8f1e7ca1054498102c876e9bab92c21ecf15d1bf2f43ed4ab764bf4a8910
1983,kma_asos:146,1983-06-19,1983-07-24,146,전주,0d7b8f1e7ca1054498102c876e9bab92c21ecf15d1bf2f43ed4ab764bf4a8910
1983,kma_asos:152,1983-06-19,1983-07-24,152,울산,0d7b8f1e7ca1054498102c876e9bab92c21ecf15d1bf2f43ed4ab764bf4a8910
1983,kma_asos:155,1983-06-19,1983-07-24,155,창원,0d7b8f1e7ca1054498102c876e9bab92c21ecf15d1bf2f43ed4ab764bf4a8910
1983,kma_asos:156,1983-06-19,1983-07-24,156,광주,0d7b8f1e7ca1054498102c876e9bab92c21ecf15d1bf2f43ed4ab764bf4a8910
1983,kma_asos:159,1983-06-19,1983-07-24,159,부산,0d7b8f1e7ca1054498102c876e9bab92c21ecf15d1bf2f43ed4ab764bf4a8910
1983,kma_asos:162,1983-06-19,1983-07-24,162,통영,0d7b8f1e7ca1054498102c876e9bab92c21ecf15d1bf2f43ed4ab764bf4a8910
1983,kma_asos:165,1983-06-19,1983-07-24,165,목포,0d7b8f1e7ca1054498102c876e9bab92c21ecf15d1bf2f43ed4ab764bf4a8910
1983,kma_asos:168,1983-06-19,1983-07-24,168,여수,0d7b8f1e7ca1054498102c876e9bab92c21ecf15d1bf2f43ed4ab764bf4a8910
1983,kma_asos:170,1983-06-19,1983-07-24,170,완도,0d7b8f1e7ca1054498102c876e9bab92c21ecf15d1bf2f43ed4ab764bf4a8910
1983,kma_asos:184,1983-06-19,1983-07-23,184,제주,0d7b8f1e7ca1054498102c876e9bab92c21ecf15d1bf2f43ed4ab764bf4a8910
1983,kma_asos:185,1983-06-19,1983-07-23,185,고산,0d7b8f1e7ca1054498102c876e9bab92c21ecf15d1bf2f43ed4ab764bf4a8910
1983,kma_asos:188,1983-06-19,1983-07-23,188,성산,0d7b8f1e7ca1054498102c876e9bab92c21ecf15d1bf2f43ed4ab764bf4a8910
1983,kma_asos:189,1983-06-19,1983-07-23,189,서귀포,0d7b8f1e7ca1054498102c876e9bab92c21ecf15d1bf2f43ed4ab764bf4a8910
1983,kma_asos:192,1983-06-19,1983-07-24,192,진주,0d7b8f1e7ca1054498102c876e9bab92c21ecf15d1bf2f43ed4ab764bf4a8910
1983,kma_asos:201,1983-06-19,1983-07-25,201,강화,0d7b8f1e7ca1054498102c876e9bab92c21ecf15d1bf2f43ed4ab764bf4a8910
1983,kma_asos:202,1983-06-19,1983-07-25,202,양평,0d7b8f1e7ca1054498102c876e9bab92c21ecf15d1bf2f43ed4ab764bf4a8910
1983,kma_asos:203,1983-06-19,1983-07-25,203,이천,0d7b8f1e7ca1054498102c876e9bab92c21ecf15d1bf2f43ed4ab764bf4a8910
1983,kma_asos:211,1983-06-19,1983-07-25,211,인제,0d7b8f1e7ca1054498102c876e9bab92c21ecf15d1bf2f43ed4ab764bf4a8910
1983,kma_asos:212,1983-06-19,1983-07-25,212,홍천,0d7b8f1e7ca1054498102c876e9bab92c21ecf15d1bf2f43ed4ab764bf4a8910
1983,kma_asos:216,1983-06-19,1983-07-25,216,태백,0d7b8f1e7ca1054498102c876e9bab92c21ecf15d1bf2f43ed4ab764bf4a8910
1983,kma_asos:221,1983-06-19,1983-07-25,221,제천,0d7b8f1e7ca1054498102c876e9bab92c21ecf15d1bf2f43ed4ab764bf4a8910
1983,kma_asos:226,1983-06-19,1983-07-25,226,보은,0d7b8f1e7ca1054498102c876e9bab92c21ecf15d1bf2f43ed4ab764bf4a8910
1983,kma_asos:232,1983-06-19,1983-07-25,232,천안,0d7b8f1e7ca1054498102c876e9bab92c21ecf15d1bf2f43ed4ab764bf4a8910
1983,kma_asos:235,1983-06-19,1983-07-25,235,보령,0d7b8f1e7ca1054498102c876e9bab92c21ecf15d1bf2f43ed4ab764bf4a8910
1983,kma_asos:236,1983-06-19,1983-07-25,236,부여,0d7b8f1e7ca1054498102c876e9bab92c21ecf15d1bf2f43ed4ab764bf4a8910
1983,kma_asos:238,1983-06-19,1983-07-25,238,금산,0d7b8f1e7ca1054498102c876e9bab92c21ecf15d1bf2f43ed4ab764bf4a8910
1983,kma_asos:243,1983-06-19,1983-07-24,243,부안,0d7b8f1e7ca1054498102c876e9bab92c21ecf15d1bf2f43ed4ab764bf4a8910
1983,kma_asos:244,1983-06-19,1983-07-24,244,임실,0d7b8f1e7ca1054498102c876e9bab92c21ecf15d1bf2f43ed4ab764bf4a8910
1983,kma_asos:245,1983-06-19,1983-07-24,245,정읍,0d7b8f1e7ca1054498102c876e9bab92c21ecf15d1bf2f43ed4ab764bf4a8910
1983,kma_asos:247,1983-06-19,1983-07-24,247,남원,0d7b8f1e7ca1054498102c876e9bab92c21ecf15d1bf2f43ed4ab764bf4a8910
1983,kma_asos:248,1983-06-19,1983-07-24,248,장수,0d7b8f1e7ca1054498102c876e9bab92c21ecf15d1bf2f43ed4ab764bf4a8910
1983,kma_asos:260,1983-06-19,1983-07-24,260,장흥,0d7b8f1e7ca1054498102c876e9bab92c21ecf15d1bf2f43ed4ab764bf4a8910
1983,kma_asos:261,1983-06-19,1983-07-24,261,해남,0d7b8f1e7ca1054498102c876e9bab92c21ecf15d1bf2f43ed4ab764bf4a8910
1983,kma_asos:262,1983-06-19,1983-07-24,262,고흥,0d7b8f1e7ca1054498102c876e9bab92c21ecf15d1bf2f43ed4ab764bf4a8910
1983,kma_asos:271,1983-06-19,1983-07-24,271,봉화,0d7b8f1e7ca1054498102c876e9bab92c21ecf15d1bf2f43ed4ab764bf4a8910
1983,kma_asos:272,1983-06-19,1983-07-24,272,영주,0d7b8f1e7ca1054498102c876e9bab92c21ecf15d1bf2f43ed4ab764bf4a8910
1983,kma_asos:273,1983-06-19,1983-07-24,273,문경,0d7b8f1e7ca1054498102c876e9bab92c21ecf15d1bf2f43ed4ab764bf4a8910
1983,kma_asos:277,1983-06-19,1983-07-24,277,영덕,0d7b8f1e7ca1054498102c876e9bab92c21ecf15d1bf2f43ed4ab764bf4a8910
1983,kma_asos:278,1983-06-19,1983-07-24,278,의성,0d7b8f1e7ca1054498102c876e9bab92c21ecf15d1bf2f43ed4ab764bf4a8910
1983,kma_asos:279,1983-06-19,1983-07-24,279,구미,0d7b8f1e7ca1054498102c876e9bab92c21ecf15d1bf2f43ed4ab764bf4a8910
1983,kma_asos:281,1983-06-19,1983-07-24,281,영천,0d7b8f1e7ca1054498102c876e9bab92c21ecf15d1bf2f43ed4ab764bf4a8910
1983,kma_asos:284,1983-06-19,1983-07-24,284,거창,0d7b8f1e7ca1054498102c876e9bab92c21ecf15d1bf2f43ed4ab764bf4a8910
1983,kma_asos:285,1983-06-19,1983-07-24,285,합천,0d7b8f1e7ca1054498102c876e9bab92c21ecf15d1bf2f43ed4ab764bf4a8910
1983,kma_asos:288,1983-06-19,1983-07-24,288,밀양,0d7b8f1e7ca1054498102c876e9bab92c21ecf15d1bf2f43ed4ab764bf4a8910
1983,kma_asos:289,1983-06-19,1983-07-24,289,산청,0d7b8f1e7ca1054498102c876e9bab92c21ecf15d1bf2f43ed4ab764bf4a8910
1983,kma_asos:294,1983-06-19,1983-07-24,294,거제,0d7b8f1e7ca1054498102c876e9bab92c21ecf15d1bf2f43ed4ab764bf4a8910
1983,kma_asos:295,1983-06-19,1983-07-24,295,남해,0d7b8f1e7ca1054498102c876e9bab92c21ecf15d1bf2f43ed4ab764bf4a8910
1984,kma_asos:90,1984-06-15,1984-07-13,90,속초,0d7b8f1e7ca1054498102c876e9bab92c21ecf15d1bf2f43ed4ab764bf4a8910
1984,kma_asos:95,1984-06-15,1984-07-13,95,철원,0d7b8f1e7ca1054498102c876e9bab92c21ecf15d1bf2f43ed4ab764bf4a8910
1984,kma_asos:100,1984-06-15,1984-07-13,100,대관령,0d7b8f1e7ca1054498102c876e9bab92c21ecf15d1bf2f43ed4ab764bf4a8910
1984,kma_asos:101,1984-06-15,1984-07-13,101,춘천,0d7b8f1e7ca1054498102c876e9bab92c21ecf15d1bf2f43ed4ab764bf4a8910
1984,kma_asos:105,1984-06-15,1984-07-13,105,강릉,0d7b8f1e7ca1054498102c876e9bab92c21ecf15d1bf2f43ed4ab764bf4a8910
1984,kma_asos:108,1984-06-15,1984-07-13,108,서울,0d7b8f1e7ca1054498102c876e9bab92c21ecf15d1bf2f43ed4ab764bf4a8910
1984,kma_asos:112,1984-06-15,1984-07-13,112,인천,0d7b8f1e7ca1054498102c876e9bab92c21ecf15d1bf2f43ed4ab764bf4a8910
1984,kma_asos:114,1984-06-15,1984-07-13,114,원주,0d7b8f1e7ca1054498102c876e9bab92c21ecf15d1bf2f43ed4ab764bf4a8910
1984,kma_asos:119,1984-06-15,1984-07-13,119,수원,0d7b8f1e7ca1054498102c876e9bab92c21ecf15d1bf2f43ed4ab764bf4a8910
1984,kma_asos:127,1984-06-15,1984-07-13,127,충주,0d7b8f1e7ca1054498102c876e9bab92c21ecf15d1bf2f43ed4ab764bf4a8910
1984,kma_asos:129,1984-06-15,1984-07-13,129,서산,0d7b8f1e7ca1054498102c876e9bab92c21ecf15d1bf2f43ed4ab764bf4a8910
1984,kma_asos:130,1984-06-15,1984-07-13,130,울진,0d7b8f1e7ca1054498102c876e9bab92c21ecf15d1bf2f43ed4ab764bf4a8910
1984,kma_asos:131,1984-06-15,1984-07-13,131,청주,0d7b8f1e7ca1054498102c876e9bab92c21ecf15d1bf2f43ed4ab764bf4a8910
1984,kma_asos:133,1984-06-15,1984-07-13,133,대전,0d7b8f1e7ca1054498102c876e9bab92c21ecf15d1bf2f43ed4ab764bf4a8910
1984,kma_asos:135,1984-06-15,1984-07-13,135,추풍령,0d7b8f1e7ca1054498102c876e9bab92c21ecf15d1bf2f43ed4ab764bf4a8910
1984,kma_asos:136,1984-06-15,1984-07-13,136,안동,0d7b8f1e7ca1054498102c876e9bab92c21ecf15d1bf2f43ed4ab764bf4a8910
1984,kma_asos:138,1984-06-15,1984-07-13,138,포항,0d7b8f1e7ca1054498102c876e9bab92c21ecf15d1bf2f43ed4ab764bf4a8910
1984,kma_asos:140,1984-06-15,1984-07-13,140,군산,0d7b8f1e7ca1054498102c876e9bab92c21ecf15d1bf2f43ed4ab764bf4a8910
1984,kma_asos:143,1984-06-15,1984-07-13,143,대구,0d7b8f1e7ca1054498102c876e9bab92c21ecf15d1bf2f43ed4ab764bf4a8910
1984,kma_asos:146,1984-06-15,1984-07-13,146,전주,0d7b8f1e7ca1054498102c876e9bab92c21ecf15d1bf2f43ed4ab764bf4a8910
1984,kma_asos:152,1984-06-15,1984-07-13,152,울산,0d7b8f1e7ca1054498102c876e9bab92c21ecf15d1bf2f43ed4ab764bf4a8910
1984,kma_asos:155,1984-06-15,1984-07-13,155,창원,0d7b8f1e7ca1054498102c876e9bab92c21ecf15d1bf2f43ed4ab764bf4a8910
1984,kma_asos:156,1984-06-15,1984-07-13,156,광주,0d7b8f1e7ca1054498102c876e9bab92c21ecf15d1bf2f43ed4ab764bf4a8910
1984,kma_asos:159,1984-06-15,1984-07-13,159,부산,0d7b8f1e7ca1054498102c876e9bab92c21ecf15d1bf2f43ed4ab764bf4a8910
1984,kma_asos:162,1984-06-15,1984-07-13,162,통영,0d7b8f1e7ca1054498102c876e9bab92c21ecf15d1bf2f43ed4ab764bf4a8910
1984,kma_asos:165,1984-06-15,1984-07-13,165,목포,0d7b8f1e7ca1054498102c876e9bab92c21ecf15d1bf2f43ed4ab764bf4a8910
1984,kma_asos:168,1984-06-15,1984-07-13,168,여수,0d7b8f1e7ca1054498102c876e9bab92c21ecf15d1bf2f43ed4ab764bf4a8910
1984,kma_asos:170,1984-06-15,1984-07-13,170,완도,0d7b8f1e7ca1054498102c876e9bab92c21ecf15d1bf2f43ed4ab764bf4a8910
1984,kma_asos:184,1984-06-14,1984-07-13,184,제주,0d7b8f1e7ca1054498102c876e9bab92c21ecf15d1bf2f43ed4ab764bf4a8910
1984,kma_asos:185,1984-06-14,1984-07-13,185,고산,0d7b8f1e7ca1054498102c876e9bab92c21ecf15d1bf2f43ed4ab764bf4a8910
1984,kma_asos:188,1984-06-14,1984-07-13,188,성산,0d7b8f1e7ca1054498102c876e9bab92c21ecf15d1bf2f43ed4ab764bf4a8910
1984,kma_asos:189,1984-06-14,1984-07-13,189,서귀포,0d7b8f1e7ca1054498102c876e9bab92c21ecf15d1bf2f43ed4ab764bf4a8910
1984,kma_asos:192,1984-06-15,1984-07-13,192,진주,0d7b8f1e7ca1054498102c876e9bab92c21ecf15d1bf2f43ed4ab764bf4a8910
1984,kma_asos:201,1984-06-15,1984-07-13,201,강화,0d7b8f1e7ca1054498102c876e9bab92c21ecf15d1bf2f43ed4ab764bf4a8910
1984,kma_asos:202,1984-06-15,1984-07-13,202,양평,0d7b8f1e7ca1054498102c876e9bab92c21ecf15d1bf2f43ed4ab764bf4a8910
1984,kma_asos:203,1984-06-15,1984-07-13,203,이천,0d7b8f1e7ca1054498102c876e9bab92c21ecf15d1bf2f43ed4ab764bf4a8910
1984,kma_asos:211,1984-06-15,1984-07-13,211,인제,0d7b8f1e7ca1054498102c876e9bab92c21ecf15d1bf2f43ed4ab764bf4a8910
1984,kma_asos:212,1984-06-15,1984-07-13,212,홍천,0d7b8f1e7ca1054498102c876e9bab92c21ecf15d1bf2f43ed4ab764bf4a8910
1984,kma_asos:216,1984-06-15,1984-07-13,216,태백,0d7b8f1e7ca1054498102c876e9bab92c21ecf15d1bf2f43ed4ab764bf4a8910
1984,kma_asos:221,1984-06-15,1984-07-13,221,제천,0d7b8f1e7ca1054498102c876e9bab92c21ecf15d1bf2f43ed4ab764bf4a8910
1984,kma_asos:226,1984-06-15,1984-07-13,226,보은,0d7b8f1e7ca1054498102c876e9bab92c21ecf15d1bf2f43ed4ab764bf4a8910
1984,kma_asos:232,1984-06-15,1984-07-13,232,천안,0d7b8f1e7ca1054498102c876e9bab92c21ecf15d1bf2f43ed4ab764bf4a8910
1984,kma_asos:235,1984-06-15,1984-07-13,235,보령,0d7b8f1e7ca1054498102c876e9bab92c21ecf15d1bf2f43ed4ab764bf4a8910
1984,kma_asos:236,1984-06-15,1984-07-13,236,부여,0d7b8f1e7ca1054498102c876e9bab92c21ecf15d1bf2f43ed4ab764bf4a8910
1984,kma_asos:238,1984-06-15,1984-07-13,238,금산,0d7b8f1e7ca1054498102c876e9bab92c21ecf15d1bf2f43ed4ab764bf4a8910
1984,kma_asos:243,1984-06-15,1984-07-13,243,부안,0d7b8f1e7ca1054498102c876e9bab92c21ecf15d1bf2f43ed4ab764bf4a8910
1984,kma_asos:244,1984-06-15,1984-07-13,244,임실,0d7b8f1e7ca1054498102c876e9bab92c21ecf15d1bf2f43ed4ab764bf4a8910
1984,kma_asos:245,1984-06-15,1984-07-13,245,정읍,0d7b8f1e7ca1054498102c876e9bab92c21ecf15d1bf2f43ed4ab764bf4a8910
1984,kma_asos:247,1984-06-15,1984-07-13,247,남원,0d7b8f1e7ca1054498102c876e9bab92c21ecf15d1bf2f43ed4ab764bf4a8910
1984,kma_asos:248,1984-06-15,1984-07-13,248,장수,0d7b8f1e7ca1054498102c876e9bab92c21ecf15d1bf2f43ed4ab764bf4a8910
1984,kma_asos:260,1984-06-15,1984-07-13,260,장흥,0d7b8f1e7ca1054498102c876e9bab92c21ecf15d1bf2f43ed4ab764bf4a8910
1984,kma_asos:261,1984-06-15,1984-07-13,261,해남,0d7b8f1e7ca1054498102c876e9bab92c21ecf15d1bf2f43ed4ab764bf4a8910
1984,kma_asos:262,1984-06-15,1984-07-13,262,고흥,0d7b8f1e7ca1054498102c876e9bab92c21ecf15d1bf2f43ed4ab764bf4a8910
1984,kma_asos:271,1984-06-15,1984-07-13,271,봉화,0d7b8f1e7ca1054498102c876e9bab92c21ecf15d1bf2f43ed4ab764bf4a8910
1984,kma_asos:272,1984-06-15,1984-07-13,272,영주,0d7b8f1e7ca1054498102c876e9bab92c21ecf15d1bf2f43ed4ab764bf4a8910
1984,kma_asos:273,1984-06-15,1984-07-13,273,문경,0d7b8f1e7ca1054498102c876e9bab92c21ecf15d1bf2f43ed4ab764bf4a8910
1984,kma_asos:277,1984-06-15,1984-07-13,277,영덕,0d7b8f1e7ca1054498102c876e9bab92c21ecf15d1bf2f43ed4ab764bf4a8910
1984,kma_asos:278,1984-06-15,1984-07-13,278,의성,0d7b8f1e7ca1054498102c876e9bab92c21ecf15d1bf2f43ed4ab764bf4a8910
1984,kma_asos:279,1984-06-15,1984-07-13,279,구미,0d7b8f1e7ca1054498102c876e9bab92c21ecf15d1bf2f43ed4ab764bf4a8910
1984,kma_asos:281,1984-06-15,1984-07-13,281,영천,0d7b8f1e7ca1054498102c876e9bab92c21ecf15d1bf2f43ed4ab764bf4a8910
1984,kma_asos:284,1984-06-15,1984-07-13,284,거창,0d7b8f1e7ca1054498102c876e9bab92c21ecf15d1bf2f43ed4ab764bf4a8910
1984,kma_asos:285,1984-06-15,1984-07-13,285,합천,0d7b8f1e7ca1054498102c876e9bab92c21ecf15d1bf2f43ed4ab764bf4a8910
1984,kma_asos:288,1984-06-15,1984-07-13,288,밀양,0d7b8f1e7ca1054498102c876e9bab92c21ecf15d1bf2f43ed4ab764bf4a8910
1984,kma_asos:289,1984-06-15,1984-07-13,289,산청,0d7b8f1e7ca1054498102c876e9bab92c21ecf15d1bf2f43ed4ab764bf4a8910
1984,kma_asos:294,1984-06-15,1984-07-13,294,거제,0d7b8f1e7ca1054498102c876e9bab92c21ecf15d1bf2f43ed4ab764bf4a8910
1984,kma_asos:295,1984-06-15,1984-07-13,295,남해,0d7b8f1e7ca1054498102c876e9bab92c21ecf15d1bf2f43ed4ab764bf4a8910
1985,kma_asos:90,1985-06-23,1985-07-17,90,속초,0d7b8f1e7ca1054498102c876e9bab92c21ecf15d1bf2f43ed4ab764bf4a8910
1985,kma_asos:95,1985-06-23,1985-07-17,95,철원,0d7b8f1e7ca1054498102c876e9bab92c21ecf15d1bf2f43ed4ab764bf4a8910
1985,kma_asos:100,1985-06-23,1985-07-17,100,대관령,0d7b8f1e7ca1054498102c876e9bab92c21ecf15d1bf2f43ed4ab764bf4a8910
1985,kma_asos:101,1985-06-23,1985-07-17,101,춘천,0d7b8f1e7ca1054498102c876e9bab92c21ecf15d1bf2f43ed4ab764bf4a8910
1985,kma_asos:105,1985-06-23,1985-07-17,105,강릉,0d7b8f1e7ca1054498102c876e9bab92c21ecf15d1bf2f43ed4ab764bf4a8910
1985,kma_asos:108,1985-06-23,1985-07-17,108,서울,0d7b8f1e7ca1054498102c876e9bab92c21ecf15d1bf2f43ed4ab764bf4a8910
1985,kma_asos:112,1985-06-23,1985-07-17,112,인천,0d7b8f1e7ca1054498102c876e9bab92c21ecf15d1bf2f43ed4ab764bf4a8910
1985,kma_asos:114,1985-06-23,1985-07-17,114,원주,0d7b8f1e7ca1054498102c876e9bab92c21ecf15d1bf2f43ed4ab764bf4a8910
1985,kma_asos:119,1985-06-23,1985-07-17,119,수원,0d7b8f1e7ca1054498102c876e9bab92c21ecf15d1bf2f43ed4ab764bf4a8910
1985,kma_asos:127,1985-06-23,1985-07-17,127,충주,0d7b8f1e7ca1054498102c876e9bab92c21ecf15d1bf2f43ed4ab764bf4a8910
1985,kma_asos:129,1985-06-23,1985-07-17,129,서산,0d7b8f1e7ca1054498102c876e9bab92c21ecf15d1bf2f43ed4ab764bf4a8910
1985,kma_asos:130,1985-06-21,1985-07-18,130,울진,0d7b8f1e7ca1054498102c876e9bab92c21ecf15d1bf2f43ed4ab764bf4a8910
1985,kma_asos:131,1985-06-23,1985-07-17,131,청주,0d7b8f1e7ca1054498102c876e9bab92c21ecf15d1bf2f43ed4ab764bf4a8910
1985,kma_asos:133,1985-06-23,1985-07-17,133,대전,0d7b8f1e7ca1054498102c876e9bab92c21ecf15d1bf2f43ed4ab764bf4a8910
1985,kma_asos:135,1985-06-23,1985-07-17,135,추풍령,0d7b8f1e7ca1054498102c876e9bab92c21ecf15d1bf2f43ed4ab764bf4a8910
1985,kma_asos:136,1985-06-21,1985-07-18,136,안동,0d7b8f1e7ca1054498102c876e9bab92c21ecf15d1bf2f43ed4ab764bf4a8910
1985,kma_asos:138,1985-06-21,1985-07-18,138,포항,0d7b8f1e7ca1054498102c876e9bab92c21ecf15d1bf2f43ed4ab764bf4a8910
1985,kma_asos:140,1985-06-21,1985-07-18,140,군산,0d7b8f1e7ca1054498102c876e9bab92c21ecf15d1bf2f43ed4ab764bf4a8910
1985,kma_asos:143,1985-06-21,1985-07-18,143,대구,0d7b8f1e7ca1054498102c876e9bab92c21ecf15d1bf2f43ed4ab764bf4a8910
1985,kma_asos:146,1985-06-21,1985-07-18,146,전주,0d7b8f1e7ca1054498102c876e9bab92c21ecf15d1bf2f43ed4ab764bf4a8910
1985,kma_asos:152,1985-06-21,1985-07-18,152,울산,0d7b8f1e7ca1054498102c876e9bab92c21ecf15d1bf2f43ed4ab764bf4a8910
1985,kma_asos:155,1985-06-21,1985-07-18,155,창원,0d7b8f1e7ca1054498102c876e9bab92c21ecf15d1bf2f43ed4ab764bf4a8910
1985,kma_asos:156,1985-06-21,1985-07-18,156,광주,0d7b8f1e7ca1054498102c876e9bab92c21ecf15d1bf2f43ed4ab764bf4a8910
1985,kma_asos:159,1985-06-21,1985-07-18,159,부산,0d7b8f1e7ca1054498102c876e9bab92c21ecf15d1bf2f43ed4ab764bf4a8910
1985,kma_asos:162,1985-06-21,1985-07-18,162,통영,0d7b8f1e7ca1054498102c876e9bab92c21ecf15d1bf2f43ed4ab764bf4a8910
1985,kma_asos:165,1985-06-21,1985-07-18,165,목포,0d7b8f1e7ca1054498102c876e9bab92c21ecf15d1bf2f43ed4ab764bf4a8910
1985,kma_asos:168,1985-06-21,1985-07-18,168,여수,0d7b8f1e7ca1054498102c876e9bab92c21ecf15d1bf2f43ed4ab764bf4a8910
1985,kma_asos:170,1985-06-21,1985-07-18,170,완도,0d7b8f1e7ca1054498102c876e9bab92c21ecf15d1bf2f43ed4ab764bf4a8910
1985,kma_asos:184,1985-06-21,1985-07-18,184,제주,0d7b8f1e7ca1054498102c876e9bab92c21ecf15d1bf2f43ed4ab764bf4a8910
1985,kma_asos:185,1985-06-21,1985-07-18,185,고산,0d7b8f1e7ca1054498102c876e9bab92c21ecf15d1bf2f43ed4ab764bf4a8910
1985,kma_asos:188,1985-06-21,1985-07-18,188,성산,0d7b8f1e7ca1054498102c876e9bab92c21ecf15d1bf2f43ed4ab764bf4a8910
1985,kma_asos:189,1985-06-21,1985-07-18,189,서귀포,0d7b8f1e7ca1054498102c876e9bab92c21ecf15d1bf2f43ed4ab764bf4a8910
1985,kma_asos:192,1985-06-21,1985-07-18,192,진주,0d7b8f1e7ca1054498102c876e9bab92c21ecf15d1bf2f43ed4ab764bf4a8910
1985,kma_asos:201,1985-06-23,1985-07-17,201,강화,0d7b8f1e7ca1054498102c876e9bab92c21ecf15d1bf2f43ed4ab764bf4a8910
1985,kma_asos:202,1985-06-23,1985-07-17,202,양평,0d7b8f1e7ca1054498102c876e9bab92c21ecf15d1bf2f43ed4ab764bf4a8910
1985,kma_asos:203,1985-06-23,1985-07-17,203,이천,0d7b8f1e7ca1054498102c876e9bab92c21ecf15d1bf2f43ed4ab764bf4a8910
1985,kma_asos:211,1985-06-23,1985-07-17,211,인제,0d7b8f1e7ca1054498102c876e9bab92c21ecf15d1bf2f43ed4ab764bf4a8910
1985,kma_asos:212,1985-06-23,1985-07-17,212,홍천,0d7b8f1e7ca1054498102c876e9bab92c21ecf15d1bf2f43ed4ab764bf4a8910
1985,kma_asos:216,1985-06-23,1985-07-17,216,태백,0d7b8f1e7ca1054498102c876e9bab92c21ecf15d1bf2f43ed4ab764bf4a8910
1985,kma_asos:221,1985-06-23,1985-07-17,221,제천,0d7b8f1e7ca1054498102c876e9bab92c21ecf15d1bf2f43ed4ab764bf4a8910
1985,kma_asos:226,1985-06-23,1985-07-17,226,보은,0d7b8f1e7ca1054498102c876e9bab92c21ecf15d1bf2f43ed4ab764bf4a8910
1985,kma_asos:232,1985-06-23,1985-07-17,232,천안,0d7b8f1e7ca1054498102c876e9bab92c21ecf15d1bf2f43ed4ab764bf4a8910
1985,kma_asos:235,1985-06-23,1985-07-17,235,보령,0d7b8f1e7ca1054498102c876e9bab92c21ecf15d1bf2f43ed4ab764bf4a8910
1985,kma_asos:236,1985-06-23,1985-07-17,236,부여,0d7b8f1e7ca1054498102c876e9bab92c21ecf15d1bf2f43ed4ab764bf4a8910
1985,kma_asos:238,1985-06-23,1985-07-17,238,금산,0d7b8f1e7ca1054498102c876e9bab92c21ecf15d1bf2f43ed4ab764bf4a8910
1985,kma_asos:243,1985-06-21,1985-07-18,243,부안,0d7b8f1e7ca1054498102c876e9bab92c21ecf15d1bf2f43ed4ab764bf4a8910
1985,kma_asos:244,1985-06-21,1985-07-18,244,임실,0d7b8f1e7ca1054498102c876e9bab92c21ecf15d1bf2f43ed4ab764bf4a8910
1985,kma_asos:245,1985-06-21,1985-07-18,245,정읍,0d7b8f1e7ca1054498102c876e9bab92c21ecf15d1bf2f43ed4ab764bf4a8910
1985,kma_asos:247,1985-06-21,1985-07-18,247,남원,0d7b8f1e7ca1054498102c876e9bab92c21ecf15d1bf2f43ed4ab764bf4a8910
1985,kma_asos:248,1985-06-21,1985-07-18,248,장수,0d7b8f1e7ca1054498102c876e9bab92c21ecf15d1bf2f43ed4ab764bf4a8910
1985,kma_asos:260,1985-06-21,1985-07-18,260,장흥,0d7b8f1e7ca1054498102c876e9bab92c21ecf15d1bf2f43ed4ab764bf4a8910
1985,kma_asos:261,1985-06-21,1985-07-18,261,해남,0d7b8f1e7ca1054498102c876e9bab92c21ecf15d1bf2f43ed4ab764bf4a8910
1985,kma_asos:262,1985-06-21,1985-07-18,262,고흥,0d7b8f1e7ca1054498102c876e9bab92c21ecf15d1bf2f43ed4ab764bf4a8910
1985,kma_asos:271,1985-06-21,1985-07-18,271,봉화,0d7b8f1e7ca1054498102c876e9bab92c21ecf15d1bf2f43ed4ab764bf4a8910
1985,kma_asos:272,1985-06-21,1985-07-18,272,영주,0d7b8f1e7ca1054498102c876e9bab92c21ecf15d1bf2f43ed4ab764bf4a8910
1985,kma_asos:273,1985-06-21,1985-07-18,273,문경,0d7b8f1e7ca1054498102c876e9bab92c21ecf15d1bf2f43ed4ab764bf4a8910
1985,kma_asos:277,1985-06-21,1985-07-18,277,영덕,0d7b8f1e7ca1054498102c876e9bab92c21ecf15d1bf2f43ed4ab764bf4a8910
1985,kma_asos:278,1985-06-21,1985-07-18,278,의성,0d7b8f1e7ca1054498102c876e9bab92c21ecf15d1bf2f43ed4ab764bf4a8910
1985,kma_asos:279,1985-06-21,1985-07-18,279,구미,0d7b8f1e7ca1054498102c876e9bab92c21ecf15d1bf2f43ed4ab764bf4a8910
1985,kma_asos:281,1985-06-21,1985-07-18,281,영천,0d7b8f1e7ca1054498102c876e9bab92c21ecf15d1bf2f43ed4ab764bf4a8910
1985,kma_asos:284,1985-06-21,1985-07-18,284,거창,0d7b8f1e7ca1054498102c876e9bab92c21ecf15d1bf2f43ed4ab764bf4a8910
1985,kma_asos:285,1985-06-21,1985-07-18,285,합천,0d7b8f1e7ca1054498102c876e9bab92c21ecf15d1bf2f43ed4ab764bf4a8910
1985,kma_asos:288,1985-06-21,1985-07-18,288,밀양,0d7b8f1e7ca1054498102c876e9bab92c21ecf15d1bf2f43ed4ab764bf4a8910
1985,kma_asos:289,1985-06-21,1985-07-18,289,산청,0d7b8f1e7ca1054498102c876e9bab92c21ecf15d1bf2f43ed4ab764bf4a8910
1985,kma_asos:294,1985-06-21,1985-07-18,294,거제,0d7b8f1e7ca1054498102c876e9bab92c21ecf15d1bf2f43ed4ab764bf4a8910
1985,kma_asos:295,1985-06-21,1985-07-18,295,남해,0d7b8f1e7ca1054498102c876e9bab92c21ecf15d1bf2f43ed4ab764bf4a8910
1986,kma_asos:90,1986-06-23,1986-07-26,90,속초,0d7b8f1e7ca1054498102c876e9bab92c21ecf15d1bf2f43ed4ab764bf4a8910
1986,kma_asos:95,1986-06-23,1986-07-26,95,철원,0d7b8f1e7ca1054498102c876e9bab92c21ecf15d1bf2f43ed4ab764bf4a8910
1986,kma_asos:100,1986-06-23,1986-07-26,100,대관령,0d7b8f1e7ca1054498102c876e9bab92c21ecf15d1bf2f43ed4ab764bf4a8910
1986,kma_asos:101,1986-06-23,1986-07-26,101,춘천,0d7b8f1e7ca1054498102c876e9bab92c21ecf15d1bf2f43ed4ab764bf4a8910
1986,kma_asos:105,1986-06-23,1986-07-26,105,강릉,0d7b8f1e7ca1054498102c876e9bab92c21ecf15d1bf2f43ed4ab764bf4a8910
1986,kma_asos:108,1986-06-23,1986-07-26,108,서울,0d7b8f1e7ca1054498102c876e9bab92c21ecf15d1bf2f43ed4ab764bf4a8910
1986,kma_asos:112,1986-06-23,1986-07-26,112,인천,0d7b8f1e7ca1054498102c876e9bab92c21ecf15d1bf2f43ed4ab764bf4a8910
1986,kma_asos:114,1986-06-23,1986-07-26,114,원주,0d7b8f1e7ca1054498102c876e9bab92c21ecf15d1bf2f43ed4ab764bf4a8910
1986,kma_asos:119,1986-06-23,1986-07-26,119,수원,0d7b8f1e7ca1054498102c876e9bab92c21ecf15d1bf2f43ed4ab764bf4a8910
1986,kma_asos:127,1986-06-23,1986-07-26,127,충주,0d7b8f1e7ca1054498102c876e9bab92c21ecf15d1bf2f43ed4ab764bf4a8910
1986,kma_asos:129,1986-06-23,1986-07-26,129,서산,0d7b8f1e7ca1054498102c876e9bab92c21ecf15d1bf2f43ed4ab764bf4a8910
1986,kma_asos:130,1986-06-22,1986-07-25,130,울진,0d7b8f1e7ca1054498102c876e9bab92c21ecf15d1bf2f43ed4ab764bf4a8910
1986,kma_asos:131,1986-06-23,1986-07-26,131,청주,0d7b8f1e7ca1054498102c876e9bab92c21ecf15d1bf2f43ed4ab764bf4a8910
1986,kma_asos:133,1986-06-23,1986-07-26,133,대전,0d7b8f1e7ca1054498102c876e9bab92c21ecf15d1bf2f43ed4ab764bf4a8910
1986,kma_asos:135,1986-06-23,1986-07-26,135,추풍령,0d7b8f1e7ca1054498102c876e9bab92c21ecf15d1bf2f43ed4ab764bf4a8910
1986,kma_asos:136,1986-06-22,1986-07-25,136,안동,0d7b8f1e7ca1054498102c876e9bab92c21ecf15d1bf2f43ed4ab764bf4a8910
1986,kma_asos:138,1986-06-22,1986-07-25,138,포항,0d7b8f1e7ca1054498102c876e9bab92c21ecf15d1bf2f43ed4ab764bf4a8910
1986,kma_asos:140,1986-06-22,1986-07-25,140,군산,0d7b8f1e7ca1054498102c876e9bab92c21ecf15d1bf2f43ed4ab764bf4a8910
1986,kma_asos:143,1986-06-22,1986-07-25,143,대구,0d7b8f1e7ca1054498102c876e9bab92c21ecf15d1bf2f43ed4ab764bf4a8910
1986,kma_asos:146,1986-06-22,1986-07-25,146,전주,0d7b8f1e7ca1054498102c876e9bab92c21ecf15d1bf2f43ed4ab764bf4a8910
1986,kma_asos:152,1986-06-22,1986-07-25,152,울산,0d7b8f1e7ca1054498102c876e9bab92c21ecf15d1bf2f43ed4ab764bf4a8910
1986,kma_asos:155,1986-06-22,1986-07-25,155,창원,0d7b8f1e7ca1054498102c876e9bab92c21ecf15d1bf2f43ed4ab764bf4a8910
1986,kma_asos:156,1986-06-22,1986-07-25,156,광주,0d7b8f1e7ca1054498102c876e9bab92c21ecf15d1bf2f43ed4ab764bf4a8910
1986,kma_asos:159,1986-06-22,1986-07-25,159,부산,0d7b8f1e7ca1054498102c876e9bab92c21ecf15d1bf2f43ed4ab764bf4a8910
1986,kma_asos:162,1986-06-22,1986-07-25,162,통영,0d7b8f1e7ca1054498102c876e9bab92c21ecf15d1bf2f43ed4ab764bf4a8910
1986,kma_asos:165,1986-06-22,1986-07-25,165,목포,0d7b8f1e7ca1054498102c876e9bab92c21ecf15d1bf2f43ed4ab764bf4a8910
1986,kma_asos:168,1986-06-22,1986-07-25,168,여수,0d7b8f1e7ca1054498102c876e9bab92c21ecf15d1bf2f43ed4ab764bf4a8910
1986,kma_asos:170,1986-06-22,1986-07-25,170,완도,0d7b8f1e7ca1054498102c876e9bab92c21ecf15d1bf2f43ed4ab764bf4a8910
1986,kma_asos:184,1986-06-20,1986-07-24,184,제주,0d7b8f1e7ca1054498102c876e9bab92c21ecf15d1bf2f43ed4ab764bf4a8910
1986,kma_asos:185,1986-06-20,1986-07-24,185,고산,0d7b8f1e7ca1054498102c876e9bab92c21ecf15d1bf2f43ed4ab764bf4a8910
1986,kma_asos:188,1986-06-20,1986-07-24,188,성산,0d7b8f1e7ca1054498102c876e9bab92c21ecf15d1bf2f43ed4ab764bf4a8910
1986,kma_asos:189,1986-06-20,1986-07-24,189,서귀포,0d7b8f1e7ca1054498102c876e9bab92c21ecf15d1bf2f43ed4ab764bf4a8910
1986,kma_asos:192,1986-06-22,1986-07-25,192,진주,0d7b8f1e7ca1054498102c876e9bab92c21ecf15d1bf2f43ed4ab764bf4a8910
1986,kma_asos:201,1986-06-23,1986-07-26,201,강화,0d7b8f1e7ca1054498102c876e9bab92c21ecf15d1bf2f43ed4ab764bf4a8910
1986,kma_asos:202,1986-06-23,1986-07-26,202,양평,0d7b8f1e7ca1054498102c876e9bab92c21ecf15d1bf2f43ed4ab764bf4a8910
1986,kma_asos:203,1986-06-23,1986-07-26,203,이천,0d7b8f1e7ca1054498102c876e9bab92c21ecf15d1bf2f43ed4ab764bf4a8910
1986,kma_asos:211,1986-06-23,1986-07-26,211,인제,0d7b8f1e7ca1054498102c876e9bab92c21ecf15d1bf2f43ed4ab764bf4a8910
1986,kma_asos:212,1986-06-23,1986-07-26,212,홍천,0d7b8f1e7ca1054498102c876e9bab92c21ecf15d1bf2f43ed4ab764bf4a8910
1986,kma_asos:216,1986-06-23,1986-07-26,216,태백,0d7b8f1e7ca1054498102c876e9bab92c21ecf15d1bf2f43ed4ab764bf4a8910
1986,kma_asos:221,1986-06-23,1986-07-26,221,제천,0d7b8f1e7ca1054498102c876e9bab92c21ecf15d1bf2f43ed4ab764bf4a8910
1986,kma_asos:226,1986-06-23,1986-07-26,226,보은,0d7b8f1e7ca1054498102c876e9bab92c21ecf15d1bf2f43ed4ab764bf4a8910
1986,kma_asos:232,1986-06-23,1986-07-26,232,천안,0d7b8f1e7ca1054498102c876e9bab92c21ecf15d1bf2f43ed4ab764bf4a8910
1986,kma_asos:235,1986-06-23,1986-07-26,235,보령,0d7b8f1e7ca1054498102c876e9bab92c21ecf15d1bf2f43ed4ab764bf4a8910
1986,kma_asos:236,1986-06-23,1986-07-26,236,부여,0d7b8f1e7ca1054498102c876e9bab92c21ecf15d1bf2f43ed4ab764bf4a8910
1986,kma_asos:238,1986-06-23,1986-07-26,238,금산,0d7b8f1e7ca1054498102c876e9bab92c21ecf15d1bf2f43ed4ab764bf4a8910
1986,kma_asos:243,1986-06-22,1986-07-25,243,부안,0d7b8f1e7ca1054498102c876e9bab92c21ecf15d1bf2f43ed4ab764bf4a8910
1986,kma_asos:244,1986-06-22,1986-07-25,244,임실,0d7b8f1e7ca1054498102c876e9bab92c21ecf15d1bf2f43ed4ab764bf4a8910
1986,kma_asos:245,1986-06-22,1986-07-25,245,정읍,0d7b8f1e7ca1054498102c876e9bab92c21ecf15d1bf2f43ed4ab764bf4a8910
1986,kma_asos:247,1986-06-22,1986-07-25,247,남원,0d7b8f1e7ca1054498102c876e9bab92c21ecf15d1bf2f43ed4ab764bf4a8910
1986,kma_asos:248,1986-06-22,1986-07-25,248,장수,0d7b8f1e7ca1054498102c876e9bab92c21ecf15d1bf2f43ed4ab764bf4a8910
1986,kma_asos:260,1986-06-22,1986-07-25,260,장흥,0d7b8f1e7ca1054498102c876e9bab92c21ecf15d1bf2f43ed4ab764bf4a8910
1986,kma_asos:261,1986-06-22,1986-07-25,261,해남,0d7b8f1e7ca1054498102c876e9bab92c21ecf15d1bf2f43ed4ab764bf4a8910
1986,kma_asos:262,1986-06-22,1986-07-25,262,고흥,0d7b8f1e7ca1054498102c876e9bab92c21ecf15d1bf2f43ed4ab764bf4a8910
1986,kma_asos:271,1986-06-22,1986-07-25,271,봉화,0d7b8f1e7ca1054498102c876e9bab92c21ecf15d1bf2f43ed4ab764bf4a8910
1986,kma_asos:272,1986-06-22,1986-07-25,272,영주,0d7b8f1e7ca1054498102c876e9bab92c21ecf15d1bf2f43ed4ab764bf4a8910
1986,kma_asos:273,1986-06-22,1986-07-25,273,문경,0d7b8f1e7ca1054498102c876e9bab92c21ecf15d1bf2f43ed4ab764bf4a8910
1986,kma_asos:277,1986-06-22,1986-07-25,277,영덕,0d7b8f1e7ca1054498102c876e9bab92c21ecf15d1bf2f43ed4ab764bf4a8910
1986,kma_asos:278,1986-06-22,1986-07-25,278,의성,0d7b8f1e7ca1054498102c876e9bab92c21ecf15d1bf2f43ed4ab764bf4a8910
1986,kma_asos:279,1986-06-22,1986-07-25,279,구미,0d7b8f1e7ca1054498102c876e9bab92c21ecf15d1bf2f43ed4ab764bf4a8910
1986,kma_asos:281,1986-06-22,1986-07-25,281,영천,0d7b8f1e7ca1054498102c876e9bab92c21ecf15d1bf2f43ed4ab764bf4a8910
1986,kma_asos:284,1986-06-22,1986-07-25,284,거창,0d7b8f1e7ca1054498102c876e9bab92c21ecf15d1bf2f43ed4ab764bf4a8910
1986,kma_asos:285,1986-06-22,1986-07-25,285,합천,0d7b8f1e7ca1054498102c876e9bab92c21ecf15d1bf2f43ed4ab764bf4a8910
1986,kma_asos:288,1986-06-22,1986-07-25,288,밀양,0d7b8f1e7ca1054498102c876e9bab92c21ecf15d1bf2f43ed4ab764bf4a8910
1986,kma_asos:289,1986-06-22,1986-07-25,289,산청,0d7b8f1e7ca1054498102c876e9bab92c21ecf15d1bf2f43ed4ab764bf4a8910
1986,kma_asos:294,1986-06-22,1986-07-25,294,거제,0d7b8f1e7ca1054498102c876e9bab92c21ecf15d1bf2f43ed4ab764bf4a8910
1986,kma_asos:295,1986-06-22,1986-07-25,295,남해,0d7b8f1e7ca1054498102c876e9bab92c21ecf15d1bf2f43ed4ab764bf4a8910
1987,kma_asos:90,1987-07-05,1987-08-10,90,속초,0d7b8f1e7ca1054498102c876e9bab92c21ecf15d1bf2f43ed4ab764bf4a8910
1987,kma_asos:95,1987-07-05,1987-08-10,95,철원,0d7b8f1e7ca1054498102c876e9bab92c21ecf15d1bf2f43ed4ab764bf4a8910
1987,kma_asos:100,1987-07-05,1987-08-10,100,대관령,0d7b8f1e7ca1054498102c876e9bab92c21ecf15d1bf2f43ed4ab764bf4a8910
1987,kma_asos:101,1987-07-05,1987-08-10,101,춘천,0d7b8f1e7ca1054498102c876e9bab92c21ecf15d1bf2f43ed4ab764bf4a8910
1987,kma_asos:105,1987-07-05,1987-08-10,105,강릉,0d7b8f1e7ca1054498102c876e9bab92c21ecf15d1bf2f43ed4ab764bf4a8910
1987,kma_asos:108,1987-07-05,1987-08-10,108,서울,0d7b8f1e7ca1054498102c876e9bab92c21ecf15d1bf2f43ed4ab764bf4a8910
1987,kma_asos:112,1987-07-05,1987-08-10,112,인천,0d7b8f1e7ca1054498102c876e9bab92c21ecf15d1bf2f43ed4ab764bf4a8910
1987,kma_asos:114,1987-07-05,1987-08-10,114,원주,0d7b8f1e7ca1054498102c876e9bab92c21ecf15d1bf2f43ed4ab764bf4a8910
1987,kma_asos:119,1987-07-05,1987-08-10,119,수원,0d7b8f1e7ca1054498102c876e9bab92c21ecf15d1bf2f43ed4ab764bf4a8910
1987,kma_asos:127,1987-07-05,1987-08-10,127,충주,0d7b8f1e7ca1054498102c876e9bab92c21ecf15d1bf2f43ed4ab764bf4a8910
1987,kma_asos:129,1987-07-05,1987-08-10,129,서산,0d7b8f1e7ca1054498102c876e9bab92c21ecf15d1bf2f43ed4ab764bf4a8910
1987,kma_asos:130,1987-07-01,1987-08-08,130,울진,0d7b8f1e7ca1054498102c876e9bab92c21ecf15d1bf2f43ed4ab764bf4a8910
1987,kma_asos:131,1987-07-05,1987-08-10,131,청주,0d7b8f1e7ca1054498102c876e9bab92c21ecf15d1bf2f43ed4ab764bf4a8910
1987,kma_asos:133,1987-07-05,1987-08-10,133,대전,0d7b8f1e7ca1054498102c876e9bab92c21ecf15d1bf2f43ed4ab764bf4a8910
1987,kma_asos:135,1987-07-05,1987-08-10,135,추풍령,0d7b8f1e7ca1054498102c876e9bab92c21ecf15d1bf2f43ed4ab764bf4a8910
1987,kma_asos:136,1987-07-01,1987-08-08,136,안동,0d7b8f1e7ca1054498102c876e9bab92c21ecf15d1bf2f43ed4ab764bf4a8910
1987,kma_asos:138,1987-07-01,1987-08-08,138,포항,0d7b8f1e7ca1054498102c876e9bab92c21ecf15d1bf2f43ed4ab764bf4a8910
1987,kma_asos:140,1987-07-01,1987-08-08,140,군산,0d7b8f1e7ca1054498102c876e9bab92c21ecf15d1bf2f43ed4ab764bf4a8910
1987,kma_asos:143,1987-07-01,1987-08-08,143,대구,0d7b8f1e7ca1054498102c876e9bab92c21ecf15d1bf2f43ed4ab764bf4a8910
1987,kma_asos:146,1987-07-01,1987-08-08,146,전주,0d7b8f1e7ca1054498102c876e9bab92c21ecf15d1bf2f43ed4ab764bf4a8910
1987,kma_asos:152,1987-07-01,1987-08-08,152,울산,0d7b8f1e7ca1054498102c876e9bab92c21ecf15d1bf2f43ed4ab764bf4a8910
1987,kma_asos:155,1987-07-01,1987-08-08,155,창원,0d7b8f1e7ca1054498102c876e9bab92c21ecf15d1bf2f43ed4ab764bf4a8910
1987,kma_asos:156,1987-07-01,1987-08-08,156,광주,0d7b8f1e7ca1054498102c876e9bab92c21ecf15d1bf2f43ed4ab764bf4a8910
1987,kma_asos:159,1987-07-01,1987-08-08,159,부산,0d7b8f1e7ca1054498102c876e9bab92c21ecf15d1bf2f43ed4ab764bf4a8910
1987,kma_asos:162,1987-07-01,1987-08-08,162,통영,0d7b8f1e7ca1054498102c876e9bab92c21ecf15d1bf2f43ed4ab764bf4a8910
1987,kma_asos:165,1987-07-01,1987-08-08,165,목포,0d7b8f1e7ca1054498102c876e9bab92c21ecf15d1bf2f43ed4ab764bf4a8910
1987,kma_asos:168,1987-07-01,1987-08-08,168,여수,0d7b8f1e7ca1054498102c876e9bab92c21ecf15d1bf2f43ed4ab764bf4a8910
1987,kma_asos:170,1987-07-01,1987-08-08,170,완도,0d7b8f1e7ca1054498102c876e9bab92c21ecf15d1bf2f43ed4ab764bf4a8910
1987,kma_asos:184,1987-06-23,1987-07-25,184,제주,0d7b8f1e7ca1054498102c876e9bab92c21ecf15d1bf2f43ed4ab764bf4a8910
1987,kma_asos:185,1987-06-23,1987-07-25,185,고산,0d7b8f1e7ca1054498102c876e9bab92c21ecf15d1bf2f43ed4ab764bf4a8910
1987,kma_asos:188,1987-06-23,1987-07-25,188,성산,0d7b8f1e7ca1054498102c876e9bab92c21ecf15d1bf2f43ed4ab764bf4a8910
1987,kma_asos:189,1987-06-23,1987-07-25,189,서귀포,0d7b8f1e7ca1054498102c876e9bab92c21ecf15d1bf2f43ed4ab764bf4a8910
1987,kma_asos:192,1987-07-01,1987-08-08,192,진주,0d7b8f1e7ca1054498102c876e9bab92c21ecf15d1bf2f43ed4ab764bf4a8910
1987,kma_asos:201,1987-07-05,1987-08-10,201,강화,0d7b8f1e7ca1054498102c876e9bab92c21ecf15d1bf2f43ed4ab764bf4a8910
1987,kma_asos:202,1987-07-05,1987-08-10,202,양평,0d7b8f1e7ca1054498102c876e9bab92c21ecf15d1bf2f43ed4ab764bf4a8910
1987,kma_asos:203,1987-07-05,1987-08-10,203,이천,0d7b8f1e7ca1054498102c876e9bab92c21ecf15d1bf2f43ed4ab764bf4a8910
1987,kma_asos:211,1987-07-05,1987-08-10,211,인제,0d7b8f1e7ca1054498102c876e9bab92c21ecf15d1bf2f43ed4ab764bf4a8910
1987,kma_asos:212,1987-07-05,1987-08-10,212,홍천,0d7b8f1e7ca1054498102c876e9bab92c21ecf15d1bf2f43ed4ab764bf4a8910
1987,kma_asos:216,1987-07-05,1987-08-10,216,태백,0d7b8f1e7ca1054498102c876e9bab92c21ecf15d1bf2f43ed4ab764bf4a8910
1987,kma_asos:221,1987-07-05,1987-08-10,221,제천,0d7b8f1e7ca1054498102c876e9bab92c21ecf15d1bf2f43ed4ab764bf4a8910
1987,kma_asos:226,1987-07-05,1987-08-10,226,보은,0d7b8f1e7ca1054498102c876e9bab92c21ecf15d1bf2f43ed4ab764bf4a8910
1987,kma_asos:232,1987-07-05,1987-08-10,232,천안,0d7b8f1e7ca1054498102c876e9bab92c21ecf15d1bf2f43ed4ab764bf4a8910
1987,kma_asos:235,1987-07-05,1987-08-10,235,보령,0d7b8f1e7ca1054498102c876e9bab92c21ecf15d1bf2f43ed4ab764bf4a8910
1987,kma_asos:236,1987-07-05,1987-08-10,236,부여,0d7b8f1e7ca1054498102c876e9bab92c21ecf15d1bf2f43ed4ab764bf4a8910
1987,kma_asos:238,1987-07-05,1987-08-10,238,금산,0d7b8f1e7ca1054498102c876e9bab92c21ecf15d1bf2f43ed4ab764bf4a8910
1987,kma_asos:243,1987-07-01,1987-08-08,243,부안,0d7b8f1e7ca1054498102c876e9bab92c21ecf15d1bf2f43ed4ab764bf4a8910
1987,kma_asos:244,1987-07-01,1987-08-08,244,임실,0d7b8f1e7ca1054498102c876e9bab92c21ecf15d1bf2f43ed4ab764bf4a8910
1987,kma_asos:245,1987-07-01,1987-08-08,245,정읍,0d7b8f1e7ca1054498102c876e9bab92c21ecf15d1bf2f43ed4ab764bf4a8910
1987,kma_asos:247,1987-07-01,1987-08-08,247,남원,0d7b8f1e7ca1054498102c876e9bab92c21ecf15d1bf2f43ed4ab764bf4a8910
1987,kma_asos:248,1987-07-01,1987-08-08,248,장수,0d7b8f1e7ca1054498102c876e9bab92c21ecf15d1bf2f43ed4ab764bf4a8910
1987,kma_asos:260,1987-07-01,1987-08-08,260,장흥,0d7b8f1e7ca1054498102c876e9bab92c21ecf15d1bf2f43ed4ab764bf4a8910
1987,kma_asos:261,1987-07-01,1987-08-08,261,해남,0d7b8f1e7ca1054498102c876e9bab92c21ecf15d1bf2f43ed4ab764bf4a8910
1987,kma_asos:262,1987-07-01,1987-08-08,262,고흥,0d7b8f1e7ca1054498102c876e9bab92c21ecf15d1bf2f43ed4ab764bf4a8910
1987,kma_asos:271,1987-07-01,1987-08-08,271,봉화,0d7b8f1e7ca1054498102c876e9bab92c21ecf15d1bf2f43ed4ab764bf4a8910
1987,kma_asos:272,1987-07-01,1987-08-08,272,영주,0d7b8f1e7ca1054498102c876e9bab92c21ecf15d1bf2f43ed4ab764bf4a8910
1987,kma_asos:273,1987-07-01,1987-08-08,273,문경,0d7b8f1e7ca1054498102c876e9bab92c21ecf15d1bf2f43ed4ab764bf4a8910
1987,kma_asos:277,1987-07-01,1987-08-08,277,영덕,0d7b8f1e7ca1054498102c876e9bab92c21ecf15d1bf2f43ed4ab764bf4a8910
1987,kma_asos:278,1987-07-01,1987-08-08,278,의성,0d7b8f1e7ca1054498102c876e9bab92c21ecf15d1bf2f43ed4ab764bf4a8910
1987,kma_asos:279,1987-07-01,1987-08-08,279,구미,0d7b8f1e7ca1054498102c876e9bab92c21ecf15d1bf2f43ed4ab764bf4a8910
1987,kma_asos:281,1987-07-01,1987-08-08,281,영천,0d7b8f1e7ca1054498102c876e9bab92c21ecf15d1bf2f43ed4ab764bf4a8910
1987,kma_asos:284,1987-07-01,1987-08-08,284,거창,0d7b8f1e7ca1054498102c876e9bab92c21ecf15d1bf2f43ed4ab764bf4a8910
1987,kma_asos:285,1987-07-01,1987-08-08,285,합천,0d7b8f1e7ca1054498102c876e9bab92c21ecf15d1bf2f43ed4ab764bf4a8910
1987,kma_asos:288,1987-07-01,1987-08-08,288,밀양,0d7b8f1e7ca1054498102c876e9bab92c21ecf15d1bf2f43ed4ab764bf4a8910
1987,kma_asos:289,1987-07-01,1987-08-08,289,산청,0d7b8f1e7ca1054498102c876e9bab92c21ecf15d1bf2f43ed4ab764bf4a8910
1987,kma_asos:294,1987-07-01,1987-08-08,294,거제,0d7b8f1e7ca1054498102c876e9bab92c21ecf15d1bf2f43ed4ab764bf4a8910
1987,kma_asos:295,1987-07-01,1987-08-08,295,남해,0d7b8f1e7ca1054498102c876e9bab92c21ecf15d1bf2f43ed4ab764bf4a8910
1988,kma_asos:90,1988-06-23,1988-07-28,90,속초,0d7b8f1e7ca1054498102c876e9bab92c21ecf15d1bf2f43ed4ab764bf4a8910
1988,kma_asos:95,1988-06-23,1988-07-28,95,철원,0d7b8f1e7ca1054498102c876e9bab92c21ecf15d1bf2f43ed4ab764bf4a8910
1988,kma_asos:100,1988-06-23,1988-07-28,100,대관령,0d7b8f1e7ca1054498102c876e9bab92c21ecf15d1bf2f43ed4ab764bf4a8910
1988,kma_asos:101,1988-06-23,1988-07-28,101,춘천,0d7b8f1e7ca1054498102c876e9bab92c21ecf15d1bf2f43ed4ab764bf4a8910
1988,kma_asos:105,1988-06-23,1988-07-28,105,강릉,0d7b8f1e7ca1054498102c876e9bab92c21ecf15d1bf2f43ed4ab764bf4a8910
1988,kma_asos:108,1988-06-23,1988-07-28,108,서울,0d7b8f1e7ca1054498102c876e9bab92c21ecf15d1bf2f43ed4ab764bf4a8910
1988,kma_asos:112,1988-06-23,1988-07-28,112,인천,0d7b8f1e7ca1054498102c876e9bab92c21ecf15d1bf2f43ed4ab764bf4a8910
1988,kma_asos:114,1988-06-23,1988-07-28,114,원주,0d7b8f1e7ca1054498102c876e9bab92c21ecf15d1bf2f43ed4ab764bf4a8910
1988,kma_asos:119,1988-06-23,1988-07-28,119,수원,0d7b8f1e7ca1054498102c876e9bab92c21ecf15d1bf2f43ed4ab764bf4a8910
1988,kma_asos:127,1988-06-23,1988-07-28,127,충주,0d7b8f1e7ca1054498102c876e9bab92c21ecf15d1bf2f43ed4ab764bf4a8910
1988,kma_asos:129,1988-06-23,1988-07-28,129,서산,0d7b8f1e7ca1054498102c876e9bab92c21ecf15d1bf2f43ed4ab764bf4a8910
1988,kma_asos:130,1988-06-23,1988-07-27,130,울진,0d7b8f1e7ca1054498102c876e9bab92c21ecf15d1bf2f43ed4ab764bf4a8910
1988,kma_asos:131,1988-06-23,1988-07-28,131,청주,0d7b8f1e7ca1054498102c876e9bab92c21ecf15d1bf2f43ed4ab764bf4a8910
1988,kma_asos:133,1988-06-23,1988-07-28,133,대전,0d7b8f1e7ca1054498102c876e9bab92c21ecf15d1bf2f43ed4ab764bf4a8910
1988,kma_asos:135,1988-06-23,1988-07-28,135,추풍령,0d7b8f1e7ca1054498102c876e9bab92c21ecf15d1bf2f43ed4ab764bf4a8910
1988,kma_asos:136,1988-06-23,1988-07-27,136,안동,0d7b8f1e7ca1054498102c876e9bab92c21ecf15d1bf2f43ed4ab764bf4a8910
1988,kma_asos:138,1988-06-23,1988-07-27,138,포항,0d7b8f1e7ca1054498102c876e9bab92c21ecf15d1bf2f43ed4ab764bf4a8910
1988,kma_asos:140,1988-06-23,1988-07-27,140,군산,0d7b8f1e7ca1054498102c876e9bab92c21ecf15d1bf2f43ed4ab764bf4a8910
1988,kma_asos:143,1988-06-23,1988-07-27,143,대구,0d7b8f1e7ca1054498102c876e9bab92c21ecf15d1bf2f43ed4ab764bf4a8910
1988,kma_asos:146,1988-06-23,1988-07-27,146,전주,0d7b8f1e7ca1054498102c876e9bab92c21ecf15d1bf2f43ed4ab764bf4a8910
1988,kma_asos:152,1988-06-23,1988-07-27,152,울산,0d7b8f1e7ca1054498102c876e9bab92c21ecf15d1bf2f43ed4ab764bf4a8910
1988,kma_asos:155,1988-06-23,1988-07-27,155,창원,0d7b8f1e7ca1054498102c876e9bab92c21ecf15d1bf2f43ed4ab764bf4a8910
1988,kma_asos:156,1988-06-23,1988-07-27,156,광주,0d7b8f1e7ca1054498102c876e9bab92c21ecf15d1bf2f43ed4ab764bf4a8910
1988,kma_asos:159,1988-06-23,1988-07-27,159,부산,0d7b8f1e7ca1054498102c876e9bab92c21ecf15d1bf2f43ed4ab764bf4a8910
1988,kma_asos:162,1988-06-23,1988-07-27,162,통영,0d7b8f1e7ca1054498102c876e9bab92c21ecf15d1bf2f43ed4ab764bf4a8910
1988,kma_asos:165,1988-06-23,1988-07-27,165,목포,0d7b8f1e7ca1054498102c876e9bab92c21ecf15d1bf2f43ed4ab764bf4a8910
1988,kma_asos:168,1988-06-23,1988-07-27,168,여수,0d7b8f1e7ca1054498102c876e9bab92c21ecf15d1bf2f43ed4ab764bf4a8910
1988,kma_asos:170,1988-06-23,1988-07-27,170,완도,0d7b8f1e7ca1054498102c876e9bab92c21ecf15d1bf2f43ed4ab764bf4a8910
1988,kma_asos:184,1988-06-22,1988-07-28,184,제주,0d7b8f1e7ca1054498102c876e9bab92c21ecf15d1bf2f43ed4ab764bf4a8910
1988,kma_asos:185,1988-06-22,1988-07-28,185,고산,0d7b8f1e7ca1054498102c876e9bab92c21ecf15d1bf2f43ed4ab764bf4a8910
1988,kma_asos:188,1988-06-22,1988-07-28,188,성산,0d7b8f1e7ca1054498102c876e9bab92c21ecf15d1bf2f43ed4ab764bf4a8910
1988,kma_asos:189,1988-06-22,1988-07-28,189,서귀포,0d7b8f1e7ca1054498102c876e9bab92c21ecf15d1bf2f43ed4ab764bf4a8910
1988,kma_asos:192,1988-06-23,1988-07-27,192,진주,0d7b8f1e7ca1054498102c876e9bab92c21ecf15d1bf2f43ed4ab764bf4a8910
1988,kma_asos:201,1988-06-23,1988-07-28,201,강화,0d7b8f1e7ca1054498102c876e9bab92c21ecf15d1bf2f43ed4ab764bf4a8910
1988,kma_asos:202,1988-06-23,1988-07-28,202,양평,0d7b8f1e7ca1054498102c876e9bab92c21ecf15d1bf2f43ed4ab764bf4a8910
1988,kma_asos:203,1988-06-23,1988-07-28,203,이천,0d7b8f1e7ca1054498102c876e9bab92c21ecf15d1bf2f43ed4ab764bf4a8910
1988,kma_asos:211,1988-06-23,1988-07-28,211,인제,0d7b8f1e7ca1054498102c876e9bab92c21ecf15d1bf2f43ed4ab764bf4a8910
1988,kma_asos:212,1988-06-23,1988-07-28,212,홍천,0d7b8f1e7ca1054498102c876e9bab92c21ecf15d1bf2f43ed4ab764bf4a8910
1988,kma_asos:216,1988-06-23,1988-07-28,216,태백,0d7b8f1e7ca1054498102c876e9bab92c21ecf15d1bf2f43ed4ab764bf4a8910
1988,kma_asos:221,1988-06-23,1988-07-28,221,제천,0d7b8f1e7ca1054498102c876e9bab92c21ecf15d1bf2f43ed4ab764bf4a8910
1988,kma_asos:226,1988-06-23,1988-07-28,226,보은,0d7b8f1e7ca1054498102c876e9bab92c21ecf15d1bf2f43ed4ab764bf4a8910
1988,kma_asos:232,1988-06-23,1988-07-28,232,천안,0d7b8f1e7ca1054498102c876e9bab92c21ecf15d1bf2f43ed4ab764bf4a8910
1988,kma_asos:235,1988-06-23,1988-07-28,235,보령,0d7b8f1e7ca1054498102c876e9bab92c21ecf15d1bf2f43ed4ab764bf4a8910
1988,kma_asos:236,1988-06-23,1988-07-28,236,부여,0d7b8f1e7ca1054498102c876e9bab92c21ecf15d1bf2f43ed4ab764bf4a8910
1988,kma_asos:238,1988-06-23,1988-07-28,238,금산,0d7b8f1e7ca1054498102c876e9bab92c21ecf15d1bf2f43ed4ab764bf4a8910
1988,kma_asos:243,1988-06-23,1988-07-27,243,부안,0d7b8f1e7ca1054498102c876e9bab92c21ecf15d1bf2f43ed4ab764bf4a8910
1988,kma_asos:244,1988-06-23,1988-07-27,244,임실,0d7b8f1e7ca1054498102c876e9bab92c21ecf15d1bf2f43ed4ab764bf4a8910
1988,kma_asos:245,1988-06-23,1988-07-27,245,정읍,0d7b8f1e7ca1054498102c876e9bab92c21ecf15d1bf2f43ed4ab764bf4a8910
1988,kma_asos:247,1988-06-23,1988-07-27,247,남원,0d7b8f1e7ca1054498102c876e9bab92c21ecf15d1bf2f43ed4ab764bf4a8910
1988,kma_asos:248,1988-06-23,1988-07-27,248,장수,0d7b8f1e7ca1054498102c876e9bab92c21ecf15d1bf2f43ed4ab764bf4a8910
1988,kma_asos:260,1988-06-23,1988-07-27,260,장흥,0d7b8f1e7ca1054498102c876e9bab92c21ecf15d1bf2f43ed4ab764bf4a8910
1988,kma_asos:261,1988-06-23,1988-07-27,261,해남,0d7b8f1e7ca1054498102c876e9bab92c21ecf15d1bf2f43ed4ab764bf4a8910
1988,kma_asos:262,1988-06-23,1988-07-27,262,고흥,0d7b8f1e7ca1054498102c876e9bab92c21ecf15d1bf2f43ed4ab764bf4a8910
1988,kma_asos:271,1988-06-23,1988-07-27,271,봉화,0d7b8f1e7ca1054498102c876e9bab92c21ecf15d1bf2f43ed4ab764bf4a8910
1988,kma_asos:272,1988-06-23,1988-07-27,272,영주,0d7b8f1e7ca1054498102c876e9bab92c21ecf15d1bf2f43ed4ab764bf4a8910
1988,kma_asos:273,1988-06-23,1988-07-27,273,문경,0d7b8f1e7ca1054498102c876e9bab92c21ecf15d1bf2f43ed4ab764bf4a8910
1988,kma_asos:277,1988-06-23,1988-07-27,277,영덕,0d7b8f1e7ca1054498102c876e9bab92c21ecf15d1bf2f43ed4ab764bf4a8910
1988,kma_asos:278,1988-06-23,1988-07-27,278,의성,0d7b8f1e7ca1054498102c876e9bab92c21ecf15d1bf2f43ed4ab764bf4a8910
1988,kma_asos:279,1988-06-23,1988-07-27,279,구미,0d7b8f1e7ca1054498102c876e9bab92c21ecf15d1bf2f43ed4ab764bf4a8910
1988,kma_asos:281,1988-06-23,1988-07-27,281,영천,0d7b8f1e7ca1054498102c876e9bab92c21ecf15d1bf2f43ed4ab764bf4a8910
1988,kma_asos:284,1988-06-23,1988-07-27,284,거창,0d7b8f1e7ca1054498102c876e9bab92c21ecf15d1bf2f43ed4ab764bf4a8910
1988,kma_asos:285,1988-06-23,1988-07-27,285,합천,0d7b8f1e7ca1054498102c876e9bab92c21ecf15d1bf2f43ed4ab764bf4a8910
1988,kma_asos:288,1988-06-23,1988-07-27,288,밀양,0d7b8f1e7ca1054498102c876e9bab92c21ecf15d1bf2f43ed4ab764bf4a8910
1988,kma_asos:289,1988-06-23,1988-07-27,289,산청,0d7b8f1e7ca1054498102c876e9bab92c21ecf15d1bf2f43ed4ab764bf4a8910
1988,kma_asos:294,1988-06-23,1988-07-27,294,거제,0d7b8f1e7ca1054498102c876e9bab92c21ecf15d1bf2f43ed4ab764bf4a8910
1988,kma_asos:295,1988-06-23,1988-07-27,295,남해,0d7b8f1e7ca1054498102c876e9bab92c21ecf15d1bf2f43ed4ab764bf4a8910
1989,kma_asos:90,1989-06-24,1989-07-30,90,속초,0d7b8f1e7ca1054498102c876e9bab92c21ecf15d1bf2f43ed4ab764bf4a8910
1989,kma_asos:95,1989-06-24,1989-07-30,95,철원,0d7b8f1e7ca1054498102c876e9bab92c21ecf15d1bf2f43ed4ab764bf4a8910
1989,kma_asos:100,1989-06-24,1989-07-30,100,대관령,0d7b8f1e7ca1054498102c876e9bab92c21ecf15d1bf2f43ed4ab764bf4a8910
1989,kma_asos:101,1989-06-24,1989-07-30,101,춘천,0d7b8f1e7ca1054498102c876e9bab92c21ecf15d1bf2f43ed4ab764bf4a8910
1989,kma_asos:105,1989-06-24,1989-07-30,105,강릉,0d7b8f1e7ca1054498102c876e9bab92c21ecf15d1bf2f43ed4ab764bf4a8910
1989,kma_asos:108,1989-06-24,1989-07-30,108,서울,0d7b8f1e7ca1054498102c876e9bab92c21ecf15d1bf2f43ed4ab764bf4a8910
1989,kma_asos:112,1989-06-24,1989-07-30,112,인천,0d7b8f1e7ca1054498102c876e9bab92c21ecf15d1bf2f43ed4ab764bf4a8910
1989,kma_asos:114,1989-06-24,1989-07-30,114,원주,0d7b8f1e7ca1054498102c876e9bab92c21ecf15d1bf2f43ed4ab764bf4a8910
1989,kma_asos:119,1989-06-24,1989-07-30,119,수원,0d7b8f1e7ca1054498102c876e9bab92c21ecf15d1bf2f43ed4ab764bf4a8910
1989,kma_asos:127,1989-06-24,1989-07-30,127,충주,0d7b8f1e7ca1054498102c876e9bab92c21ecf15d1bf2f43ed4ab764bf4a8910
1989,kma_asos:129,1989-06-24,1989-07-30,129,서산,0d7b8f1e7ca1054498102c876e9bab92c21ecf15d1bf2f43ed4ab764bf4a8910
1989,kma_asos:130,1989-06-23,1989-07-29,130,울진,0d7b8f1e7ca1054498102c876e9bab92c21ecf15d1bf2f43ed4ab764bf4a8910
1989,kma_asos:131,1989-06-24,1989-07-30,131,청주,0d7b8f1e7ca1054498102c876e9bab92c21ecf15d1bf2f43ed4ab764bf4a8910
1989,kma_asos:133,1989-06-24,1989-07-30,133,대전,0d7b8f1e7ca1054498102c876e9bab92c21ecf15d1bf2f43ed4ab764bf4a8910
1989,kma_asos:135,1989-06-24,1989-07-30,135,추풍령,0d7b8f1e7ca1054498102c876e9bab92c21ecf15d1bf2f43ed4ab764bf4a8910
1989,kma_asos:136,1989-06-23,1989-07-29,136,안동,0d7b8f1e7ca1054498102c876e9bab92c21ecf15d1bf2f43ed4ab764bf4a8910
1989,kma_asos:138,1989-06-23,1989-07-29,138,포항,0d7b8f1e7ca1054498102c876e9bab92c21ecf15d1bf2f43ed4ab764bf4a8910
1989,kma_asos:140,1989-06-23,1989-07-29,140,군산,0d7b8f1e7ca1054498102c876e9bab92c21ecf15d1bf2f43ed4ab764bf4a8910
1989,kma_asos:143,1989-06-23,1989-07-29,143,대구,0d7b8f1e7ca1054498102c876e9bab92c21ecf15d1bf2f43ed4ab764bf4a8910
1989,kma_asos:146,1989-06-23,1989-07-29,146,전주,0d7b8f1e7ca1054498102c876e9bab92c21ecf15d1bf2f43ed4ab764bf4a8910
1989,kma_asos:152,1989-06-23,1989-07-29,152,울산,0d7b8f1e7ca1054498102c876e9bab92c21ecf15d1bf2f43ed4ab764bf4a8910
1989,kma_asos:155,1989-06-23,1989-07-29,155,창원,0d7b8f1e7ca1054498102c876e9bab92c21ecf15d1bf2f43ed4ab764bf4a8910
1989,kma_asos:156,1989-06-23,1989-07-29,156,광주,0d7b8f1e7ca1054498102c876e9bab92c21ecf15d1bf2f43ed4ab764bf4a8910
1989,kma_asos:159,1989-06-23,1989-07-29,159,부산,0d7b8f1e7ca1054498102c876e9bab92c21ecf15d1bf2f43ed4ab764bf4a8910
1989,kma_asos:162,1989-06-23,1989-07-29,162,통영,0d7b8f1e7ca1054498102c876e9bab92c21ecf15d1bf2f43ed4ab764bf4a8910
1989,kma_asos:165,1989-06-23,1989-07-29,165,목포,0d7b8f1e7ca1054498102c876e9bab92c21ecf15d1bf2f43ed4ab764bf4a8910
1989,kma_asos:168,1989-06-23,1989-07-29,168,여수,0d7b8f1e7ca1054498102c876e9bab92c21ecf15d1bf2f43ed4ab764bf4a8910
1989,kma_asos:170,1989-06-23,1989-07-29,170,완도,0d7b8f1e7ca1054498102c876e9bab92c21ecf15d1bf2f43ed4ab764bf4a8910
1989,kma_asos:184,1989-06-23,1989-07-29,184,제주,0d7b8f1e7ca1054498102c876e9bab92c21ecf15d1bf2f43ed4ab764bf4a8910
1989,kma_asos:185,1989-06-23,1989-07-29,185,고산,0d7b8f1e7ca1054498102c876e9bab92c21ecf15d1bf2f43ed4ab764bf4a8910
1989,kma_asos:188,1989-06-23,1989-07-29,188,성산,0d7b8f1e7ca1054498102c876e9bab92c21ecf15d1bf2f43ed4ab764bf4a8910
1989,kma_asos:189,1989-06-23,1989-07-29,189,서귀포,0d7b8f1e7ca1054498102c876e9bab92c21ecf15d1bf2f43ed4ab764bf4a8910
1989,kma_asos:192,1989-06-23,1989-07-29,192,진주,0d7b8f1e7ca1054498102c876e9bab92c21ecf15d1bf2f43ed4ab764bf4a8910
1989,kma_asos:201,1989-06-24,1989-07-30,201,강화,0d7b8f1e7ca1054498102c876e9bab92c21ecf15d1bf2f43ed4ab764bf4a8910
1989,kma_asos:202,1989-06-24,1989-07-30,202,양평,0d7b8f1e7ca1054498102c876e9bab92c21ecf15d1bf2f43ed4ab764bf4a8910
1989,kma_asos:203,1989-06-24,1989-07-30,203,이천,0d7b8f1e7ca1054498102c876e9bab92c21ecf15d1bf2f43ed4ab764bf4a8910
1989,kma_asos:211,1989-06-24,1989-07-30,211,인제,0d7b8f1e7ca1054498102c876e9bab92c21ecf15d1bf2f43ed4ab764bf4a8910
1989,kma_asos:212,1989-06-24,1989-07-30,212,홍천,0d7b8f1e7ca1054498102c876e9bab92c21ecf15d1bf2f43ed4ab764bf4a8910
1989,kma_asos:216,1989-06-24,1989-07-30,216,태백,0d7b8f1e7ca1054498102c876e9bab92c21ecf15d1bf2f43ed4ab764bf4a8910
1989,kma_asos:221,1989-06-24,1989-07-30,221,제천,0d7b8f1e7ca1054498102c876e9bab92c21ecf15d1bf2f43ed4ab764bf4a8910
1989,kma_asos:226,1989-06-24,1989-07-30,226,보은,0d7b8f1e7ca1054498102c876e9bab92c21ecf15d1bf2f43ed4ab764bf4a8910
1989,kma_asos:232,1989-06-24,1989-07-30,232,천안,0d7b8f1e7ca1054498102c876e9bab92c21ecf15d1bf2f43ed4ab764bf4a8910
1989,kma_asos:235,1989-06-24,1989-07-30,235,보령,0d7b8f1e7ca1054498102c876e9bab92c21ecf15d1bf2f43ed4ab764bf4a8910
1989,kma_asos:236,1989-06-24,1989-07-30,236,부여,0d7b8f1e7ca1054498102c876e9bab92c21ecf15d1bf2f43ed4ab764bf4a8910
1989,kma_asos:238,1989-06-24,1989-07-30,238,금산,0d7b8f1e7ca1054498102c876e9bab92c21ecf15d1bf2f43ed4ab764bf4a8910
1989,kma_asos:243,1989-06-23,1989-07-29,243,부안,0d7b8f1e7ca1054498102c876e9bab92c21ecf15d1bf2f43ed4ab764bf4a8910
1989,kma_asos:244,1989-06-23,1989-07-29,244,임실,0d7b8f1e7ca1054498102c876e9bab92c21ecf15d1bf2f43ed4ab764bf4a8910
1989,kma_asos:245,1989-06-23,1989-07-29,245,정읍,0d7b8f1e7ca1054498102c876e9bab92c21ecf15d1bf2f43ed4ab764bf4a8910
1989,kma_asos:247,1989-06-23,1989-07-29,247,남원,0d7b8f1e7ca1054498102c876e9bab92c21ecf15d1bf2f43ed4ab764bf4a8910
1989,kma_asos:248,1989-06-23,1989-07-29,248,장수,0d7b8f1e7ca1054498102c876e9bab92c21ecf15d1bf2f43ed4ab764bf4a8910
1989,kma_asos:260,1989-06-23,1989-07-29,260,장흥,0d7b8f1e7ca1054498102c876e9bab92c21ecf15d1bf2f43ed4ab764bf4a8910
1989,kma_asos:261,1989-06-23,1989-07-29,261,해남,0d7b8f1e7ca1054498102c876e9bab92c21ecf15d1bf2f43ed4ab764bf4a8910
1989,kma_asos:262,1989-06-23,1989-07-29,262,고흥,0d7b8f1e7ca1054498102c876e9bab92c21ecf15d1bf2f43ed4ab764bf4a8910
1989,kma_asos:271,1989-06-23,1989-07-29,271,봉화,0d7b8f1e7ca1054498102c876e9bab92c21ecf15d1bf2f43ed4ab764bf4a8910
1989,kma_asos:272,1989-06-23,1989-07-29,272,영주,0d7b8f1e7ca1054498102c876e9bab92c21ecf15d1bf2f43ed4ab764bf4a8910
1989,kma_asos:273,1989-06-23,1989-07-29,273,문경,0d7b8f1e7ca1054498102c876e9bab92c21ecf15d1bf2f43ed4ab764bf4a8910
1989,kma_asos:277,1989-06-23,1989-07-29,277,영덕,0d7b8f1e7ca1054498102c876e9bab92c21ecf15d1bf2f43ed4ab764bf4a8910
1989,kma_asos:278,1989-06-23,1989-07-29,278,의성,0d7b8f1e7ca1054498102c876e9bab92c21ecf15d1bf2f43ed4ab764bf4a8910
1989,kma_asos:279,1989-06-23,1989-07-29,279,구미,0d7b8f1e7ca1054498102c876e9bab92c21ecf15d1bf2f43ed4ab764bf4a8910
1989,kma_asos:281,1989-06-23,1989-07-29,281,영천,0d7b8f1e7ca1054498102c876e9bab92c21ecf15d1bf2f43ed4ab764bf4a8910
1989,kma_asos:284,1989-06-23,1989-07-29,284,거창,0d7b8f1e7ca1054498102c876e9bab92c21ecf15d1bf2f43ed4ab764bf4a8910
1989,kma_asos:285,1989-06-23,1989-07-29,285,합천,0d7b8f1e7ca1054498102c876e9bab92c21ecf15d1bf2f43ed4ab764bf4a8910
1989,kma_asos:288,1989-06-23,1989-07-29,288,밀양,0d7b8f1e7ca1054498102c876e9bab92c21ecf15d1bf2f43ed4ab764bf4a8910
1989,kma_asos:289,1989-06-23,1989-07-29,289,산청,0d7b8f1e7ca1054498102c876e9bab92c21ecf15d1bf2f43ed4ab764bf4a8910
1989,kma_asos:294,1989-06-23,1989-07-29,294,거제,0d7b8f1e7ca1054498102c876e9bab92c21ecf15d1bf2f43ed4ab764bf4a8910
1989,kma_asos:295,1989-06-23,1989-07-29,295,남해,0d7b8f1e7ca1054498102c876e9bab92c21ecf15d1bf2f43ed4ab764bf4a8910
1990,kma_asos:90,1990-06-19,1990-07-27,90,속초,0d7b8f1e7ca1054498102c876e9bab92c21ecf15d1bf2f43ed4ab764bf4a8910
1990,kma_asos:95,1990-06-19,1990-07-27,95,철원,0d7b8f1e7ca1054498102c876e9bab92c21ecf15d1bf2f43ed4ab764bf4a8910
1990,kma_asos:100,1990-06-19,1990-07-27,100,대관령,0d7b8f1e7ca1054498102c876e9bab92c21ecf15d1bf2f43ed4ab764bf4a8910
1990,kma_asos:101,1990-06-19,1990-07-27,101,춘천,0d7b8f1e7ca1054498102c876e9bab92c21ecf15d1bf2f43ed4ab764bf4a8910
1990,kma_asos:105,1990-06-19,1990-07-27,105,강릉,0d7b8f1e7ca1054498102c876e9bab92c21ecf15d1bf2f43ed4ab764bf4a8910
1990,kma_asos:108,1990-06-19,1990-07-27,108,서울,0d7b8f1e7ca1054498102c876e9bab92c21ecf15d1bf2f43ed4ab764bf4a8910
1990,kma_asos:112,1990-06-19,1990-07-27,112,인천,0d7b8f1e7ca1054498102c876e9bab92c21ecf15d1bf2f43ed4ab764bf4a8910
1990,kma_asos:114,1990-06-19,1990-07-27,114,원주,0d7b8f1e7ca1054498102c876e9bab92c21ecf15d1bf2f43ed4ab764bf4a8910
1990,kma_asos:119,1990-06-19,1990-07-27,119,수원,0d7b8f1e7ca1054498102c876e9bab92c21ecf15d1bf2f43ed4ab764bf4a8910
1990,kma_asos:127,1990-06-19,1990-07-27,127,충주,0d7b8f1e7ca1054498102c876e9bab92c21ecf15d1bf2f43ed4ab764bf4a8910
1990,kma_asos:129,1990-06-19,1990-07-27,129,서산,0d7b8f1e7ca1054498102c876e9bab92c21ecf15d1bf2f43ed4ab764bf4a8910
1990,kma_asos:130,1990-06-19,1990-07-19,130,울진,0d7b8f1e7ca1054498102c876e9bab92c21ecf15d1bf2f43ed4ab764bf4a8910
1990,kma_asos:131,1990-06-19,1990-07-27,131,청주,0d7b8f1e7ca1054498102c876e9bab92c21ecf15d1bf2f43ed4ab764bf4a8910
1990,kma_asos:133,1990-06-19,1990-07-27,133,대전,0d7b8f1e7ca1054498102c876e9bab92c21ecf15d1bf2f43ed4ab764bf4a8910
1990,kma_asos:135,1990-06-19,1990-07-27,135,추풍령,0d7b8f1e7ca1054498102c876e9bab92c21ecf15d1bf2f43ed4ab764bf4a8910
1990,kma_asos:136,1990-06-19,1990-07-19,136,안동,0d7b8f1e7ca1054498102c876e9bab92c21ecf15d1bf2f43ed4ab764bf4a8910
1990,kma_asos:138,1990-06-19,1990-07-19,138,포항,0d7b8f1e7ca1054498102c876e9bab92c21ecf15d1bf2f43ed4ab764bf4a8910
1990,kma_asos:140,1990-06-19,1990-07-19,140,군산,0d7b8f1e7ca1054498102c876e9bab92c21ecf15d1bf2f43ed4ab764bf4a8910
1990,kma_asos:143,1990-06-19,1990-07-19,143,대구,0d7b8f1e7ca1054498102c876e9bab92c21ecf15d1bf2f43ed4ab764bf4a8910
1990,kma_asos:146,1990-06-19,1990-07-19,146,전주,0d7b8f1e7ca1054498102c876e9bab92c21ecf15d1bf2f43ed4ab764bf4a8910
1990,kma_asos:152,1990-06-19,1990-07-19,152,울산,0d7b8f1e7ca1054498102c876e9bab92c21ecf15d1bf2f43ed4ab764bf4a8910
1990,kma_asos:155,1990-06-19,1990-07-19,155,창원,0d7b8f1e7ca1054498102c876e9bab92c21ecf15d1bf2f43ed4ab764bf4a8910
1990,kma_asos:156,1990-06-19,1990-07-19,156,광주,0d7b8f1e7ca1054498102c876e9bab92c21ecf15d1bf2f43ed4ab764bf4a8910
1990,kma_asos:159,1990-06-19,1990-07-19,159,부산,0d7b8f1e7ca1054498102c876e9bab92c21ecf15d1bf2f43ed4ab764bf4a8910
1990,kma_asos:162,1990-06-19,1990-07-19,162,통영,0d7b8f1e7ca1054498102c876e9bab92c21ecf15d1bf2f43ed4ab764bf4a8910
1990,kma_asos:165,1990-06-19,1990-07-19,165,목포,0d7b8f1e7ca1054498102c876e9bab92c21ecf15d1bf2f43ed4ab764bf4a8910
1990,kma_asos:168,1990-06-19,1990-07-19,168,여수,0d7b8f1e7ca1054498102c876e9bab92c21ecf15d1bf2f43ed4ab764bf4a8910
1990,kma_asos:170,1990-06-19,1990-07-19,170,완도,0d7b8f1e7ca1054498102c876e9bab92c21ecf15d1bf2f43ed4ab764bf4a8910
1990,kma_asos:184,1990-06-18,1990-07-17,184,제주,0d7b8f1e7ca1054498102c876e9bab92c21ecf15d1bf2f43ed4ab764bf4a8910
1990,kma_asos:185,1990-06-18,1990-07-17,185,고산,0d7b8f1e7ca1054498102c876e9bab92c21ecf15d1bf2f43ed4ab764bf4a8910
1990,kma_asos:188,1990-06-18,1990-07-17,188,성산,0d7b8f1e7ca1054498102c876e9bab92c21ecf15d1bf2f43ed4ab764bf4a8910
1990,kma_asos:189,1990-06-18,1990-07-17,189,서귀포,0d7b8f1e7ca1054498102c876e9bab92c21ecf15d1bf2f43ed4ab764bf4a8910
1990,kma_asos:192,1990-06-19,1990-07-19,192,진주,0d7b8f1e7ca1054498102c876e9bab92c21ecf15d1bf2f43ed4ab764bf4a8910
1990,kma_asos:201,1990-06-19,1990-07-27,201,강화,0d7b8f1e7ca1054498102c876e9bab92c21ecf15d1bf2f43ed4ab764bf4a8910
1990,kma_asos:202,1990-06-19,1990-07-27,202,양평,0d7b8f1e7ca1054498102c876e9bab92c21ecf15d1bf2f43ed4ab764bf4a8910
1990,kma_asos:203,1990-06-19,1990-07-27,203,이천,0d7b8f1e7ca1054498102c876e9bab92c21ecf15d1bf2f43ed4ab764bf4a8910
1990,kma_asos:211,1990-06-19,1990-07-27,211,인제,0d7b8f1e7ca1054498102c876e9bab92c21ecf15d1bf2f43ed4ab764bf4a8910
1990,kma_asos:212,1990-06-19,1990-07-27,212,홍천,0d7b8f1e7ca1054498102c876e9bab92c21ecf15d1bf2f43ed4ab764bf4a8910
1990,kma_asos:216,1990-06-19,1990-07-27,216,태백,0d7b8f1e7ca1054498102c876e9bab92c21ecf15d1bf2f43ed4ab764bf4a8910
1990,kma_asos:221,1990-06-19,1990-07-27,221,제천,0d7b8f1e7ca1054498102c876e9bab92c21ecf15d1bf2f43ed4ab764bf4a8910
1990,kma_asos:226,1990-06-19,1990-07-27,226,보은,0d7b8f1e7ca1054498102c876e9bab92c21ecf15d1bf2f43ed4ab764bf4a8910
1990,kma_asos:232,1990-06-19,1990-07-27,232,천안,0d7b8f1e7ca1054498102c876e9bab92c21ecf15d1bf2f43ed4ab764bf4a8910
1990,kma_asos:235,1990-06-19,1990-07-27,235,보령,0d7b8f1e7ca1054498102c876e9bab92c21ecf15d1bf2f43ed4ab764bf4a8910
1990,kma_asos:236,1990-06-19,1990-07-27,236,부여,0d7b8f1e7ca1054498102c876e9bab92c21ecf15d1bf2f43ed4ab764bf4a8910
1990,kma_asos:238,1990-06-19,1990-07-27,238,금산,0d7b8f1e7ca1054498102c876e9bab92c21ecf15d1bf2f43ed4ab764bf4a8910
1990,kma_asos:243,1990-06-19,1990-07-19,243,부안,0d7b8f1e7ca1054498102c876e9bab92c21ecf15d1bf2f43ed4ab764bf4a8910
1990,kma_asos:244,1990-06-19,1990-07-19,244,임실,0d7b8f1e7ca1054498102c876e9bab92c21ecf15d1bf2f43ed4ab764bf4a8910
1990,kma_asos:245,1990-06-19,1990-07-19,245,정읍,0d7b8f1e7ca1054498102c876e9bab92c21ecf15d1bf2f43ed4ab764bf4a8910
1990,kma_asos:247,1990-06-19,1990-07-19,247,남원,0d7b8f1e7ca1054498102c876e9bab92c21ecf15d1bf2f43ed4ab764bf4a8910
1990,kma_asos:248,1990-06-19,1990-07-19,248,장수,0d7b8f1e7ca1054498102c876e9bab92c21ecf15d1bf2f43ed4ab764bf4a8910
1990,kma_asos:260,1990-06-19,1990-07-19,260,장흥,0d7b8f1e7ca1054498102c876e9bab92c21ecf15d1bf2f43ed4ab764bf4a8910
1990,kma_asos:261,1990-06-19,1990-07-19,261,해남,0d7b8f1e7ca1054498102c876e9bab92c21ecf15d1bf2f43ed4ab764bf4a8910
1990,kma_asos:262,1990-06-19,1990-07-19,262,고흥,0d7b8f1e7ca1054498102c876e9bab92c21ecf15d1bf2f43ed4ab764bf4a8910
1990,kma_asos:271,1990-06-19,1990-07-19,271,봉화,0d7b8f1e7ca1054498102c876e9bab92c21ecf15d1bf2f43ed4ab764bf4a8910
1990,kma_asos:272,1990-06-19,1990-07-19,272,영주,0d7b8f1e7ca1054498102c876e9bab92c21ecf15d1bf2f43ed4ab764bf4a8910
1990,kma_asos:273,1990-06-19,1990-07-19,273,문경,0d7b8f1e7ca1054498102c876e9bab92c21ecf15d1bf2f43ed4ab764bf4a8910
1990,kma_asos:277,1990-06-19,1990-07-19,277,영덕,0d7b8f1e7ca1054498102c876e9bab92c21ecf15d1bf2f43ed4ab764bf4a8910
1990,kma_asos:278,1990-06-19,1990-07-19,278,의성,0d7b8f1e7ca1054498102c876e9bab92c21ecf15d1bf2f43ed4ab764bf4a8910
1990,kma_asos:279,1990-06-19,1990-07-19,279,구미,0d7b8f1e7ca1054498102c876e9bab92c21ecf15d1bf2f43ed4ab764bf4a8910
1990,kma_asos:281,1990-06-19,1990-07-19,281,영천,0d7b8f1e7ca1054498102c876e9bab92c21ecf15d1bf2f43ed4ab764bf4a8910
1990,kma_asos:284,1990-06-19,1990-07-19,284,거창,0d7b8f1e7ca1054498102c876e9bab92c21ecf15d1bf2f43ed4ab764bf4a8910
1990,kma_asos:285,1990-06-19,1990-07-19,285,합천,0d7b8f1e7ca1054498102c876e9bab92c21ecf15d1bf2f43ed4ab764bf4a8910
1990,kma_asos:288,1990-06-19,1990-07-19,288,밀양,0d7b8f1e7ca1054498102c876e9bab92c21ecf15d1bf2f43ed4ab764bf4a8910
1990,kma_asos:289,1990-06-19,1990-07-19,289,산청,0d7b8f1e7ca1054498102c876e9bab92c21ecf15d1bf2f43ed4ab764bf4a8910
1990,kma_asos:294,1990-06-19,1990-07-19,294,거제,0d7b8f1e7ca1054498102c876e9bab92c21ecf15d1bf2f43ed4ab764bf4a8910
1990,kma_asos:295,1990-06-19,1990-07-19,295,남해,0d7b8f1e7ca1054498102c876e9bab92c21ecf15d1bf2f43ed4ab764bf4a8910
1991,kma_asos:90,1991-06-29,1991-08-02,90,속초,0d7b8f1e7ca1054498102c876e9bab92c21ecf15d1bf2f43ed4ab764bf4a8910
1991,kma_asos:95,1991-06-29,1991-08-02,95,철원,0d7b8f1e7ca1054498102c876e9bab92c21ecf15d1bf2f43ed4ab764bf4a8910
1991,kma_asos:100,1991-06-29,1991-08-02,100,대관령,0d7b8f1e7ca1054498102c876e9bab92c21ecf15d1bf2f43ed4ab764bf4a8910
1991,kma_asos:101,1991-06-29,1991-08-02,101,춘천,0d7b8f1e7ca1054498102c876e9bab92c21ecf15d1bf2f43ed4ab764bf4a8910
1991,kma_asos:105,1991-06-29,1991-08-02,105,강릉,0d7b8f1e7ca1054498102c876e9bab92c21ecf15d1bf2f43ed4ab764bf4a8910
1991,kma_asos:108,1991-06-29,1991-08-02,108,서울,0d7b8f1e7ca1054498102c876e9bab92c21ecf15d1bf2f43ed4ab764bf4a8910
1991,kma_asos:112,1991-06-29,1991-08-02,112,인천,0d7b8f1e7ca1054498102c876e9bab92c21ecf15d1bf2f43ed4ab764bf4a8910
1991,kma_asos:114,1991-06-29,1991-08-02,114,원주,0d7b8f1e7ca1054498102c876e9bab92c21ecf15d1bf2f43ed4ab764bf4a8910
1991,kma_asos:119,1991-06-29,1991-08-02,119,수원,0d7b8f1e7ca1054498102c876e9bab92c21ecf15d1bf2f43ed4ab764bf4a8910
1991,kma_asos:127,1991-06-29,1991-08-02,127,충주,0d7b8f1e7ca1054498102c876e9bab92c21ecf15d1bf2f43ed4ab764bf4a8910
1991,kma_asos:129,1991-06-29,1991-08-02,129,서산,0d7b8f1e7ca1054498102c876e9bab92c21ecf15d1bf2f43ed4ab764bf4a8910
1991,kma_asos:130,1991-06-26,1991-08-02,130,울진,0d7b8f1e7ca1054498102c876e9bab92c21ecf15d1bf2f43ed4ab764bf4a8910
1991,kma_asos:131,1991-06-29,1991-08-02,131,청주,0d7b8f1e7ca1054498102c876e9bab92c21ecf15d1bf2f43ed4ab764bf4a8910
1991,kma_asos:133,1991-06-29,1991-08-02,133,대전,0d7b8f1e7ca1054498102c876e9bab92c21ecf15d1bf2f43ed4ab764bf4a8910
1991,kma_asos:135,1991-06-29,1991-08-02,135,추풍령,0d7b8f1e7ca1054498102c876e9bab92c21ecf15d1bf2f43ed4ab764bf4a8910
1991,kma_asos:136,1991-06-26,1991-08-02,136,안동,0d7b8f1e7ca1054498102c876e9bab92c21ecf15d1bf2f43ed4ab764bf4a8910
1991,kma_asos:138,1991-06-26,1991-08-02,138,포항,0d7b8f1e7ca1054498102c876e9bab92c21ecf15d1bf2f43ed4ab764bf4a8910
1991,kma_asos:140,1991-06-26,1991-08-02,140,군산,0d7b8f1e7ca1054498102c876e9bab92c21ecf15d1bf2f43ed4ab764bf4a8910
1991,kma_asos:143,1991-06-26,1991-08-02,143,대구,0d7b8f1e7ca1054498102c876e9bab92c21ecf15d1bf2f43ed4ab764bf4a8910
1991,kma_asos:146,1991-06-26,1991-08-02,146,전주,0d7b8f1e7ca1054498102c876e9bab92c21ecf15d1bf2f43ed4ab764bf4a8910
1991,kma_asos:152,1991-06-26,1991-08-02,152,울산,0d7b8f1e7ca1054498102c876e9bab92c21ecf15d1bf2f43ed4ab764bf4a8910
1991,kma_asos:155,1991-06-26,1991-08-02,155,창원,0d7b8f1e7ca1054498102c876e9bab92c21ecf15d1bf2f43ed4ab764bf4a8910
1991,kma_asos:156,1991-06-26,1991-08-02,156,광주,0d7b8f1e7ca1054498102c876e9bab92c21ecf15d1bf2f43ed4ab764bf4a8910
1991,kma_asos:159,1991-06-26,1991-08-02,159,부산,0d7b8f1e7ca1054498102c876e9bab92c21ecf15d1bf2f43ed4ab764bf4a8910
1991,kma_asos:162,1991-06-26,1991-08-02,162,통영,0d7b8f1e7ca1054498102c876e9bab92c21ecf15d1bf2f43ed4ab764bf4a8910
1991,kma_asos:165,1991-06-26,1991-08-02,165,목포,0d7b8f1e7ca1054498102c876e9bab92c21ecf15d1bf2f43ed4ab764bf4a8910
1991,kma_asos:168,1991-06-26,1991-08-02,168,여수,0d7b8f1e7ca1054498102c876e9bab92c21ecf15d1bf2f43ed4ab764bf4a8910
1991,kma_asos:170,1991-06-26,1991-08-02,170,완도,0d7b8f1e7ca1054498102c876e9bab92c21ecf15d1bf2f43ed4ab764bf4a8910
1991,kma_asos:184,1991-06-15,1991-07-17,184,제주,0d7b8f1e7ca1054498102c876e9bab92c21ecf15d1bf2f43ed4ab764bf4a8910
1991,kma_asos:185,1991-06-15,1991-07-17,185,고산,0d7b8f1e7ca1054498102c876e9bab92c21ecf15d1bf2f43ed4ab764bf4a8910
1991,kma_asos:188,1991-06-15,1991-07-17,188,성산,0d7b8f1e7ca1054498102c876e9bab92c21ecf15d1bf2f43ed4ab764bf4a8910
1991,kma_asos:189,1991-06-15,1991-07-17,189,서귀포,0d7b8f1e7ca1054498102c876e9bab92c21ecf15d1bf2f43ed4ab764bf4a8910
1991,kma_asos:192,1991-06-26,1991-08-02,192,진주,0d7b8f1e7ca1054498102c876e9bab92c21ecf15d1bf2f43ed4ab764bf4a8910
1991,kma_asos:201,1991-06-29,1991-08-02,201,강화,0d7b8f1e7ca1054498102c876e9bab92c21ecf15d1bf2f43ed4ab764bf4a8910
1991,kma_asos:202,1991-06-29,1991-08-02,202,양평,0d7b8f1e7ca1054498102c876e9bab92c21ecf15d1bf2f43ed4ab764bf4a8910
1991,kma_asos:203,1991-06-29,1991-08-02,203,이천,0d7b8f1e7ca1054498102c876e9bab92c21ecf15d1bf2f43ed4ab764bf4a8910
1991,kma_asos:211,1991-06-29,1991-08-02,211,인제,0d7b8f1e7ca1054498102c876e9bab92c21ecf15d1bf2f43ed4ab764bf4a8910
1991,kma_asos:212,1991-06-29,1991-08-02,212,홍천,0d7b8f1e7ca1054498102c876e9bab92c21ecf15d1bf2f43ed4ab764bf4a8910
1991,kma_asos:216,1991-06-29,1991-08-02,216,태백,0d7b8f1e7ca1054498102c876e9bab92c21ecf15d1bf2f43ed4ab764bf4a8910
1991,kma_asos:221,1991-06-29,1991-08-02,221,제천,0d7b8f1e7ca1054498102c876e9bab92c21ecf15d1bf2f43ed4ab764bf4a8910
1991,kma_asos:226,1991-06-29,1991-08-02,226,보은,0d7b8f1e7ca1054498102c876e9bab92c21ecf15d1bf2f43ed4ab764bf4a8910
1991,kma_asos:232,1991-06-29,1991-08-02,232,천안,0d7b8f1e7ca1054498102c876e9bab92c21ecf15d1bf2f43ed4ab764bf4a8910
1991,kma_asos:235,1991-06-29,1991-08-02,235,보령,0d7b8f1e7ca1054498102c876e9bab92c21ecf15d1bf2f43ed4ab764bf4a8910
1991,kma_asos:236,1991-06-29,1991-08-02,236,부여,0d7b8f1e7ca1054498102c876e9bab92c21ecf15d1bf2f43ed4ab764bf4a8910
1991,kma_asos:238,1991-06-29,1991-08-02,238,금산,0d7b8f1e7ca1054498102c876e9bab92c21ecf15d1bf2f43ed4ab764bf4a8910
1991,kma_asos:243,1991-06-26,1991-08-02,243,부안,0d7b8f1e7ca1054498102c876e9bab92c21ecf15d1bf2f43ed4ab764bf4a8910
1991,kma_asos:244,1991-06-26,1991-08-02,244,임실,0d7b8f1e7ca1054498102c876e9bab92c21ecf15d1bf2f43ed4ab764bf4a8910
1991,kma_asos:245,1991-06-26,1991-08-02,245,정읍,0d7b8f1e7ca1054498102c876e9bab92c21ecf15d1bf2f43ed4ab764bf4a8910
1991,kma_asos:247,1991-06-26,1991-08-02,247,남원,0d7b8f1e7ca1054498102c876e9bab92c21ecf15d1bf2f43ed4ab764bf4a8910
1991,kma_asos:248,1991-06-26,1991-08-02,248,장수,0d7b8f1e7ca1054498102c876e9bab92c21ecf15d1bf2f43ed4ab764bf4a8910
1991,kma_asos:260,1991-06-26,1991-08-02,260,장흥,0d7b8f1e7ca1054498102c876e9bab92c21ecf15d1bf2f43ed4ab764bf4a8910
1991,kma_asos:261,1991-06-26,1991-08-02,261,해남,0d7b8f1e7ca1054498102c876e9bab92c21ecf15d1bf2f43ed4ab764bf4a8910
1991,kma_asos:262,1991-06-26,1991-08-02,262,고흥,0d7b8f1e7ca1054498102c876e9bab92c21ecf15d1bf2f43ed4ab764bf4a8910
1991,kma_asos:271,1991-06-26,1991-08-02,271,봉화,0d7b8f1e7ca1054498102c876e9bab92c21ecf15d1bf2f43ed4ab764bf4a8910
1991,kma_asos:272,1991-06-26,1991-08-02,272,영주,0d7b8f1e7ca1054498102c876e9bab92c21ecf15d1bf2f43ed4ab764bf4a8910
1991,kma_asos:273,1991-06-26,1991-08-02,273,문경,0d7b8f1e7ca1054498102c876e9bab92c21ecf15d1bf2f43ed4ab764bf4a8910
1991,kma_asos:277,1991-06-26,1991-08-02,277,영덕,0d7b8f1e7ca1054498102c876e9bab92c21ecf15d1bf2f43ed4ab764bf4a8910
1991,kma_asos:278,1991-06-26,1991-08-02,278,의성,0d7b8f1e7ca1054498102c876e9bab92c21ecf15d1bf2f43ed4ab764bf4a8910
1991,kma_asos:279,1991-06-26,1991-08-02,279,구미,0d7b8f1e7ca1054498102c876e9bab92c21ecf15d1bf2f43ed4ab764bf4a8910
1991,kma_asos:281,1991-06-26,1991-08-02,281,영천,0d7b8f1e7ca1054498102c876e9bab92c21ecf15d1bf2f43ed4ab764bf4a8910
1991,kma_asos:284,1991-06-26,1991-08-02,284,거창,0d7b8f1e7ca1054498102c876e9bab92c21ecf15d1bf2f43ed4ab764bf4a8910
1991,kma_asos:285,1991-06-26,1991-08-02,285,합천,0d7b8f1e7ca1054498102c876e9bab92c21ecf15d1bf2f43ed4ab764bf4a8910
1991,kma_asos:288,1991-06-26,1991-08-02,288,밀양,0d7b8f1e7ca1054498102c876e9bab92c21ecf15d1bf2f43ed4ab764bf4a8910
1991,kma_asos:289,1991-06-26,1991-08-02,289,산청,0d7b8f1e7ca1054498102c876e9bab92c21ecf15d1bf2f43ed4ab764bf4a8910
1991,kma_asos:294,1991-06-26,1991-08-02,294,거제,0d7b8f1e7ca1054498102c876e9bab92c21ecf15d1bf2f43ed4ab764bf4a8910
1991,kma_asos:295,1991-06-26,1991-08-02,295,남해,0d7b8f1e7ca1054498102c876e9bab92c21ecf15d1bf2f43ed4ab764bf4a8910
1992,kma_asos:90,1992-07-02,1992-07-31,90,속초,0d7b8f1e7ca1054498102c876e9bab92c21ecf15d1bf2f43ed4ab764bf4a8910
1992,kma_asos:95,1992-07-02,1992-07-31,95,철원,0d7b8f1e7ca1054498102c876e9bab92c21ecf15d1bf2f43ed4ab764bf4a8910
1992,kma_asos:100,1992-07-02,1992-07-31,100,대관령,0d7b8f1e7ca1054498102c876e9bab92c21ecf15d1bf2f43ed4ab764bf4a8910
1992,kma_asos:101,1992-07-02,1992-07-31,101,춘천,0d7b8f1e7ca1054498102c876e9bab92c21ecf15d1bf2f43ed4ab764bf4a8910
1992,kma_asos:105,1992-07-02,1992-07-31,105,강릉,0d7b8f1e7ca1054498102c876e9bab92c21ecf15d1bf2f43ed4ab764bf4a8910
1992,kma_asos:108,1992-07-02,1992-07-31,108,서울,0d7b8f1e7ca1054498102c876e9bab92c21ecf15d1bf2f43ed4ab764bf4a8910
1992,kma_asos:112,1992-07-02,1992-07-31,112,인천,0d7b8f1e7ca1054498102c876e9bab92c21ecf15d1bf2f43ed4ab764bf4a8910
1992,kma_asos:114,1992-07-02,1992-07-31,114,원주,0d7b8f1e7ca1054498102c876e9bab92c21ecf15d1bf2f43ed4ab764bf4a8910
1992,kma_asos:119,1992-07-02,1992-07-31,119,수원,0d7b8f1e7ca1054498102c876e9bab92c21ecf15d1bf2f43ed4ab764bf4a8910
1992,kma_asos:127,1992-07-02,1992-07-31,127,충주,0d7b8f1e7ca1054498102c876e9bab92c21ecf15d1bf2f43ed4ab764bf4a8910
1992,kma_asos:129,1992-07-02,1992-07-31,129,서산,0d7b8f1e7ca1054498102c876e9bab92c21ecf15d1bf2f43ed4ab764bf4a8910
1992,kma_asos:130,1992-07-09,1992-07-23,130,울진,0d7b8f1e7ca1054498102c876e9bab92c21ecf15d1bf2f43ed4ab764bf4a8910
1992,kma_asos:131,1992-07-02,1992-07-31,131,청주,0d7b8f1e7ca1054498102c876e9bab92c21ecf15d1bf2f43ed4ab764bf4a8910
1992,kma_asos:133,1992-07-02,1992-07-31,133,대전,0d7b8f1e7ca1054498102c876e9bab92c21ecf15d1bf2f43ed4ab764bf4a8910
1992,kma_asos:135,1992-07-02,1992-07-31,135,추풍령,0d7b8f1e7ca1054498102c876e9bab92c21ecf15d1bf2f43ed4ab764bf4a8910
1992,kma_asos:136,1992-07-09,1992-07-23,136,안동,0d7b8f1e7ca1054498102c876e9bab92c21ecf15d1bf2f43ed4ab764bf4a8910
1992,kma_asos:138,1992-07-09,1992-07-23,138,포항,0d7b8f1e7ca1054498102c876e9bab92c21ecf15d1bf2f43ed4ab764bf4a8910
1992,kma_asos:140,1992-07-09,1992-07-23,140,군산,0d7b8f1e7ca1054498102c876e9bab92c21ecf15d1bf2f43ed4ab764bf4a8910
1992,kma_asos:143,1992-07-09,1992-07-23,143,대구,0d7b8f1e7ca1054498102c876e9bab92c21ecf15d1bf2f43ed4ab764bf4a8910
1992,kma_asos:146,1992-07-09,1992-07-23,146,전주,0d7b8f1e7ca1054498102c876e9bab92c21ecf15d1bf2f43ed4ab764bf4a8910
1992,kma_asos:152,1992-07-09,1992-07-23,152,울산,0d7b8f1e7ca1054498102c876e9bab92c21ecf15d1bf2f43ed4ab764bf4a8910
1992,kma_asos:155,1992-07-09,1992-07-23,155,창원,0d7b8f1e7ca1054498102c876e9bab92c21ecf15d1bf2f43ed4ab764bf4a8910
1992,kma_asos:156,1992-07-09,1992-07-23,156,광주,0d7b8f1e7ca1054498102c876e9bab92c21ecf15d1bf2f43ed4ab764bf4a8910
1992,kma_asos:159,1992-07-09,1992-07-23,159,부산,0d7b8f1e7ca1054498102c876e9bab92c21ecf15d1bf2f43ed4ab764bf4a8910
1992,kma_asos:162,1992-07-09,1992-07-23,162,통영,0d7b8f1e7ca1054498102c876e9bab92c21ecf15d1bf2f43ed4ab764bf4a8910
1992,kma_asos:165,1992-07-09,1992-07-23,165,목포,0d7b8f1e7ca1054498102c876e9bab92c21ecf15d1bf2f43ed4ab764bf4a8910
1992,kma_asos:168,1992-07-09,1992-07-23,168,여수,0d7b8f1e7ca1054498102c876e9bab92c21ecf15d1bf2f43ed4ab764bf4a8910
1992,kma_asos:170,1992-07-09,1992-07-23,170,완도,0d7b8f1e7ca1054498102c876e9bab92c21ecf15d1bf2f43ed4ab764bf4a8910
1992,kma_asos:184,1992-06-22,1992-07-20,184,제주,0d7b8f1e7ca1054498102c876e9bab92c21ecf15d1bf2f43ed4ab764bf4a8910
1992,kma_asos:185,1992-06-22,1992-07-20,185,고산,0d7b8f1e7ca1054498102c876e9bab92c21ecf15d1bf2f43ed4ab764bf4a8910
1992,kma_asos:188,1992-06-22,1992-07-20,188,성산,0d7b8f1e7ca1054498102c876e9bab92c21ecf15d1bf2f43ed4ab764bf4a8910
1992,kma_asos:189,1992-06-22,1992-07-20,189,서귀포,0d7b8f1e7ca1054498102c876e9bab92c21ecf15d1bf2f43ed4ab764bf4a8910
1992,kma_asos:192,1992-07-09,1992-07-23,192,진주,0d7b8f1e7ca1054498102c876e9bab92c21ecf15d1bf2f43ed4ab764bf4a8910
1992,kma_asos:201,1992-07-02,1992-07-31,201,강화,0d7b8f1e7ca1054498102c876e9bab92c21ecf15d1bf2f43ed4ab764bf4a8910
1992,kma_asos:202,1992-07-02,1992-07-31,202,양평,0d7b8f1e7ca1054498102c876e9bab92c21ecf15d1bf2f43ed4ab764bf4a8910
1992,kma_asos:203,1992-07-02,1992-07-31,203,이천,0d7b8f1e7ca1054498102c876e9bab92c21ecf15d1bf2f43ed4ab764bf4a8910
1992,kma_asos:211,1992-07-02,1992-07-31,211,인제,0d7b8f1e7ca1054498102c876e9bab92c21ecf15d1bf2f43ed4ab764bf4a8910
1992,kma_asos:212,1992-07-02,1992-07-31,212,홍천,0d7b8f1e7ca1054498102c876e9bab92c21ecf15d1bf2f43ed4ab764bf4a8910
1992,kma_asos:216,1992-07-02,1992-07-31,216,태백,0d7b8f1e7ca1054498102c876e9bab92c21ecf15d1bf2f43ed4ab764bf4a8910
1992,kma_asos:221,1992-07-02,1992-07-31,221,제천,0d7b8f1e7ca1054498102c876e9bab92c21ecf15d1bf2f43ed4ab764bf4a8910
1992,kma_asos:226,1992-07-02,1992-07-31,226,보은,0d7b8f1e7ca1054498102c876e9bab92c21ecf15d1bf2f43ed4ab764bf4a8910
1992,kma_asos:232,1992-07-02,1992-07-31,232,천안,0d7b8f1e7ca1054498102c876e9bab92c21ecf15d1bf2f43ed4ab764bf4a8910
1992,kma_asos:235,1992-07-02,1992-07-31,235,보령,0d7b8f1e7ca1054498102c876e9bab92c21ecf15d1bf2f43ed4ab764bf4a8910
1992,kma_asos:236,1992-07-02,1992-07-31,236,부여,0d7b8f1e7ca1054498102c876e9bab92c21ecf15d1bf2f43ed4ab764bf4a8910
1992,kma_asos:238,1992-07-02,1992-07-31,238,금산,0d7b8f1e7ca1054498102c876e9bab92c21ecf15d1bf2f43ed4ab764bf4a8910
1992,kma_asos:243,1992-07-09,1992-07-23,243,부안,0d7b8f1e7ca1054498102c876e9bab92c21ecf15d1bf2f43ed4ab764bf4a8910
1992,kma_asos:244,1992-07-09,1992-07-23,244,임실,0d7b8f1e7ca1054498102c876e9bab92c21ecf15d1bf2f43ed4ab764bf4a8910
1992,kma_asos:245,1992-07-09,1992-07-23,245,정읍,0d7b8f1e7ca1054498102c876e9bab92c21ecf15d1bf2f43ed4ab764bf4a8910
1992,kma_asos:247,1992-07-09,1992-07-23,247,남원,0d7b8f1e7ca1054498102c876e9bab92c21ecf15d1bf2f43ed4ab764bf4a8910
1992,kma_asos:248,1992-07-09,1992-07-23,248,장수,0d7b8f1e7ca1054498102c876e9bab92c21ecf15d1bf2f43ed4ab764bf4a8910
1992,kma_asos:260,1992-07-09,1992-07-23,260,장흥,0d7b8f1e7ca1054498102c876e9bab92c21ecf15d1bf2f43ed4ab764bf4a8910
1992,kma_asos:261,1992-07-09,1992-07-23,261,해남,0d7b8f1e7ca1054498102c876e9bab92c21ecf15d1bf2f43ed4ab764bf4a8910
1992,kma_asos:262,1992-07-09,1992-07-23,262,고흥,0d7b8f1e7ca1054498102c876e9bab92c21ecf15d1bf2f43ed4ab764bf4a8910
1992,kma_asos:271,1992-07-09,1992-07-23,271,봉화,0d7b8f1e7ca1054498102c876e9bab92c21ecf15d1bf2f43ed4ab764bf4a8910
1992,kma_asos:272,1992-07-09,1992-07-23,272,영주,0d7b8f1e7ca1054498102c876e9bab92c21ecf15d1bf2f43ed4ab764bf4a8910
1992,kma_asos:273,1992-07-09,1992-07-23,273,문경,0d7b8f1e7ca1054498102c876e9bab92c21ecf15d1bf2f43ed4ab764bf4a8910
1992,kma_asos:277,1992-07-09,1992-07-23,277,영덕,0d7b8f1e7ca1054498102c876e9bab92c21ecf15d1bf2f43ed4ab764bf4a8910
1992,kma_asos:278,1992-07-09,1992-07-23,278,의성,0d7b8f1e7ca1054498102c876e9bab92c21ecf15d1bf2f43ed4ab764bf4a8910
1992,kma_asos:279,1992-07-09,1992-07-23,279,구미,0d7b8f1e7ca1054498102c876e9bab92c21ecf15d1bf2f43ed4ab764bf4a8910
1992,kma_asos:281,1992-07-09,1992-07-23,281,영천,0d7b8f1e7ca1054498102c876e9bab92c21ecf15d1bf2f43ed4ab764bf4a8910
1992,kma_asos:284,1992-07-09,1992-07-23,284,거창,0d7b8f1e7ca1054498102c876e9bab92c21ecf15d1bf2f43ed4ab764bf4a8910
1992,kma_asos:285,1992-07-09,1992-07-23,285,합천,0d7b8f1e7ca1054498102c876e9bab92c21ecf15d1bf2f43ed4ab764bf4a8910
1992,kma_asos:288,1992-07-09,1992-07-23,288,밀양,0d7b8f1e7ca1054498102c876e9bab92c21ecf15d1bf2f43ed4ab764bf4a8910
1992,kma_asos:289,1992-07-09,1992-07-23,289,산청,0d7b8f1e7ca1054498102c876e9bab92c21ecf15d1bf2f43ed4ab764bf4a8910
1992,kma_asos:294,1992-07-09,1992-07-23,294,거제,0d7b8f1e7ca1054498102c876e9bab92c21ecf15d1bf2f43ed4ab764bf4a8910
1992,kma_asos:295,1992-07-09,1992-07-23,295,남해,0d7b8f1e7ca1054498102c876e9bab92c21ecf15d1bf2f43ed4ab764bf4a8910
1993,kma_asos:90,1993-06-22,1993-07-30,90,속초,0d7b8f1e7ca1054498102c876e9bab92c21ecf15d1bf2f43ed4ab764bf4a8910
1993,kma_asos:95,1993-06-22,1993-07-30,95,철원,0d7b8f1e7ca1054498102c876e9bab92c21ecf15d1bf2f43ed4ab764bf4a8910
1993,kma_asos:100,1993-06-22,1993-07-30,100,대관령,0d7b8f1e7ca1054498102c876e9bab92c21ecf15d1bf2f43ed4ab764bf4a8910
1993,kma_asos:101,1993-06-22,1993-07-30,101,춘천,0d7b8f1e7ca1054498102c876e9bab92c21ecf15d1bf2f43ed4ab764bf4a8910
1993,kma_asos:105,1993-06-22,1993-07-30,105,강릉,0d7b8f1e7ca1054498102c876e9bab92c21ecf15d1bf2f43ed4ab764bf4a8910
1993,kma_asos:108,1993-06-22,1993-07-30,108,서울,0d7b8f1e7ca1054498102c876e9bab92c21ecf15d1bf2f43ed4ab764bf4a8910
1993,kma_asos:112,1993-06-22,1993-07-30,112,인천,0d7b8f1e7ca1054498102c876e9bab92c21ecf15d1bf2f43ed4ab764bf4a8910
1993,kma_asos:114,1993-06-22,1993-07-30,114,원주,0d7b8f1e7ca1054498102c876e9bab92c21ecf15d1bf2f43ed4ab764bf4a8910
1993,kma_asos:119,1993-06-22,1993-07-30,119,수원,0d7b8f1e7ca1054498102c876e9bab92c21ecf15d1bf2f43ed4ab764bf4a8910
1993,kma_asos:127,1993-06-22,1993-07-30,127,충주,0d7b8f1e7ca1054498102c876e9bab92c21ecf15d1bf2f43ed4ab764bf4a8910
1993,kma_asos:129,1993-06-22,1993-07-30,129,서산,0d7b8f1e7ca1054498102c876e9bab92c21ecf15d1bf2f43ed4ab764bf4a8910
1993,kma_asos:130,1993-06-22,1993-07-30,130,울진,0d7b8f1e7ca1054498102c876e9bab92c21ecf15d1bf2f43ed4ab764bf4a8910
1993,kma_asos:131,1993-06-22,1993-07-30,131,청주,0d7b8f1e7ca1054498102c876e9bab92c21ecf15d1bf2f43ed4ab764bf4a8910
1993,kma_asos:133,1993-06-22,1993-07-30,133,대전,0d7b8f1e7ca1054498102c876e9bab92c21ecf15d1bf2f43ed4ab764bf4a8910
1993,kma_asos:135,1993-06-22,1993-07-30,135,추풍령,0d7b8f1e7ca1054498102c876e9bab92c21ecf15d1bf2f43ed4ab764bf4a8910
1993,kma_asos:136,1993-06-22,1993-07-30,136,안동,0d7b8f1e7ca1054498102c876e9bab92c21ecf15d1bf2f43ed4ab764bf4a8910
1993,kma_asos:138,1993-06-22,1993-07-30,138,포항,0d7b8f1e7ca1054498102c876e9bab92c21ecf15d1bf2f43ed4ab764bf4a8910
1993,kma_asos:140,1993-06-22,1993-07-30,140,군산,0d7b8f1e7ca1054498102c876e9bab92c21ecf15d1bf2f43ed4ab764bf4a8910
1993,kma_asos:143,1993-06-22,1993-07-30,143,대구,0d7b8f1e7ca1054498102c876e9bab92c21ecf15d1bf2f43ed4ab764bf4a8910
1993,kma_asos:146,1993-06-22,1993-07-30,146,전주,0d7b8f1e7ca1054498102c876e9bab92c21ecf15d1bf2f43ed4ab764bf4a8910
1993,kma_asos:152,1993-06-22,1993-07-30,152,울산,0d7b8f1e7ca1054498102c876e9bab92c21ecf15d1bf2f43ed4ab764bf4a8910
1993,kma_asos:155,1993-06-22,1993-07-30,155,창원,0d7b8f1e7ca1054498102c876e9bab92c21ecf15d1bf2f43ed4ab764bf4a8910
1993,kma_asos:156,1993-06-22,1993-07-30,156,광주,0d7b8f1e7ca1054498102c876e9bab92c21ecf15d1bf2f43ed4ab764bf4a8910
1993,kma_asos:159,1993-06-22,1993-07-30,159,부산,0d7b8f1e7ca1054498102c876e9bab92c21ecf15d1bf2f43ed4ab764bf4a8910
1993,kma_asos:162,1993-06-22,1993-07-30,162,통영,0d7b8f1e7ca1054498102c876e9bab92c21ecf15d1bf2f43ed4ab764bf4a8910
1993,kma_asos:165,1993-06-22,1993-07-30,165,목포,0d7b8f1e7ca1054498102c876e9bab92c21ecf15d1bf2f43ed4ab764bf4a8910
1993,kma_asos:168,1993-06-22,1993-07-30,168,여수,0d7b8f1e7ca1054498102c876e9bab92c21ecf15d1bf2f43ed4ab764bf4a8910
1993,kma_asos:170,1993-06-22,1993-07-30,170,완도,0d7b8f1e7ca1054498102c876e9bab92c21ecf15d1bf2f43ed4ab764bf4a8910
1993,kma_asos:184,1993-06-18,1993-07-30,184,제주,0d7b8f1e7ca1054498102c876e9bab92c21ecf15d1bf2f43ed4ab764bf4a8910
1993,kma_asos:185,1993-06-18,1993-07-30,185,고산,0d7b8f1e7ca1054498102c876e9bab92c21ecf15d1bf2f43ed4ab764bf4a8910
1993,kma_asos:188,1993-06-18,1993-07-30,188,성산,0d7b8f1e7ca1054498102c876e9bab92c21ecf15d1bf2f43ed4ab764bf4a8910
1993,kma_asos:189,1993-06-18,1993-07-30,189,서귀포,0d7b8f1e7ca1054498102c876e9bab92c21ecf15d1bf2f43ed4ab764bf4a8910
1993,kma_asos:192,1993-06-22,1993-07-30,192,진주,0d7b8f1e7ca1054498102c876e9bab92c21ecf15d1bf2f43ed4ab764bf4a8910
1993,kma_asos:201,1993-06-22,1993-07-30,201,강화,0d7b8f1e7ca1054498102c876e9bab92c21ecf15d1bf2f43ed4ab764bf4a8910
1993,kma_asos:202,1993-06-22,1993-07-30,202,양평,0d7b8f1e7ca1054498102c876e9bab92c21ecf15d1bf2f43ed4ab764bf4a8910
1993,kma_asos:203,1993-06-22,1993-07-30,203,이천,0d7b8f1e7ca1054498102c876e9bab92c21ecf15d1bf2f43ed4ab764bf4a8910
1993,kma_asos:211,1993-06-22,1993-07-30,211,인제,0d7b8f1e7ca1054498102c876e9bab92c21ecf15d1bf2f43ed4ab764bf4a8910
1993,kma_asos:212,1993-06-22,1993-07-30,212,홍천,0d7b8f1e7ca1054498102c876e9bab92c21ecf15d1bf2f43ed4ab764bf4a8910
1993,kma_asos:216,1993-06-22,1993-07-30,216,태백,0d7b8f1e7ca1054498102c876e9bab92c21ecf15d1bf2f43ed4ab764bf4a8910
1993,kma_asos:221,1993-06-22,1993-07-30,221,제천,0d7b8f1e7ca1054498102c876e9bab92c21ecf15d1bf2f43ed4ab764bf4a8910
1993,kma_asos:226,1993-06-22,1993-07-30,226,보은,0d7b8f1e7ca1054498102c876e9bab92c21ecf15d1bf2f43ed4ab764bf4a8910
1993,kma_asos:232,1993-06-22,1993-07-30,232,천안,0d7b8f1e7ca1054498102c876e9bab92c21ecf15d1bf2f43ed4ab764bf4a8910
1993,kma_asos:235,1993-06-22,1993-07-30,235,보령,0d7b8f1e7ca1054498102c876e9bab92c21ecf15d1bf2f43ed4ab764bf4a8910
1993,kma_asos:236,1993-06-22,1993-07-30,236,부여,0d7b8f1e7ca1054498102c876e9bab92c21ecf15d1bf2f43ed4ab764bf4a8910
1993,kma_asos:238,1993-06-22,1993-07-30,238,금산,0d7b8f1e7ca1054498102c876e9bab92c21ecf15d1bf2f43ed4ab764bf4a8910
1993,kma_asos:243,1993-06-22,1993-07-30,243,부안,0d7b8f1e7ca1054498102c876e9bab92c21ecf15d1bf2f43ed4ab764bf4a8910
1993,kma_asos:244,1993-06-22,1993-07-30,244,임실,0d7b8f1e7ca1054498102c876e9bab92c21ecf15d1bf2f43ed4ab764bf4a8910
1993,kma_asos:245,1993-06-22,1993-07-30,245,정읍,0d7b8f1e7ca1054498102c876e9bab92c21ecf15d1bf2f43ed4ab764bf4a8910
1993,kma_asos:247,1993-06-22,1993-07-30,247,남원,0d7b8f1e7ca1054498102c876e9bab92c21ecf15d1bf2f43ed4ab764bf4a8910
1993,kma_asos:248,1993-06-22,1993-07-30,248,장수,0d7b8f1e7ca1054498102c876e9bab92c21ecf15d1bf2f43ed4ab764bf4a8910
1993,kma_asos:260,1993-06-22,1993-07-30,260,장흥,0d7b8f1e7ca1054498102c876e9bab92c21ecf15d1bf2f43ed4ab764bf4a8910
1993,kma_asos:261,1993-06-22,1993-07-30,261,해남,0d7b8f1e7ca1054498102c876e9bab92c21ecf15d1bf2f43ed4ab764bf4a8910
1993,kma_asos:262,1993-06-22,1993-07-30,262,고흥,0d7b8f1e7ca1054498102c876e9bab92c21ecf15d1bf2f43ed4ab764bf4a8910
1993,kma_asos:271,1993-06-22,1993-07-30,271,봉화,0d7b8f1e7ca1054498102c876e9bab92c21ecf15d1bf2f43ed4ab764bf4a8910
1993,kma_asos:272,1993-06-22,1993-07-30,272,영주,0d7b8f1e7ca1054498102c876e9bab92c21ecf15d1bf2f43ed4ab764bf4a8910
1993,kma_asos:273,1993-06-22,1993-07-30,273,문경,0d7b8f1e7ca1054498102c876e9bab92c21ecf15d1bf2f43ed4ab764bf4a8910
1993,kma_asos:277,1993-06-22,1993-07-30,277,영덕,0d7b8f1e7ca1054498102c876e9bab92c21ecf15d1bf2f43ed4ab764bf4a8910
1993,kma_asos:278,1993-06-22,1993-07-30,278,의성,0d7b8f1e7ca1054498102c876e9bab92c21ecf15d1bf2f43ed4ab764bf4a8910
1993,kma_asos:279,1993-06-22,1993-07-30,279,구미,0d7b8f1e7ca1054498102c876e9bab92c21ecf15d1bf2f43ed4ab764bf4a8910
1993,kma_asos:281,1993-06-22,1993-07-30,281,영천,0d7b8f1e7ca1054498102c876e9bab92c21ecf15d1bf2f43ed4ab764bf4a8910
1993,kma_asos:284,1993-06-22,1993-07-30,284,거창,0d7b8f1e7ca1054498102c876e9bab92c21ecf15d1bf2f43ed4ab764bf4a8910
1993,kma_asos:285,1993-06-22,1993-07-30,285,합천,0d7b8f1e7ca1054498102c876e9bab92c21ecf15d1bf2f43ed4ab764bf4a8910
1993,kma_asos:288,1993-06-22,1993-07-30,288,밀양,0d7b8f1e7ca1054498102c876e9bab92c21ecf15d1bf2f43ed4ab764bf4a8910
1993,kma_asos:289,1993-06-22,1993-07-30,289,산청,0d7b8f1e7ca1054498102c876e9bab92c21ecf15d1bf2f43ed4ab764bf4a8910
1993,kma_asos:294,1993-06-22,1993-07-30,294,거제,0d7b8f1e7ca1054498102c876e9bab92c21ecf15d1bf2f43ed4ab764bf4a8910
1993,kma_asos:295,1993-06-22,1993-07-30,295,남해,0d7b8f1e7ca1054498102c876e9bab92c21ecf15d1bf2f43ed4ab764bf4a8910
1994,kma_asos:90,1994-06-25,1994-07-16,90,속초,0d7b8f1e7ca1054498102c876e9bab92c21ecf15d1bf2f43ed4ab764bf4a8910
1994,kma_asos:95,1994-06-25,1994-07-16,95,철원,0d7b8f1e7ca1054498102c876e9bab92c21ecf15d1bf2f43ed4ab764bf4a8910
1994,kma_asos:100,1994-06-25,1994-07-16,100,대관령,0d7b8f1e7ca1054498102c876e9bab92c21ecf15d1bf2f43ed4ab764bf4a8910
1994,kma_asos:101,1994-06-25,1994-07-16,101,춘천,0d7b8f1e7ca1054498102c876e9bab92c21ecf15d1bf2f43ed4ab764bf4a8910
1994,kma_asos:105,1994-06-25,1994-07-16,105,강릉,0d7b8f1e7ca1054498102c876e9bab92c21ecf15d1bf2f43ed4ab764bf4a8910
1994,kma_asos:108,1994-06-25,1994-07-16,108,서울,0d7b8f1e7ca1054498102c876e9bab92c21ecf15d1bf2f43ed4ab764bf4a8910
1994,kma_asos:112,1994-06-25,1994-07-16,112,인천,0d7b8f1e7ca1054498102c876e9bab92c21ecf15d1bf2f43ed4ab764bf4a8910
1994,kma_asos:114,1994-06-25,1994-07-16,114,원주,0d7b8f1e7ca1054498102c876e9bab92c21ecf15d1bf2f43ed4ab764bf4a8910
1994,kma_asos:119,1994-06-25,1994-07-16,119,수원,0d7b8f1e7ca1054498102c876e9bab92c21ecf15d1bf2f43ed4ab764bf4a8910
1994,kma_asos:127,1994-06-25,1994-07-16,127,충주,0d7b8f1e7ca1054498102c876e9bab92c21ecf15d1bf2f43ed4ab764bf4a8910
1994,kma_asos:129,1994-06-25,1994-07-16,129,서산,0d7b8f1e7ca1054498102c876e9bab92c21ecf15d1bf2f43ed4ab764bf4a8910
1994,kma_asos:130,1994-06-22,1994-07-06,130,울진,0d7b8f1e7ca1054498102c876e9bab92c21ecf15d1bf2f43ed4ab764bf4a8910
1994,kma_asos:131,1994-06-25,1994-07-16,131,청주,0d7b8f1e7ca1054498102c876e9bab92c21ecf15d1bf2f43ed4ab764bf4a8910
1994,kma_asos:133,1994-06-25,1994-07-16,133,대전,0d7b8f1e7ca1054498102c876e9bab92c21ecf15d1bf2f43ed4ab764bf4a8910
1994,kma_asos:135,1994-06-25,1994-07-16,135,추풍령,0d7b8f1e7ca1054498102c876e9bab92c21ecf15d1bf2f43ed4ab764bf4a8910
1994,kma_asos:136,1994-06-22,1994-07-06,136,안동,0d7b8f1e7ca1054498102c876e9bab92c21ecf15d1bf2f43ed4ab764bf4a8910
1994,kma_asos:138,1994-06-22,1994-07-06,138,포항,0d7b8f1e7ca1054498102c876e9bab92c21ecf15d1bf2f43ed4ab764bf4a8910
1994,kma_asos:140,1994-06-22,1994-07-06,140,군산,0d7b8f1e7ca1054498102c876e9bab92c21ecf15d1bf2f43ed4ab764bf4a8910
1994,kma_asos:143,1994-06-22,1994-07-06,143,대구,0d7b8f1e7ca1054498102c876e9bab92c21ecf15d1bf2f43ed4ab764bf4a8910
1994,kma_asos:146,1994-06-22,1994-07-06,146,전주,0d7b8f1e7ca1054498102c876e9bab92c21ecf15d1bf2f43ed4ab764bf4a8910
1994,kma_asos:152,1994-06-22,1994-07-06,152,울산,0d7b8f1e7ca1054498102c876e9bab92c21ecf15d1bf2f43ed4ab764bf4a8910
1994,kma_asos:155,1994-06-22,1994-07-06,155,창원,0d7b8f1e7ca1054498102c876e9bab92c21ecf15d1bf2f43ed4ab764bf4a8910
1994,kma_asos:156,1994-06-22,1994-07-06,156,광주,0d7b8f1e7ca1054498102c876e9bab92c21ecf15d1bf2f43ed4ab764bf4a8910
1994,kma_asos:159,1994-06-22,1994-07-06,159,부산,0d7b8f1e7ca1054498102c876e9bab92c21ecf15d1bf2f43ed4ab764bf4a8910
1994,kma_asos:162,1994-06-22,1994-07-06,162,통영,0d7b8f1e7ca1054498102c876e9bab92c21ecf15d1bf2f43ed4ab764bf4a8910
1994,kma_asos:165,1994-06-22,1994-07-06,165,목포,0d7b8f1e7ca1054498102c876e9bab92c21ecf15d1bf2f43ed4ab764bf4a8910
1994,kma_asos:168,1994-06-22,1994-07-06,168,여수,0d7b8f1e7ca1054498102c876e9bab92c21ecf15d1bf2f43ed4ab764bf4a8910
1994,kma_asos:170,1994-06-22,1994-07-06,170,완도,0d7b8f1e7ca1054498102c876e9bab92c21ecf15d1bf2f43ed4ab764bf4a8910
1994,kma_asos:184,1994-06-17,1994-07-01,184,제주,0d7b8f1e7ca1054498102c876e9bab92c21ecf15d1bf2f43ed4ab764bf4a8910
1994,kma_asos:185,1994-06-17,1994-07-01,185,고산,0d7b8f1e7ca1054498102c876e9bab92c21ecf15d1bf2f43ed4ab764bf4a8910
1994,kma_asos:188,1994-06-17,1994-07-01,188,성산,0d7b8f1e7ca1054498102c876e9bab92c21ecf15d1bf2f43ed4ab764bf4a8910
1994,kma_asos:189,1994-06-17,1994-07-01,189,서귀포,0d7b8f1e7ca1054498102c876e9bab92c21ecf15d1bf2f43ed4ab764bf4a8910
1994,kma_asos:192,1994-06-22,1994-07-06,192,진주,0d7b8f1e7ca1054498102c876e9bab92c21ecf15d1bf2f43ed4ab764bf4a8910
1994,kma_asos:201,1994-06-25,1994-07-16,201,강화,0d7b8f1e7ca1054498102c876e9bab92c21ecf15d1bf2f43ed4ab764bf4a8910
1994,kma_asos:202,1994-06-25,1994-07-16,202,양평,0d7b8f1e7ca1054498102c876e9bab92c21ecf15d1bf2f43ed4ab764bf4a8910
1994,kma_asos:203,1994-06-25,1994-07-16,203,이천,0d7b8f1e7ca1054498102c876e9bab92c21ecf15d1bf2f43ed4ab764bf4a8910
1994,kma_asos:211,1994-06-25,1994-07-16,211,인제,0d7b8f1e7ca1054498102c876e9bab92c21ecf15d1bf2f43ed4ab764bf4a8910
1994,kma_asos:212,1994-06-25,1994-07-16,212,홍천,0d7b8f1e7ca1054498102c876e9bab92c21ecf15d1bf2f43ed4ab764bf4a8910
1994,kma_asos:216,1994-06-25,1994-07-16,216,태백,0d7b8f1e7ca1054498102c876e9bab92c21ecf15d1bf2f43ed4ab764bf4a8910
1994,kma_asos:221,1994-06-25,1994-07-16,221,제천,0d7b8f1e7ca1054498102c876e9bab92c21ecf15d1bf2f43ed4ab764bf4a8910
1994,kma_asos:226,1994-06-25,1994-07-16,226,보은,0d7b8f1e7ca1054498102c876e9bab92c21ecf15d1bf2f43ed4ab764bf4a8910
1994,kma_asos:232,1994-06-25,1994-07-16,232,천안,0d7b8f1e7ca1054498102c876e9bab92c21ecf15d1bf2f43ed4ab764bf4a8910
1994,kma_asos:235,1994-06-25,1994-07-16,235,보령,0d7b8f1e7ca1054498102c876e9bab92c21ecf15d1bf2f43ed4ab764bf4a8910
1994,kma_asos:236,1994-06-25,1994-07-16,236,부여,0d7b8f1e7ca1054498102c876e9bab92c21ecf15d1bf2f43ed4ab764bf4a8910
1994,kma_asos:238,1994-06-25,1994-07-16,238,금산,0d7b8f1e7ca1054498102c876e9bab92c21ecf15d1bf2f43ed4ab764bf4a8910
1994,kma_asos:243,1994-06-22,1994-07-06,243,부안,0d7b8f1e7ca1054498102c876e9bab92c21ecf15d1bf2f43ed4ab764bf4a8910
1994,kma_asos:244,1994-06-22,1994-07-06,244,임실,0d7b8f1e7ca1054498102c876e9bab92c21ecf15d1bf2f43ed4ab764bf4a8910
1994,kma_asos:245,1994-06-22,1994-07-06,245,정읍,0d7b8f1e7ca1054498102c876e9bab92c21ecf15d1bf2f43ed4ab764bf4a8910
1994,kma_asos:247,1994-06-22,1994-07-06,247,남원,0d7b8f1e7ca1054498102c876e9bab92c21ecf15d1bf2f43ed4ab764bf4a8910
1994,kma_asos:248,1994-06-22,1994-07-06,248,장수,0d7b8f1e7ca1054498102c876e9bab92c21ecf15d1bf2f43ed4ab764bf4a8910
1994,kma_asos:260,1994-06-22,1994-07-06,260,장흥,0d7b8f1e7ca1054498102c876e9bab92c21ecf15d1bf2f43ed4ab764bf4a8910
1994,kma_asos:261,1994-06-22,1994-07-06,261,해남,0d7b8f1e7ca1054498102c876e9bab92c21ecf15d1bf2f43ed4ab764bf4a8910
1994,kma_asos:262,1994-06-22,1994-07-06,262,고흥,0d7b8f1e7ca1054498102c876e9bab92c21ecf15d1bf2f43ed4ab764bf4a8910
1994,kma_asos:271,1994-06-22,1994-07-06,271,봉화,0d7b8f1e7ca1054498102c876e9bab92c21ecf15d1bf2f43ed4ab764bf4a8910
1994,kma_asos:272,1994-06-22,1994-07-06,272,영주,0d7b8f1e7ca1054498102c876e9bab92c21ecf15d1bf2f43ed4ab764bf4a8910
1994,kma_asos:273,1994-06-22,1994-07-06,273,문경,0d7b8f1e7ca1054498102c876e9bab92c21ecf15d1bf2f43ed4ab764bf4a8910
1994,kma_asos:277,1994-06-22,1994-07-06,277,영덕,0d7b8f1e7ca1054498102c876e9bab92c21ecf15d1bf2f43ed4ab764bf4a8910
1994,kma_asos:278,1994-06-22,1994-07-06,278,의성,0d7b8f1e7ca1054498102c876e9bab92c21ecf15d1bf2f43ed4ab764bf4a8910
1994,kma_asos:279,1994-06-22,1994-07-06,279,구미,0d7b8f1e7ca1054498102c876e9bab92c21ecf15d1bf2f43ed4ab764bf4a8910
1994,kma_asos:281,1994-06-22,1994-07-06,281,영천,0d7b8f1e7ca1054498102c876e9bab92c21ecf15d1bf2f43ed4ab764bf4a8910
1994,kma_asos:284,1994-06-22,1994-07-06,284,거창,0d7b8f1e7ca1054498102c876e9bab92c21ecf15d1bf2f43ed4ab764bf4a8910
1994,kma_asos:285,1994-06-22,1994-07-06,285,합천,0d7b8f1e7ca1054498102c876e9bab92c21ecf15d1bf2f43ed4ab764bf4a8910
1994,kma_asos:288,1994-06-22,1994-07-06,288,밀양,0d7b8f1e7ca1054498102c876e9bab92c21ecf15d1bf2f43ed4ab764bf4a8910
1994,kma_asos:289,1994-06-22,1994-07-06,289,산청,0d7b8f1e7ca1054498102c876e9bab92c21ecf15d1bf2f43ed4ab764bf4a8910
1994,kma_asos:294,1994-06-22,1994-07-06,294,거제,0d7b8f1e7ca1054498102c876e9bab92c21ecf15d1bf2f43ed4ab764bf4a8910
1994,kma_asos:295,1994-06-22,1994-07-06,295,남해,0d7b8f1e7ca1054498102c876e9bab92c21ecf15d1bf2f43ed4ab764bf4a8910
1995,kma_asos:90,1995-06-30,1995-07-27,90,속초,0d7b8f1e7ca1054498102c876e9bab92c21ecf15d1bf2f43ed4ab764bf4a8910
1995,kma_asos:95,1995-06-30,1995-07-27,95,철원,0d7b8f1e7ca1054498102c876e9bab92c21ecf15d1bf2f43ed4ab764bf4a8910
1995,kma_asos:100,1995-06-30,1995-07-27,100,대관령,0d7b8f1e7ca1054498102c876e9bab92c21ecf15d1bf2f43ed4ab764bf4a8910
1995,kma_asos:101,1995-06-30,1995-07-27,101,춘천,0d7b8f1e7ca1054498102c876e9bab92c21ecf15d1bf2f43ed4ab764bf4a8910
1995,kma_asos:105,1995-06-30,1995-07-27,105,강릉,0d7b8f1e7ca1054498102c876e9bab92c21ecf15d1bf2f43ed4ab764bf4a8910
1995,kma_asos:108,1995-06-30,1995-07-27,108,서울,0d7b8f1e7ca1054498102c876e9bab92c21ecf15d1bf2f43ed4ab764bf4a8910
1995,kma_asos:112,1995-06-30,1995-07-27,112,인천,0d7b8f1e7ca1054498102c876e9bab92c21ecf15d1bf2f43ed4ab764bf4a8910
1995,kma_asos:114,1995-06-30,1995-07-27,114,원주,0d7b8f1e7ca1054498102c876e9bab92c21ecf15d1bf2f43ed4ab764bf4a8910
1995,kma_asos:119,1995-06-30,1995-07-27,119,수원,0d7b8f1e7ca1054498102c876e9bab92c21ecf15d1bf2f43ed4ab764bf4a8910
1995,kma_asos:127,1995-06-30,1995-07-27,127,충주,0d7b8f1e7ca1054498102c876e9bab92c21ecf15d1bf2f43ed4ab764bf4a8910
1995,kma_asos:129,1995-06-30,1995-07-27,129,서산,0d7b8f1e7ca1054498102c876e9bab92c21ecf15d1bf2f43ed4ab764bf4a8910
1995,kma_asos:130,1995-06-30,1995-07-27,130,울진,0d7b8f1e7ca1054498102c876e9bab92c21ecf15d1bf2f43ed4ab764bf4a8910
1995,kma_asos:131,1995-06-30,1995-07-27,131,청주,0d7b8f1e7ca1054498102c876e9bab92c21ecf15d1bf2f43ed4ab764bf4a8910
1995,kma_asos:133,1995-06-30,1995-07-27,133,대전,0d7b8f1e7ca1054498102c876e9bab92c21ecf15d1bf2f43ed4ab764bf4a8910
1995,kma_asos:135,1995-06-30,1995-07-27,135,추풍령,0d7b8f1e7ca1054498102c876e9bab92c21ecf15d1bf2f43ed4ab764bf4a8910
1995,kma_asos:136,1995-06-30,1995-07-27,136,안동,0d7b8f1e7ca1054498102c876e9bab92c21ecf15d1bf2f43ed4ab764bf4a8910
1995,kma_asos:138,1995-06-30,1995-07-27,138,포항,0d7b8f1e7ca1054498102c876e9bab92c21ecf15d1bf2f43ed4ab764bf4a8910
1995,kma_asos:140,1995-06-30,1995-07-27,140,군산,0d7b8f1e7ca1054498102c876e9bab92c21ecf15d1bf2f43ed4ab764bf4a8910
1995,kma_asos:143,1995-06-30,1995-07-27,143,대구,0d7b8f1e7ca1054498102c876e9bab92c21ecf15d1bf2f43ed4ab764bf4a8910
1995,kma_asos:146,1995-06-30,1995-07-27,146,전주,0d7b8f1e7ca1054498102c876e9bab92c21ecf15d1bf2f43ed4ab764bf4a8910
1995,kma_asos:152,1995-06-30,1995-07-27,152,울산,0d7b8f1e7ca1054498102c876e9bab92c21ecf15d1bf2f43ed4ab764bf4a8910
1995,kma_asos:155,1995-06-30,1995-07-27,155,창원,0d7b8f1e7ca1054498102c876e9bab92c21ecf15d1bf2f43ed4ab764bf4a8910
1995,kma_asos:156,1995-06-30,1995-07-27,156,광주,0d7b8f1e7ca1054498102c876e9bab92c21ecf15d1bf2f43ed4ab764bf4a8910
1995,kma_asos:159,1995-06-30,1995-07-27,159,부산,0d7b8f1e7ca1054498102c876e9bab92c21ecf15d1bf2f43ed4ab764bf4a8910
1995,kma_asos:162,1995-06-30,1995-07-27,162,통영,0d7b8f1e7ca1054498102c876e9bab92c21ecf15d1bf2f43ed4ab764bf4a8910
1995,kma_asos:165,1995-06-30,1995-07-27,165,목포,0d7b8f1e7ca1054498102c876e9bab92c21ecf15d1bf2f43ed4ab764bf4a8910
1995,kma_asos:168,1995-06-30,1995-07-27,168,여수,0d7b8f1e7ca1054498102c876e9bab92c21ecf15d1bf2f43ed4ab764bf4a8910
1995,kma_asos:170,1995-06-30,1995-07-27,170,완도,0d7b8f1e7ca1054498102c876e9bab92c21ecf15d1bf2f43ed4ab764bf4a8910
1995,kma_asos:184,1995-06-21,1995-07-25,184,제주,0d7b8f1e7ca1054498102c876e9bab92c21ecf15d1bf2f43ed4ab764bf4a8910
1995,kma_asos:185,1995-06-21,1995-07-25,185,고산,0d7b8f1e7ca1054498102c876e9bab92c21ecf15d1bf2f43ed4ab764bf4a8910
1995,kma_asos:188,1995-06-21,1995-07-25,188,성산,0d7b8f1e7ca1054498102c876e9bab92c21ecf15d1bf2f43ed4ab764bf4a8910
1995,kma_asos:189,1995-06-21,1995-07-25,189,서귀포,0d7b8f1e7ca1054498102c876e9bab92c21ecf15d1bf2f43ed4ab764bf4a8910
1995,kma_asos:192,1995-06-30,1995-07-27,192,진주,0d7b8f1e7ca1054498102c876e9bab92c21ecf15d1bf2f43ed4ab764bf4a8910
1995,kma_asos:201,1995-06-30,1995-07-27,201,강화,0d7b8f1e7ca1054498102c876e9bab92c21ecf15d1bf2f43ed4ab764bf4a8910
1995,kma_asos:202,1995-06-30,1995-07-27,202,양평,0d7b8f1e7ca1054498102c876e9bab92c21ecf15d1bf2f43ed4ab764bf4a8910
1995,kma_asos:203,1995-06-30,1995-07-27,203,이천,0d7b8f1e7ca1054498102c876e9bab92c21ecf15d1bf2f43ed4ab764bf4a8910
1995,kma_asos:211,1995-06-30,1995-07-27,211,인제,0d7b8f1e7ca1054498102c876e9bab92c21ecf15d1bf2f43ed4ab764bf4a8910
1995,kma_asos:212,1995-06-30,1995-07-27,212,홍천,0d7b8f1e7ca1054498102c876e9bab92c21ecf15d1bf2f43ed4ab764bf4a8910
1995,kma_asos:216,1995-06-30,1995-07-27,216,태백,0d7b8f1e7ca1054498102c876e9bab92c21ecf15d1bf2f43ed4ab764bf4a8910
1995,kma_asos:221,1995-06-30,1995-07-27,221,제천,0d7b8f1e7ca1054498102c876e9bab92c21ecf15d1bf2f43ed4ab764bf4a8910
1995,kma_asos:226,1995-06-30,1995-07-27,226,보은,0d7b8f1e7ca1054498102c876e9bab92c21ecf15d1bf2f43ed4ab764bf4a8910
1995,kma_asos:232,1995-06-30,1995-07-27,232,천안,0d7b8f1e7ca1054498102c876e9bab92c21ecf15d1bf2f43ed4ab764bf4a8910
1995,kma_asos:235,1995-06-30,1995-07-27,235,보령,0d7b8f1e7ca1054498102c876e9bab92c21ecf15d1bf2f43ed4ab764bf4a8910
1995,kma_asos:236,1995-06-30,1995-07-27,236,부여,0d7b8f1e7ca1054498102c876e9bab92c21ecf15d1bf2f43ed4ab764bf4a8910
1995,kma_asos:238,1995-06-30,1995-07-27,238,금산,0d7b8f1e7ca1054498102c876e9bab92c21ecf15d1bf2f43ed4ab764bf4a8910
1995,kma_asos:243,1995-06-30,1995-07-27,243,부안,0d7b8f1e7ca1054498102c876e9bab92c21ecf15d1bf2f43ed4ab764bf4a8910
1995,kma_asos:244,1995-06-30,1995-07-27,244,임실,0d7b8f1e7ca1054498102c876e9bab92c21ecf15d1bf2f43ed4ab764bf4a8910
1995,kma_asos:245,1995-06-30,1995-07-27,245,정읍,0d7b8f1e7ca1054498102c876e9bab92c21ecf15d1bf2f43ed4ab764bf4a8910
1995,kma_asos:247,1995-06-30,1995-07-27,247,남원,0d7b8f1e7ca1054498102c876e9bab92c21ecf15d1bf2f43ed4ab764bf4a8910
1995,kma_asos:248,1995-06-30,1995-07-27,248,장수,0d7b8f1e7ca1054498102c876e9bab92c21ecf15d1bf2f43ed4ab764bf4a8910
1995,kma_asos:260,1995-06-30,1995-07-27,260,장흥,0d7b8f1e7ca1054498102c876e9bab92c21ecf15d1bf2f43ed4ab764bf4a8910
1995,kma_asos:261,1995-06-30,1995-07-27,261,해남,0d7b8f1e7ca1054498102c876e9bab92c21ecf15d1bf2f43ed4ab764bf4a8910
1995,kma_asos:262,1995-06-30,1995-07-27,262,고흥,0d7b8f1e7ca1054498102c876e9bab92c21ecf15d1bf2f43ed4ab764bf4a8910
1995,kma_asos:271,1995-06-30,1995-07-27,271,봉화,0d7b8f1e7ca1054498102c876e9bab92c21ecf15d1bf2f43ed4ab764bf4a8910
1995,kma_asos:272,1995-06-30,1995-07-27,272,영주,0d7b8f1e7ca1054498102c876e9bab92c21ecf15d1bf2f43ed4ab764bf4a8910
1995,kma_asos:273,1995-06-30,1995-07-27,273,문경,0d7b8f1e7ca1054498102c876e9bab92c21ecf15d1bf2f43ed4ab764bf4a8910
1995,kma_asos:277,1995-06-30,1995-07-27,277,영덕,0d7b8f1e7ca1054498102c876e9bab92c21ecf15d1bf2f43ed4ab764bf4a8910
1995,kma_asos:278,1995-06-30,1995-07-27,278,의성,0d7b8f1e7ca1054498102c876e9bab92c21ecf15d1bf2f43ed4ab764bf4a8910
1995,kma_asos:279,1995-06-30,1995-07-27,279,구미,0d7b8f1e7ca1054498102c876e9bab92c21ecf15d1bf2f43ed4ab764bf4a8910
1995,kma_asos:281,1995-06-30,1995-07-27,281,영천,0d7b8f1e7ca1054498102c876e9bab92c21ecf15d1bf2f43ed4ab764bf4a8910
1995,kma_asos:284,1995-06-30,1995-07-27,284,거창,0d7b8f1e7ca1054498102c876e9bab92c21ecf15d1bf2f43ed4ab764bf4a8910
1995,kma_asos:285,1995-06-30,1995-07-27,285,합천,0d7b8f1e7ca1054498102c876e9bab92c21ecf15d1bf2f43ed4ab764bf4a8910
1995,kma_asos:288,1995-06-30,1995-07-27,288,밀양,0d7b8f1e7ca1054498102c876e9bab92c21ecf15d1bf2f43ed4ab764bf4a8910
1995,kma_asos:289,1995-06-30,1995-07-27,289,산청,0d7b8f1e7ca1054498102c876e9bab92c21ecf15d1bf2f43ed4ab764bf4a8910
1995,kma_asos:294,1995-06-30,1995-07-27,294,거제,0d7b8f1e7ca1054498102c876e9bab92c21ecf15d1bf2f43ed4ab764bf4a8910
1995,kma_asos:295,1995-06-30,1995-07-27,295,남해,0d7b8f1e7ca1054498102c876e9bab92c21ecf15d1bf2f43ed4ab764bf4a8910
1996,kma_asos:90,1996-06-24,1996-07-22,90,속초,0d7b8f1e7ca1054498102c876e9bab92c21ecf15d1bf2f43ed4ab764bf4a8910
1996,kma_asos:95,1996-06-24,1996-07-22,95,철원,0d7b8f1e7ca1054498102c876e9bab92c21ecf15d1bf2f43ed4ab764bf4a8910
1996,kma_asos:100,1996-06-24,1996-07-22,100,대관령,0d7b8f1e7ca1054498102c876e9bab92c21ecf15d1bf2f43ed4ab764bf4a8910
1996,kma_asos:101,1996-06-24,1996-07-22,101,춘천,0d7b8f1e7ca1054498102c876e9bab92c21ecf15d1bf2f43ed4ab764bf4a8910
1996,kma_asos:105,1996-06-24,1996-07-22,105,강릉,0d7b8f1e7ca1054498102c876e9bab92c21ecf15d1bf2f43ed4ab764bf4a8910
1996,kma_asos:108,1996-06-24,1996-07-22,108,서울,0d7b8f1e7ca1054498102c876e9bab92c21ecf15d1bf2f43ed4ab764bf4a8910
1996,kma_asos:112,1996-06-24,1996-07-22,112,인천,0d7b8f1e7ca1054498102c876e9bab92c21ecf15d1bf2f43ed4ab764bf4a8910
1996,kma_asos:114,1996-06-24,1996-07-22,114,원주,0d7b8f1e7ca1054498102c876e9bab92c21ecf15d1bf2f43ed4ab764bf4a8910
1996,kma_asos:119,1996-06-24,1996-07-22,119,수원,0d7b8f1e7ca1054498102c876e9bab92c21ecf15d1bf2f43ed4ab764bf4a8910
1996,kma_asos:127,1996-06-24,1996-07-22,127,충주,0d7b8f1e7ca1054498102c876e9bab92c21ecf15d1bf2f43ed4ab764bf4a8910
1996,kma_asos:129,1996-06-24,1996-07-22,129,서산,0d7b8f1e7ca1054498102c876e9bab92c21ecf15d1bf2f43ed4ab764bf4a8910
1996,kma_asos:130,1996-06-24,1996-07-22,130,울진,0d7b8f1e7ca1054498102c876e9bab92c21ecf15d1bf2f43ed4ab764bf4a8910
1996,kma_asos:131,1996-06-24,1996-07-22,131,청주,0d7b8f1e7ca1054498102c876e9bab92c21ecf15d1bf2f43ed4ab764bf4a8910
1996,kma_asos:133,1996-06-24,1996-07-22,133,대전,0d7b8f1e7ca1054498102c876e9bab92c21ecf15d1bf2f43ed4ab764bf4a8910
1996,kma_asos:135,1996-06-24,1996-07-22,135,추풍령,0d7b8f1e7ca1054498102c876e9bab92c21ecf15d1bf2f43ed4ab764bf4a8910
1996,kma_asos:136,1996-06-24,1996-07-22,136,안동,0d7b8f1e7ca1054498102c876e9bab92c21ecf15d1bf2f43ed4ab764bf4a8910
1996,kma_asos:138,1996-06-24,1996-07-22,138,포항,0d7b8f1e7ca1054498102c876e9bab92c21ecf15d1bf2f43ed4ab764bf4a8910
1996,kma_asos:140,1996-06-24,1996-07-22,140,군산,0d7b8f1e7ca1054498102c876e9bab92c21ecf15d1bf2f43ed4ab764bf4a8910
1996,kma_asos:143,1996-06-24,1996-07-22,143,대구,0d7b8f1e7ca1054498102c876e9bab92c21ecf15d1bf2f43ed4ab764bf4a8910
1996,kma_asos:146,1996-06-24,1996-07-22,146,전주,0d7b8f1e7ca1054498102c876e9bab92c21ecf15d1bf2f43ed4ab764bf4a8910
1996,kma_asos:152,1996-06-24,1996-07-22,152,울산,0d7b8f1e7ca1054498102c876e9bab92c21ecf15d1bf2f43ed4ab764bf4a8910
1996,kma_asos:155,1996-06-24,1996-07-22,155,창원,0d7b8f1e7ca1054498102c876e9bab92c21ecf15d1bf2f43ed4ab764bf4a8910
1996,kma_asos:156,1996-06-24,1996-07-22,156,광주,0d7b8f1e7ca1054498102c876e9bab92c21ecf15d1bf2f43ed4ab764bf4a8910
1996,kma_asos:159,1996-06-24,1996-07-22,159,부산,0d7b8f1e7ca1054498102c876e9bab92c21ecf15d1bf2f43ed4ab764bf4a8910
1996,kma_asos:162,1996-06-24,1996-07-22,162,통영,0d7b8f1e7ca1054498102c876e9bab92c21ecf15d1bf2f43ed4ab764bf4a8910
1996,kma_asos:165,1996-06-24,1996-07-22,165,목포,0d7b8f1e7ca1054498102c876e9bab92c21ecf15d1bf2f43ed4ab764bf4a8910
1996,kma_asos:168,1996-06-24,1996-07-22,168,여수,0d7b8f1e7ca1054498102c876e9bab92c21ecf15d1bf2f43ed4ab764bf4a8910
1996,kma_asos:170,1996-06-24,1996-07-22,170,완도,0d7b8f1e7ca1054498102c876e9bab92c21ecf15d1bf2f43ed4ab764bf4a8910
1996,kma_asos:184,1996-06-19,1996-07-16,184,제주,0d7b8f1e7ca1054498102c876e9bab92c21ecf15d1bf2f43ed4ab764bf4a8910
1996,kma_asos:185,1996-06-19,1996-07-16,185,고산,0d7b8f1e7ca1054498102c876e9bab92c21ecf15d1bf2f43ed4ab764bf4a8910
1996,kma_asos:188,1996-06-19,1996-07-16,188,성산,0d7b8f1e7ca1054498102c876e9bab92c21ecf15d1bf2f43ed4ab764bf4a8910
1996,kma_asos:189,1996-06-19,1996-07-16,189,서귀포,0d7b8f1e7ca1054498102c876e9bab92c21ecf15d1bf2f43ed4ab764bf4a8910
1996,kma_asos:192,1996-06-24,1996-07-22,192,진주,0d7b8f1e7ca1054498102c876e9bab92c21ecf15d1bf2f43ed4ab764bf4a8910
1996,kma_asos:201,1996-06-24,1996-07-22,201,강화,0d7b8f1e7ca1054498102c876e9bab92c21ecf15d1bf2f43ed4ab764bf4a8910
1996,kma_asos:202,1996-06-24,1996-07-22,202,양평,0d7b8f1e7ca1054498102c876e9bab92c21ecf15d1bf2f43ed4ab764bf4a8910
1996,kma_asos:203,1996-06-24,1996-07-22,203,이천,0d7b8f1e7ca1054498102c876e9bab92c21ecf15d1bf2f43ed4ab764bf4a8910
1996,kma_asos:211,1996-06-24,1996-07-22,211,인제,0d7b8f1e7ca1054498102c876e9bab92c21ecf15d1bf2f43ed4ab764bf4a8910
1996,kma_asos:212,1996-06-24,1996-07-22,212,홍천,0d7b8f1e7ca1054498102c876e9bab92c21ecf15d1bf2f43ed4ab764bf4a8910
1996,kma_asos:216,1996-06-24,1996-07-22,216,태백,0d7b8f1e7ca1054498102c876e9bab92c21ecf15d1bf2f43ed4ab764bf4a8910
1996,kma_asos:221,1996-06-24,1996-07-22,221,제천,0d7b8f1e7ca1054498102c876e9bab92c21ecf15d1bf2f43ed4ab764bf4a8910
1996,kma_asos:226,1996-06-24,1996-07-22,226,보은,0d7b8f1e7ca1054498102c876e9bab92c21ecf15d1bf2f43ed4ab764bf4a8910
1996,kma_asos:232,1996-06-24,1996-07-22,232,천안,0d7b8f1e7ca1054498102c876e9bab92c21ecf15d1bf2f43ed4ab764bf4a8910
1996,kma_asos:235,1996-06-24,1996-07-22,235,보령,0d7b8f1e7ca1054498102c876e9bab92c21ecf15d1bf2f43ed4ab764bf4a8910
1996,kma_asos:236,1996-06-24,1996-07-22,236,부여,0d7b8f1e7ca1054498102c876e9bab92c21ecf15d1bf2f43ed4ab764bf4a8910
1996,kma_asos:238,1996-06-24,1996-07-22,238,금산,0d7b8f1e7ca1054498102c876e9bab92c21ecf15d1bf2f43ed4ab764bf4a8910
1996,kma_asos:243,1996-06-24,1996-07-22,243,부안,0d7b8f1e7ca1054498102c876e9bab92c21ecf15d1bf2f43ed4ab764bf4a8910
1996,kma_asos:244,1996-06-24,1996-07-22,244,임실,0d7b8f1e7ca1054498102c876e9bab92c21ecf15d1bf2f43ed4ab764bf4a8910
1996,kma_asos:245,1996-06-24,1996-07-22,245,정읍,0d7b8f1e7ca1054498102c876e9bab92c21ecf15d1bf2f43ed4ab764bf4a8910
1996,kma_asos:247,1996-06-24,1996-07-22,247,남원,0d7b8f1e7ca1054498102c876e9bab92c21ecf15d1bf2f43ed4ab764bf4a8910
1996,kma_asos:248,1996-06-24,1996-07-22,248,장수,0d7b8f1e7ca1054498102c876e9bab92c21ecf15d1bf2f43ed4ab764bf4a8910
1996,kma_asos:260,1996-06-24,1996-07-22,260,장흥,0d7b8f1e7ca1054498102c876e9bab92c21ecf15d1bf2f43ed4ab764bf4a8910
1996,kma_asos:261,1996-06-24,1996-07-22,261,해남,0d7b8f1e7ca1054498102c876e9bab92c21ecf15d1bf2f43ed4ab764bf4a8910
1996,kma_asos:262,1996-06-24,1996-07-22,262,고흥,0d7b8f1e7ca1054498102c876e9bab92c21ecf15d1bf2f43ed4ab764bf4a8910
1996,kma_asos:271,1996-06-24,1996-07-22,271,봉화,0d7b8f1e7ca1054498102c876e9bab92c21ecf15d1bf2f43ed4ab764bf4a8910
1996,kma_asos:272,1996-06-24,1996-07-22,272,영주,0d7b8f1e7ca1054498102c876e9bab92c21ecf15d1bf2f43ed4ab764bf4a8910
1996,kma_asos:273,1996-06-24,1996-07-22,273,문경,0d7b8f1e7ca1054498102c876e9bab92c21ecf15d1bf2f43ed4ab764bf4a8910
1996,kma_asos:277,1996-06-24,1996-07-22,277,영덕,0d7b8f1e7ca1054498102c876e9bab92c21ecf15d1bf2f43ed4ab764bf4a8910
1996,kma_asos:278,1996-06-24,1996-07-22,278,의성,0d7b8f1e7ca1054498102c876e9bab92c21ecf15d1bf2f43ed4ab764bf4a8910
1996,kma_asos:279,1996-06-24,1996-07-22,279,구미,0d7b8f1e7ca1054498102c876e9bab92c21ecf15d1bf2f43ed4ab764bf4a8910
1996,kma_asos:281,1996-06-24,1996-07-22,281,영천,0d7b8f1e7ca1054498102c876e9bab92c21ecf15d1bf2f43ed4ab764bf4a8910
1996,kma_asos:284,1996-06-24,1996-07-22,284,거창,0d7b8f1e7ca1054498102c876e9bab92c21ecf15d1bf2f43ed4ab764bf4a8910
1996,kma_asos:285,1996-06-24,1996-07-22,285,합천,0d7b8f1e7ca1054498102c876e9bab92c21ecf15d1bf2f43ed4ab764bf4a8910
1996,kma_asos:288,1996-06-24,1996-07-22,288,밀양,0d7b8f1e7ca1054498102c876e9bab92c21ecf15d1bf2f43ed4ab764bf4a8910
1996,kma_asos:289,1996-06-24,1996-07-22,289,산청,0d7b8f1e7ca1054498102c876e9bab92c21ecf15d1bf2f43ed4ab764bf4a8910
1996,kma_asos:294,1996-06-24,1996-07-22,294,거제,0d7b8f1e7ca1054498102c876e9bab92c21ecf15d1bf2f43ed4ab764bf4a8910
1996,kma_asos:295,1996-06-24,1996-07-22,295,남해,0d7b8f1e7ca1054498102c876e9bab92c21ecf15d1bf2f43ed4ab764bf4a8910
1997,kma_asos:90,1997-06-25,1997-07-22,90,속초,0d7b8f1e7ca1054498102c876e9bab92c21ecf15d1bf2f43ed4ab764bf4a8910
1997,kma_asos:95,1997-06-25,1997-07-22,95,철원,0d7b8f1e7ca1054498102c876e9bab92c21ecf15d1bf2f43ed4ab764bf4a8910
1997,kma_asos:100,1997-06-25,1997-07-22,100,대관령,0d7b8f1e7ca1054498102c876e9bab92c21ecf15d1bf2f43ed4ab764bf4a8910
1997,kma_asos:101,1997-06-25,1997-07-22,101,춘천,0d7b8f1e7ca1054498102c876e9bab92c21ecf15d1bf2f43ed4ab764bf4a8910
1997,kma_asos:105,1997-06-25,1997-07-22,105,강릉,0d7b8f1e7ca1054498102c876e9bab92c21ecf15d1bf2f43ed4ab764bf4a8910
1997,kma_asos:108,1997-06-25,1997-07-22,108,서울,0d7b8f1e7ca1054498102c876e9bab92c21ecf15d1bf2f43ed4ab764bf4a8910
1997,kma_asos:112,1997-06-25,1997-07-22,112,인천,0d7b8f1e7ca1054498102c876e9bab92c21ecf15d1bf2f43ed4ab764bf4a8910
1997,kma_asos:114,1997-06-25,1997-07-22,114,원주,0d7b8f1e7ca1054498102c876e9bab92c21ecf15d1bf2f43ed4ab764bf4a8910
1997,kma_asos:119,1997-06-25,1997-07-22,119,수원,0d7b8f1e7ca1054498102c876e9bab92c21ecf15d1bf2f43ed4ab764bf4a8910
1997,kma_asos:127,1997-06-25,1997-07-22,127,충주,0d7b8f1e7ca1054498102c876e9bab92c21ecf15d1bf2f43ed4ab764bf4a8910
1997,kma_asos:129,1997-06-25,1997-07-22,129,서산,0d7b8f1e7ca1054498102c876e9bab92c21ecf15d1bf2f43ed4ab764bf4a8910
1997,kma_asos:130,1997-06-20,1997-07-18,130,울진,0d7b8f1e7ca1054498102c876e9bab92c21ecf15d1bf2f43ed4ab764bf4a8910
1997,kma_asos:131,1997-06-25,1997-07-22,131,청주,0d7b8f1e7ca1054498102c876e9bab92c21ecf15d1bf2f43ed4ab764bf4a8910
1997,kma_asos:133,1997-06-25,1997-07-22,133,대전,0d7b8f1e7ca1054498102c876e9bab92c21ecf15d1bf2f43ed4ab764bf4a8910
1997,kma_asos:135,1997-06-25,1997-07-22,135,추풍령,0d7b8f1e7ca1054498102c876e9bab92c21ecf15d1bf2f43ed4ab764bf4a8910
1997,kma_asos:136,1997-06-20,1997-07-18,136,안동,0d7b8f1e7ca1054498102c876e9bab92c21ecf15d1bf2f43ed4ab764bf4a8910
1997,kma_asos:138,1997-06-20,1997-07-18,138,포항,0d7b8f1e7ca1054498102c876e9bab92c21ecf15d1bf2f43ed4ab764bf4a8910
1997,kma_asos:140,1997-06-20,1997-07-18,140,군산,0d7b8f1e7ca1054498102c876e9bab92c21ecf15d1bf2f43ed4ab764bf4a8910
1997,kma_asos:143,1997-06-20,1997-07-18,143,대구,0d7b8f1e7ca1054498102c876e9bab92c21ecf15d1bf2f43ed4ab764bf4a8910
1997,kma_asos:146,1997-06-20,1997-07-18,146,전주,0d7b8f1e7ca1054498102c876e9bab92c21ecf15d1bf2f43ed4ab764bf4a8910
1997,kma_asos:152,1997-06-20,1997-07-18,152,울산,0d7b8f1e7ca1054498102c876e9bab92c21ecf15d1bf2f43ed4ab764bf4a8910
1997,kma_asos:155,1997-06-20,1997-07-18,155,창원,0d7b8f1e7ca1054498102c876e9bab92c21ecf15d1bf2f43ed4ab764bf4a8910
1997,kma_asos:156,1997-06-20,1997-07-18,156,광주,0d7b8f1e7ca1054498102c876e9bab92c21ecf15d1bf2f43ed4ab764bf4a8910
1997,kma_asos:159,1997-06-20,1997-07-18,159,부산,0d7b8f1e7ca1054498102c876e9bab92c21ecf15d1bf2f43ed4ab764bf4a8910
1997,kma_asos:162,1997-06-20,1997-07-18,162,통영,0d7b8f1e7ca1054498102c876e9bab92c21ecf15d1bf2f43ed4ab764bf4a8910
1997,kma_asos:165,1997-06-20,1997-07-18,165,목포,0d7b8f1e7ca1054498102c876e9bab92c21ecf15d1bf2f43ed4ab764bf4a8910
1997,kma_asos:168,1997-06-20,1997-07-18,168,여수,0d7b8f1e7ca1054498102c876e9bab92c21ecf15d1bf2f43ed4ab764bf4a8910
1997,kma_asos:170,1997-06-20,1997-07-18,170,완도,0d7b8f1e7ca1054498102c876e9bab92c21ecf15d1bf2f43ed4ab764bf4a8910
1997,kma_asos:184,1997-06-20,1997-07-18,184,제주,0d7b8f1e7ca1054498102c876e9bab92c21ecf15d1bf2f43ed4ab764bf4a8910
1997,kma_asos:185,1997-06-20,1997-07-18,185,고산,0d7b8f1e7ca1054498102c876e9bab92c21ecf15d1bf2f43ed4ab764bf4a8910
1997,kma_asos:188,1997-06-20,1997-07-18,188,성산,0d7b8f1e7ca1054498102c876e9bab92c21ecf15d1bf2f43ed4ab764bf4a8910
1997,kma_asos:189,1997-06-20,1997-07-18,189,서귀포,0d7b8f1e7ca1054498102c876e9bab92c21ecf15d1bf2f43ed4ab764bf4a8910
1997,kma_asos:192,1997-06-20,1997-07-18,192,진주,0d7b8f1e7ca1054498102c876e9bab92c21ecf15d1bf2f43ed4ab764bf4a8910
1997,kma_asos:201,1997-06-25,1997-07-22,201,강화,0d7b8f1e7ca1054498102c876e9bab92c21ecf15d1bf2f43ed4ab764bf4a8910
1997,kma_asos:202,1997-06-25,1997-07-22,202,양평,0d7b8f1e7ca1054498102c876e9bab92c21ecf15d1bf2f43ed4ab764bf4a8910
1997,kma_asos:203,1997-06-25,1997-07-22,203,이천,0d7b8f1e7ca1054498102c876e9bab92c21ecf15d1bf2f43ed4ab764bf4a8910
1997,kma_asos:211,1997-06-25,1997-07-22,211,인제,0d7b8f1e7ca1054498102c876e9bab92c21ecf15d1bf2f43ed4ab764bf4a8910
1997,kma_asos:212,1997-06-25,1997-07-22,212,홍천,0d7b8f1e7ca1054498102c876e9bab92c21ecf15d1bf2f43ed4ab764bf4a8910
1997,kma_asos:216,1997-06-25,1997-07-22,216,태백,0d7b8f1e7ca1054498102c876e9bab92c21ecf15d1bf2f43ed4ab764bf4a8910
1997,kma_asos:221,1997-06-25,1997-07-22,221,제천,0d7b8f1e7ca1054498102c876e9bab92c21ecf15d1bf2f43ed4ab764bf4a8910
1997,kma_asos:226,1997-06-25,1997-07-22,226,보은,0d7b8f1e7ca1054498102c876e9bab92c21ecf15d1bf2f43ed4ab764bf4a8910
1997,kma_asos:232,1997-06-25,1997-07-22,232,천안,0d7b8f1e7ca1054498102c876e9bab92c21ecf15d1bf2f43ed4ab764bf4a8910
1997,kma_asos:235,1997-06-25,1997-07-22,235,보령,0d7b8f1e7ca1054498102c876e9bab92c21ecf15d1bf2f43ed4ab764bf4a8910
1997,kma_asos:236,1997-06-25,1997-07-22,236,부여,0d7b8f1e7ca1054498102c876e9bab92c21ecf15d1bf2f43ed4ab764bf4a8910
1997,kma_asos:238,1997-06-25,1997-07-22,238,금산,0d7b8f1e7ca1054498102c876e9bab92c21ecf15d1bf2f43ed4ab764bf4a8910
1997,kma_asos:243,1997-06-20,1997-07-18,243,부안,0d7b8f1e7ca1054498102c876e9bab92c21ecf15d1bf2f43ed4ab764bf4a8910
1997,kma_asos:244,1997-06-20,1997-07-18,244,임실,0d7b8f1e7ca1054498102c876e9bab92c21ecf15d1bf2f43ed4ab764bf4a8910
1997,kma_asos:245,1997-06-20,1997-07-18,245,정읍,0d7b8f1e7ca1054498102c876e9bab92c21ecf15d1bf2f43ed4ab764bf4a8910
1997,kma_asos:247,1997-06-20,1997-07-18,247,남원,0d7b8f1e7ca1054498102c876e9bab92c21ecf15d1bf2f43ed4ab764bf4a8910
1997,kma_asos:248,1997-06-20,1997-07-18,248,장수,0d7b8f1e7ca1054498102c876e9bab92c21ecf15d1bf2f43ed4ab764bf4a8910
1997,kma_asos:260,1997-06-20,1997-07-18,260,장흥,0d7b8f1e7ca1054498102c876e9bab92c21ecf15d1bf2f43ed4ab764bf4a8910
1997,kma_asos:261,1997-06-20,1997-07-18,261,해남,0d7b8f1e7ca1054498102c876e9bab92c21ecf15d1bf2f43ed4ab764bf4a8910
1997,kma_asos:262,1997-06-20,1997-07-18,262,고흥,0d7b8f1e7ca1054498102c876e9bab92c21ecf15d1bf2f43ed4ab764bf4a8910
1997,kma_asos:271,1997-06-20,1997-07-18,271,봉화,0d7b8f1e7ca1054498102c876e9bab92c21ecf15d1bf2f43ed4ab764bf4a8910
1997,kma_asos:272,1997-06-20,1997-07-18,272,영주,0d7b8f1e7ca1054498102c876e9bab92c21ecf15d1bf2f43ed4ab764bf4a8910
1997,kma_asos:273,1997-06-20,1997-07-18,273,문경,0d7b8f1e7ca1054498102c876e9bab92c21ecf15d1bf2f43ed4ab764bf4a8910
1997,kma_asos:277,1997-06-20,1997-07-18,277,영덕,0d7b8f1e7ca1054498102c876e9bab92c21ecf15d1bf2f43ed4ab764bf4a8910
1997,kma_asos:278,1997-06-20,1997-07-18,278,의성,0d7b8f1e7ca1054498102c876e9bab92c21ecf15d1bf2f43ed4ab764bf4a8910
1997,kma_asos:279,1997-06-20,1997-07-18,279,구미,0d7b8f1e7ca1054498102c876e9bab92c21ecf15d1bf2f43ed4ab764bf4a8910
1997,kma_asos:281,1997-06-20,1997-07-18,281,영천,0d7b8f1e7ca1054498102c876e9bab92c21ecf15d1bf2f43ed4ab764bf4a8910
1997,kma_asos:284,1997-06-20,1997-07-18,284,거창,0d7b8f1e7ca1054498102c876e9bab92c21ecf15d1bf2f43ed4ab764bf4a8910
1997,kma_asos:285,1997-06-20,1997-07-18,285,합천,0d7b8f1e7ca1054498102c876e9bab92c21ecf15d1bf2f43ed4ab764bf4a8910
1997,kma_asos:288,1997-06-20,1997-07-18,288,밀양,0d7b8f1e7ca1054498102c876e9bab92c21ecf15d1bf2f43ed4ab764bf4a8910
1997,kma_asos:289,1997-06-20,1997-07-18,289,산청,0d7b8f1e7ca1054498102c876e9bab92c21ecf15d1bf2f43ed4ab764bf4a8910
1997,kma_asos:294,1997-06-20,1997-07-18,294,거제,0d7b8f1e7ca1054498102c876e9bab92c21ecf15d1bf2f43ed4ab764bf4a8910
1997,kma_asos:295,1997-06-20,1997-07-18,295,남해,0d7b8f1e7ca1054498102c876e9bab92c21ecf15d1bf2f43ed4ab764bf4a8910
1998,kma_asos:90,1998-06-25,1998-07-28,90,속초,0d7b8f1e7ca1054498102c876e9bab92c21ecf15d1bf2f43ed4ab764bf4a8910
1998,kma_asos:95,1998-06-25,1998-07-28,95,철원,0d7b8f1e7ca1054498102c876e9bab92c21ecf15d1bf2f43ed4ab764bf4a8910
1998,kma_asos:100,1998-06-25,1998-07-28,100,대관령,0d7b8f1e7ca1054498102c876e9bab92c21ecf15d1bf2f43ed4ab764bf4a8910
1998,kma_asos:101,1998-06-25,1998-07-28,101,춘천,0d7b8f1e7ca1054498102c876e9bab92c21ecf15d1bf2f43ed4ab764bf4a8910
1998,kma_asos:105,1998-06-25,1998-07-28,105,강릉,0d7b8f1e7ca1054498102c876e9bab92c21ecf15d1bf2f43ed4ab764bf4a8910
1998,kma_asos:108,1998-06-25,1998-07-28,108,서울,0d7b8f1e7ca1054498102c876e9bab92c21ecf15d1bf2f43ed4ab764bf4a8910
1998,kma_asos:112,1998-06-25,1998-07-28,112,인천,0d7b8f1e7ca1054498102c876e9bab92c21ecf15d1bf2f43ed4ab764bf4a8910
1998,kma_asos:114,1998-06-25,1998-07-28,114,원주,0d7b8f1e7ca1054498102c876e9bab92c21ecf15d1bf2f43ed4ab764bf4a8910
1998,kma_asos:119,1998-06-25,1998-07-28,119,수원,0d7b8f1e7ca1054498102c876e9bab92c21ecf15d1bf2f43ed4ab764bf4a8910
1998,kma_asos:127,1998-06-25,1998-07-28,127,충주,0d7b8f1e7ca1054498102c876e9bab92c21ecf15d1bf2f43ed4ab764bf4a8910
1998,kma_asos:129,1998-06-25,1998-07-28,129,서산,0d7b8f1e7ca1054498102c876e9bab92c21ecf15d1bf2f43ed4ab764bf4a8910
1998,kma_asos:130,1998-06-24,1998-07-28,130,울진,0d7b8f1e7ca1054498102c876e9bab92c21ecf15d1bf2f43ed4ab764bf4a8910
1998,kma_asos:131,1998-06-25,1998-07-28,131,청주,0d7b8f1e7ca1054498102c876e9bab92c21ecf15d1bf2f43ed4ab764bf4a8910
1998,kma_asos:133,1998-06-25,1998-07-28,133,대전,0d7b8f1e7ca1054498102c876e9bab92c21ecf15d1bf2f43ed4ab764bf4a8910
1998,kma_asos:135,1998-06-25,1998-07-28,135,추풍령,0d7b8f1e7ca1054498102c876e9bab92c21ecf15d1bf2f43ed4ab764bf4a8910
1998,kma_asos:136,1998-06-24,1998-07-28,136,안동,0d7b8f1e7ca1054498102c876e9bab92c21ecf15d1bf2f43ed4ab764bf4a8910
1998,kma_asos:138,1998-06-24,1998-07-28,138,포항,0d7b8f1e7ca1054498102c876e9bab92c21ecf15d1bf2f43ed4ab764bf4a8910
1998,kma_asos:140,1998-06-24,1998-07-28,140,군산,0d7b8f1e7ca1054498102c876e9bab92c21ecf15d1bf2f43ed4ab764bf4a8910
1998,kma_asos:143,1998-06-24,1998-07-28,143,대구,0d7b8f1e7ca1054498102c876e9bab92c21ecf15d1bf2f43ed4ab764bf4a8910
1998,kma_asos:146,1998-06-24,1998-07-28,146,전주,0d7b8f1e7ca1054498102c876e9bab92c21ecf15d1bf2f43ed4ab764bf4a8910
1998,kma_asos:152,1998-06-24,1998-07-28,152,울산,0d7b8f1e7ca1054498102c876e9bab92c21ecf15d1bf2f43ed4ab764bf4a8910
1998,kma_asos:155,1998-06-24,1998-07-28,155,창원,0d7b8f1e7ca1054498102c876e9bab92c21ecf15d1bf2f43ed4ab764bf4a8910
1998,kma_asos:156,1998-06-24,1998-07-28,156,광주,0d7b8f1e7ca1054498102c876e9bab92c21ecf15d1bf2f43ed4ab764bf4a8910
1998,kma_asos:159,1998-06-24,1998-07-28,159,부산,0d7b8f1e7ca1054498102c876e9bab92c21ecf15d1bf2f43ed4ab764bf4a8910
1998,kma_asos:162,1998-06-24,1998-07-28,162,통영,0d7b8f1e7ca1054498102c876e9bab92c21ecf15d1bf2f43ed4ab764bf4a8910
1998,kma_asos:165,1998-06-24,1998-07-28,165,목포,0d7b8f1e7ca1054498102c876e9bab92c21ecf15d1bf2f43ed4ab764bf4a8910
1998,kma_asos:168,1998-06-24,1998-07-28,168,여수,0d7b8f1e7ca1054498102c876e9bab92c21ecf15d1bf2f43ed4ab764bf4a8910
1998,kma_asos:170,1998-06-24,1998-07-28,170,완도,0d7b8f1e7ca1054498102c876e9bab92c21ecf15d1bf2f43ed4ab764bf4a8910
1998,kma_asos:184,1998-06-12,1998-07-28,184,제주,0d7b8f1e7ca1054498102c876e9bab92c21ecf15d1bf2f43ed4ab764bf4a8910
1998,kma_asos:185,1998-06-12,1998-07-28,185,고산,0d7b8f1e7ca1054498102c876e9bab92c21ecf15d1bf2f43ed4ab764bf4a8910
1998,kma_asos:188,1998-06-12,1998-07-28,188,성산,0d7b8f1e7ca1054498102c876e9bab92c21ecf15d1bf2f43ed4ab764bf4a8910
1998,kma_asos:189,1998-06-12,1998-07-28,189,서귀포,0d7b8f1e7ca1054498102c876e9bab92c21ecf15d1bf2f43ed4ab764bf4a8910
1998,kma_asos:192,1998-06-24,1998-07-28,192,진주,0d7b8f1e7ca1054498102c876e9bab92c21ecf15d1bf2f43ed4ab764bf4a8910
1998,kma_asos:201,1998-06-25,1998-07-28,201,강화,0d7b8f1e7ca1054498102c876e9bab92c21ecf15d1bf2f43ed4ab764bf4a8910
1998,kma_asos:202,1998-06-25,1998-07-28,202,양평,0d7b8f1e7ca1054498102c876e9bab92c21ecf15d1bf2f43ed4ab764bf4a8910
1998,kma_asos:203,1998-06-25,1998-07-28,203,이천,0d7b8f1e7ca1054498102c876e9bab92c21ecf15d1bf2f43ed4ab764bf4a8910
1998,kma_asos:211,1998-06-25,1998-07-28,211,인제,0d7b8f1e7ca1054498102c876e9bab92c21ecf15d1bf2f43ed4ab764bf4a8910
1998,kma_asos:212,1998-06-25,1998-07-28,212,홍천,0d7b8f1e7ca1054498102c876e9bab92c21ecf15d1bf2f43ed4ab764bf4a8910
1998,kma_asos:216,1998-06-25,1998-07-28,216,태백,0d7b8f1e7ca1054498102c876e9bab92c21ecf15d1bf2f43ed4ab764bf4a8910
1998,kma_asos:221,1998-06-25,1998-07-28,221,제천,0d7b8f1e7ca1054498102c876e9bab92c21ecf15d1bf2f43ed4ab764bf4a8910
1998,kma_asos:226,1998-06-25,1998-07-28,226,보은,0d7b8f1e7ca1054498102c876e9bab92c21ecf15d1bf2f43ed4ab764bf4a8910
1998,kma_asos:232,1998-06-25,1998-07-28,232,천안,0d7b8f1e7ca1054498102c876e9bab92c21ecf15d1bf2f43ed4ab764bf4a8910
1998,kma_asos:235,1998-06-25,1998-07-28,235,보령,0d7b8f1e7ca1054498102c876e9bab92c21ecf15d1bf2f43ed4ab764bf4a8910
1998,kma_asos:236,1998-06-25,1998-07-28,236,부여,0d7b8f1e7ca1054498102c876e9bab92c21ecf15d1bf2f43ed4ab764bf4a8910
1998,kma_asos:238,1998-06-25,1998-07-28,238,금산,0d7b8f1e7ca1054498102c876e9bab92c21ecf15d1bf2f43ed4ab764bf4a8910
1998,kma_asos:243,1998-06-24,1998-07-28,243,부안,0d7b8f1e7ca1054498102c876e9bab92c21ecf15d1bf2f43ed4ab764bf4a8910
1998,kma_asos:244,1998-06-24,1998-07-28,244,임실,0d7b8f1e7ca1054498102c876e9bab92c21ecf15d1bf2f43ed4ab764bf4a8910
1998,kma_asos:245,1998-06-24,1998-07-28,245,정읍,0d7b8f1e7ca1054498102c876e9bab92c21ecf15d1bf2f43ed4ab764bf4a8910
1998,kma_asos:247,1998-06-24,1998-07-28,247,남원,0d7b8f1e7ca1054498102c876e9bab92c21ecf15d1bf2f43ed4ab764bf4a8910
1998,kma_asos:248,1998-06-24,1998-07-28,248,장수,0d7b8f1e7ca1054498102c876e9bab92c21ecf15d1bf2f43ed4ab764bf4a8910
1998,kma_asos:260,1998-06-24,1998-07-28,260,장흥,0d7b8f1e7ca1054498102c876e9bab92c21ecf15d1bf2f43ed4ab764bf4a8910
1998,kma_asos:261,1998-06-24,1998-07-28,261,해남,0d7b8f1e7ca1054498102c876e9bab92c21ecf15d1bf2f43ed4ab764bf4a8910
1998,kma_asos:262,1998-06-24,1998-07-28,262,고흥,0d7b8f1e7ca1054498102c876e9bab92c21ecf15d1bf2f43ed4ab764bf4a8910
1998,kma_asos:271,1998-06-24,1998-07-28,271,봉화,0d7b8f1e7ca1054498102c876e9bab92c21ecf15d1bf2f43ed4ab764bf4a8910
1998,kma_asos:272,1998-06-24,1998-07-28,272,영주,0d7b8f1e7ca1054498102c876e9bab92c21ecf15d1bf2f43ed4ab764bf4a8910
1998,kma_asos:273,1998-06-24,1998-07-28,273,문경,0d7b8f1e7ca1054498102c876e9bab92c21ecf15d1bf2f43ed4ab764bf4a8910
1998,kma_asos:277,1998-06-24,1998-07-28,277,영덕,0d7b8f1e7ca1054498102c876e9bab92c21ecf15d1bf2f43ed4ab764bf4a8910
1998,kma_asos:278,1998-06-24,1998-07-28,278,의성,0d7b8f1e7ca1054498102c876e9bab92c21ecf15d1bf2f43ed4ab764bf4a8910
1998,kma_asos:279,1998-06-24,1998-07-28,279,구미,0d7b8f1e7ca1054498102c876e9bab92c21ecf15d1bf2f43ed4ab764bf4a8910
1998,kma_asos:281,1998-06-24,1998-07-28,281,영천,0d7b8f1e7ca1054498102c876e9bab92c21ecf15d1bf2f43ed4ab764bf4a8910
1998,kma_asos:284,1998-06-24,1998-07-28,284,거창,0d7b8f1e7ca1054498102c876e9bab92c21ecf15d1bf2f43ed4ab764bf4a8910
1998,kma_asos:285,1998-06-24,1998-07-28,285,합천,0d7b8f1e7ca1054498102c876e9bab92c21ecf15d1bf2f43ed4ab764bf4a8910
1998,kma_asos:288,1998-06-24,1998-07-28,288,밀양,0d7b8f1e7ca1054498102c876e9bab92c21ecf15d1bf2f43ed4ab764bf4a8910
1998,kma_asos:289,1998-06-24,1998-07-28,289,산청,0d7b8f1e7ca1054498102c876e9bab92c21ecf15d1bf2f43ed4ab764bf4a8910
1998,kma_asos:294,1998-06-24,1998-07-28,294,거제,0d7b8f1e7ca1054498102c876e9bab92c21ecf15d1bf2f43ed4ab764bf4a8910
1998,kma_asos:295,1998-06-24,1998-07-28,295,남해,0d7b8f1e7ca1054498102c876e9bab92c21ecf15d1bf2f43ed4ab764bf4a8910
1999,kma_asos:90,1999-06-23,1999-07-10,90,속초,0d7b8f1e7ca1054498102c876e9bab92c21ecf15d1bf2f43ed4ab764bf4a8910
1999,kma_asos:95,1999-06-23,1999-07-10,95,철원,0d7b8f1e7ca1054498102c876e9bab92c21ecf15d1bf2f43ed4ab764bf4a8910
1999,kma_asos:100,1999-06-23,1999-07-10,100,대관령,0d7b8f1e7ca1054498102c876e9bab92c21ecf15d1bf2f43ed4ab764bf4a8910
1999,kma_asos:101,1999-06-23,1999-07-10,101,춘천,0d7b8f1e7ca1054498102c876e9bab92c21ecf15d1bf2f43ed4ab764bf4a8910
1999,kma_asos:105,1999-06-23,1999-07-10,105,강릉,0d7b8f1e7ca1054498102c876e9bab92c21ecf15d1bf2f43ed4ab764bf4a8910
1999,kma_asos:108,1999-06-23,1999-07-10,108,서울,0d7b8f1e7ca1054498102c876e9bab92c21ecf15d1bf2f43ed4ab764bf4a8910
1999,kma_asos:112,1999-06-23,1999-07-10,112,인천,0d7b8f1e7ca1054498102c876e9bab92c21ecf15d1bf2f43ed4ab764bf4a8910
1999,kma_asos:114,1999-06-23,1999-07-10,114,원주,0d7b8f1e7ca1054498102c876e9bab92c21ecf15d1bf2f43ed4ab764bf4a8910
1999,kma_asos:119,1999-06-23,1999-07-10,119,수원,0d7b8f1e7ca1054498102c876e9bab92c21ecf15d1bf2f43ed4ab764bf4a8910
1999,kma_asos:127,1999-06-23,1999-07-10,127,충주,0d7b8f1e7ca1054498102c876e9bab92c21ecf15d1bf2f43ed4ab764bf4a8910
1999,kma_asos:129,1999-06-23,1999-07-10,129,서산,0d7b8f1e7ca1054498102c876e9bab92c21ecf15d1bf2f43ed4ab764bf4a8910
1999,kma_asos:130,1999-06-17,1999-07-20,130,울진,0d7b8f1e7ca1054498102c876e9bab92c21ecf15d1bf2f43ed4ab764bf4a8910
1999,kma_asos:131,1999-06-23,1999-07-10,131,청주,0d7b8f1e7ca1054498102c876e9bab92c21ecf15d1bf2f43ed4ab764bf4a8910
1999,kma_asos:133,1999-06-23,1999-07-10,133,대전,0d7b8f1e7ca1054498102c876e9bab92c21ecf15d1bf2f43ed4ab764bf4a8910
1999,kma_asos:135,1999-06-23,1999-07-10,135,추풍령,0d7b8f1e7ca1054498102c876e9bab92c21ecf15d1bf2f43ed4ab764bf4a8910
1999,kma_asos:136,1999-06-17,1999-07-20,136,안동,0d7b8f1e7ca1054498102c876e9bab92c21ecf15d1bf2f43ed4ab764bf4a8910
1999,kma_asos:138,1999-06-17,1999-07-20,138,포항,0d7b8f1e7ca1054498102c876e9bab92c21ecf15d1bf2f43ed4ab764bf4a8910
1999,kma_asos:140,1999-06-17,1999-07-20,140,군산,0d7b8f1e7ca1054498102c876e9bab92c21ecf15d1bf2f43ed4ab764bf4a8910
1999,kma_asos:143,1999-06-17,1999-07-20,143,대구,0d7b8f1e7ca1054498102c876e9bab92c21ecf15d1bf2f43ed4ab764bf4a8910
1999,kma_asos:146,1999-06-17,1999-07-20,146,전주,0d7b8f1e7ca1054498102c876e9bab92c21ecf15d1bf2f43ed4ab764bf4a8910
1999,kma_asos:152,1999-06-17,1999-07-20,152,울산,0d7b8f1e7ca1054498102c876e9bab92c21ecf15d1bf2f43ed4ab764bf4a8910
1999,kma_asos:155,1999-06-17,1999-07-20,155,창원,0d7b8f1e7ca1054498102c876e9bab92c21ecf15d1bf2f43ed4ab764bf4a8910
1999,kma_asos:156,1999-06-17,1999-07-20,156,광주,0d7b8f1e7ca1054498102c876e9bab92c21ecf15d1bf2f43ed4ab764bf4a8910
1999,kma_asos:159,1999-06-17,1999-07-20,159,부산,0d7b8f1e7ca1054498102c876e9bab92c21ecf15d1bf2f43ed4ab764bf4a8910
1999,kma_asos:162,1999-06-17,1999-07-20,162,통영,0d7b8f1e7ca1054498102c876e9bab92c21ecf15d1bf2f43ed4ab764bf4a8910
1999,kma_asos:165,1999-06-17,1999-07-20,165,목포,0d7b8f1e7ca1054498102c876e9bab92c21ecf15d1bf2f43ed4ab764bf4a8910
1999,kma_asos:168,1999-06-17,1999-07-20,168,여수,0d7b8f1e7ca1054498102c876e9bab92c21ecf15d1bf2f43ed4ab764bf4a8910
1999,kma_asos:170,1999-06-17,1999-07-20,170,완도,0d7b8f1e7ca1054498102c876e9bab92c21ecf15d1bf2f43ed4ab764bf4a8910
1999,kma_asos:184,1999-06-17,1999-07-20,184,제주,0d7b8f1e7ca1054498102c876e9bab92c21ecf15d1bf2f43ed4ab764bf4a8910
1999,kma_asos:185,1999-06-17,1999-07-20,185,고산,0d7b8f1e7ca1054498102c876e9bab92c21ecf15d1bf2f43ed4ab764bf4a8910
1999,kma_asos:188,1999-06-17,1999-07-20,188,성산,0d7b8f1e7ca1054498102c876e9bab92c21ecf15d1bf2f43ed4ab764bf4a8910
1999,kma_asos:189,1999-06-17,1999-07-20,189,서귀포,0d7b8f1e7ca1054498102c876e9bab92c21ecf15d1bf2f43ed4ab764bf4a8910
1999,kma_asos:192,1999-06-17,1999-07-20,192,진주,0d7b8f1e7ca1054498102c876e9bab92c21ecf15d1bf2f43ed4ab764bf4a8910
1999,kma_asos:201,1999-06-23,1999-07-10,201,강화,0d7b8f1e7ca1054498102c876e9bab92c21ecf15d1bf2f43ed4ab764bf4a8910
1999,kma_asos:202,1999-06-23,1999-07-10,202,양평,0d7b8f1e7ca1054498102c876e9bab92c21ecf15d1bf2f43ed4ab764bf4a8910
1999,kma_asos:203,1999-06-23,1999-07-10,203,이천,0d7b8f1e7ca1054498102c876e9bab92c21ecf15d1bf2f43ed4ab764bf4a8910
1999,kma_asos:211,1999-06-23,1999-07-10,211,인제,0d7b8f1e7ca1054498102c876e9bab92c21ecf15d1bf2f43ed4ab764bf4a8910
1999,kma_asos:212,1999-06-23,1999-07-10,212,홍천,0d7b8f1e7ca1054498102c876e9bab92c21ecf15d1bf2f43ed4ab764bf4a8910
1999,kma_asos:216,1999-06-23,1999-07-10,216,태백,0d7b8f1e7ca1054498102c876e9bab92c21ecf15d1bf2f43ed4ab764bf4a8910
1999,kma_asos:221,1999-06-23,1999-07-10,221,제천,0d7b8f1e7ca1054498102c876e9bab92c21ecf15d1bf2f43ed4ab764bf4a8910
1999,kma_asos:226,1999-06-23,1999-07-10,226,보은,0d7b8f1e7ca1054498102c876e9bab92c21ecf15d1bf2f43ed4ab764bf4a8910
1999,kma_asos:232,1999-06-23,1999-07-10,232,천안,0d7b8f1e7ca1054498102c876e9bab92c21ecf15d1bf2f43ed4ab764bf4a8910
1999,kma_asos:235,1999-06-23,1999-07-10,235,보령,0d7b8f1e7ca1054498102c876e9bab92c21ecf15d1bf2f43ed4ab764bf4a8910
1999,kma_asos:236,1999-06-23,1999-07-10,236,부여,0d7b8f1e7ca1054498102c876e9bab92c21ecf15d1bf2f43ed4ab764bf4a8910
1999,kma_asos:238,1999-06-23,1999-07-10,238,금산,0d7b8f1e7ca1054498102c876e9bab92c21ecf15d1bf2f43ed4ab764bf4a8910
1999,kma_asos:243,1999-06-17,1999-07-20,243,부안,0d7b8f1e7ca1054498102c876e9bab92c21ecf15d1bf2f43ed4ab764bf4a8910
1999,kma_asos:244,1999-06-17,1999-07-20,244,임실,0d7b8f1e7ca1054498102c876e9bab92c21ecf15d1bf2f43ed4ab764bf4a8910
1999,kma_asos:245,1999-06-17,1999-07-20,245,정읍,0d7b8f1e7ca1054498102c876e9bab92c21ecf15d1bf2f43ed4ab764bf4a8910
1999,kma_asos:247,1999-06-17,1999-07-20,247,남원,0d7b8f1e7ca1054498102c876e9bab92c21ecf15d1bf2f43ed4ab764bf4a8910
1999,kma_asos:248,1999-06-17,1999-07-20,248,장수,0d7b8f1e7ca1054498102c876e9bab92c21ecf15d1bf2f43ed4ab764bf4a8910
1999,kma_asos:260,1999-06-17,1999-07-20,260,장흥,0d7b8f1e7ca1054498102c876e9bab92c21ecf15d1bf2f43ed4ab764bf4a8910
1999,kma_asos:261,1999-06-17,1999-07-20,261,해남,0d7b8f1e7ca1054498102c876e9bab92c21ecf15d1bf2f43ed4ab764bf4a8910
1999,kma_asos:262,1999-06-17,1999-07-20,262,고흥,0d7b8f1e7ca1054498102c876e9bab92c21ecf15d1bf2f43ed4ab764bf4a8910
1999,kma_asos:271,1999-06-17,1999-07-20,271,봉화,0d7b8f1e7ca1054498102c876e9bab92c21ecf15d1bf2f43ed4ab764bf4a8910
1999,kma_asos:272,1999-06-17,1999-07-20,272,영주,0d7b8f1e7ca1054498102c876e9bab92c21ecf15d1bf2f43ed4ab764bf4a8910
1999,kma_asos:273,1999-06-17,1999-07-20,273,문경,0d7b8f1e7ca1054498102c876e9bab92c21ecf15d1bf2f43ed4ab764bf4a8910
1999,kma_asos:277,1999-06-17,1999-07-20,277,영덕,0d7b8f1e7ca1054498102c876e9bab92c21ecf15d1bf2f43ed4ab764bf4a8910
1999,kma_asos:278,1999-06-17,1999-07-20,278,의성,0d7b8f1e7ca1054498102c876e9bab92c21ecf15d1bf2f43ed4ab764bf4a8910
1999,kma_asos:279,1999-06-17,1999-07-20,279,구미,0d7b8f1e7ca1054498102c876e9bab92c21ecf15d1bf2f43ed4ab764bf4a8910
1999,kma_asos:281,1999-06-17,1999-07-20,281,영천,0d7b8f1e7ca1054498102c876e9bab92c21ecf15d1bf2f43ed4ab764bf4a8910
1999,kma_asos:284,1999-06-17,1999-07-20,284,거창,0d7b8f1e7ca1054498102c876e9bab92c21ecf15d1bf2f43ed4ab764bf4a8910
1999,kma_asos:285,1999-06-17,1999-07-20,285,합천,0d7b8f1e7ca1054498102c876e9bab92c21ecf15d1bf2f43ed4ab764bf4a8910
1999,kma_asos:288,1999-06-17,1999-07-20,288,밀양,0d7b8f1e7ca1054498102c876e9bab92c21ecf15d1bf2f43ed4ab764bf4a8910
1999,kma_asos:289,1999-06-17,1999-07-20,289,산청,0d7b8f1e7ca1054498102c876e9bab92c21ecf15d1bf2f43ed4ab764bf4a8910
1999,kma_asos:294,1999-06-17,1999-07-20,294,거제,0d7b8f1e7ca1054498102c876e9bab92c21ecf15d1bf2f43ed4ab764bf4a8910
1999,kma_asos:295,1999-06-17,1999-07-20,295,남해,0d7b8f1e7ca1054498102c876e9bab92c21ecf15d1bf2f43ed4ab764bf4a8910
2000,kma_asos:90,2000-06-22,2000-07-19,90,속초,0d7b8f1e7ca1054498102c876e9bab92c21ecf15d1bf2f43ed4ab764bf4a8910
2000,kma_asos:95,2000-06-22,2000-07-19,95,철원,0d7b8f1e7ca1054498102c876e9bab92c21ecf15d1bf2f43ed4ab764bf4a8910
2000,kma_asos:100,2000-06-22,2000-07-19,100,대관령,0d7b8f1e7ca1054498102c876e9bab92c21ecf15d1bf2f43ed4ab764bf4a8910
2000,kma_asos:101,2000-06-22,2000-07-19,101,춘천,0d7b8f1e7ca1054498102c876e9bab92c21ecf15d1bf2f43ed4ab764bf4a8910
2000,kma_asos:105,2000-06-22,2000-07-19,105,강릉,0d7b8f1e7ca1054498102c876e9bab92c21ecf15d1bf2f43ed4ab764bf4a8910
2000,kma_asos:108,2000-06-22,2000-07-19,108,서울,0d7b8f1e7ca1054498102c876e9bab92c21ecf15d1bf2f43ed4ab764bf4a8910
2000,kma_asos:112,2000-06-22,2000-07-19,112,인천,0d7b8f1e7ca1054498102c876e9bab92c21ecf15d1bf2f43ed4ab764bf4a8910
2000,kma_asos:114,2000-06-22,2000-07-19,114,원주,0d7b8f1e7ca1054498102c876e9bab92c21ecf15d1bf2f43ed4ab764bf4a8910
2000,kma_asos:119,2000-06-22,2000-07-19,119,수원,0d7b8f1e7ca1054498102c876e9bab92c21ecf15d1bf2f43ed4ab764bf4a8910
2000,kma_asos:127,2000-06-22,2000-07-19,127,충주,0d7b8f1e7ca1054498102c876e9bab92c21ecf15d1bf2f43ed4ab764bf4a8910
2000,kma_asos:129,2000-06-22,2000-07-19,129,서산,0d7b8f1e7ca1054498102c876e9bab92c21ecf15d1bf2f43ed4ab764bf4a8910
2000,kma_asos:130,2000-06-21,2000-07-16,130,울진,0d7b8f1e7ca1054498102c876e9bab92c21ecf15d1bf2f43ed4ab764bf4a8910
2000,kma_asos:131,2000-06-22,2000-07-19,131,청주,0d7b8f1e7ca1054498102c876e9bab92c21ecf15d1bf2f43ed4ab764bf4a8910
2000,kma_asos:133,2000-06-22,2000-07-19,133,대전,0d7b8f1e7ca1054498102c876e9bab92c21ecf15d1bf2f43ed4ab764bf4a8910
2000,kma_asos:135,2000-06-22,2000-07-19,135,추풍령,0d7b8f1e7ca1054498102c876e9bab92c21ecf15d1bf2f43ed4ab764bf4a8910
2000,kma_asos:136,2000-06-21,2000-07-16,136,안동,0d7b8f1e7ca1054498102c876e9bab92c21ecf15d1bf2f43ed4ab764bf4a8910
2000,kma_asos:138,2000-06-21,2000-07-16,138,포항,0d7b8f1e7ca1054498102c876e9bab92c21ecf15d1bf2f43ed4ab764bf4a8910
2000,kma_asos:140,2000-06-21,2000-07-16,140,군산,0d7b8f1e7ca1054498102c876e9bab92c21ecf15d1bf2f43ed4ab764bf4a8910
2000,kma_asos:143,2000-06-21,2000-07-16,143,대구,0d7b8f1e7ca1054498102c876e9bab92c21ecf15d1bf2f43ed4ab764bf4a8910
2000,kma_asos:146,2000-06-21,2000-07-16,146,전주,0d7b8f1e7ca1054498102c876e9bab92c21ecf15d1bf2f43ed4ab764bf4a8910
2000,kma_asos:152,2000-06-21,2000-07-16,152,울산,0d7b8f1e7ca1054498102c876e9bab92c21ecf15d1bf2f43ed4ab764bf4a8910
2000,kma_asos:155,2000-06-21,2000-07-16,155,창원,0d7b8f1e7ca1054498102c876e9bab92c21ecf15d1bf2f43ed4ab764bf4a8910
2000,kma_asos:156,2000-06-21,2000-07-16,156,광주,0d7b8f1e7ca1054498102c876e9bab92c21ecf15d1bf2f43ed4ab764bf4a8910
2000,kma_asos:159,2000-06-21,2000-07-16,159,부산,0d7b8f1e7ca1054498102c876e9bab92c21ecf15d1bf2f43ed4ab764bf4a8910
2000,kma_asos:162,2000-06-21,2000-07-16,162,통영,0d7b8f1e7ca1054498102c876e9bab92c21ecf15d1bf2f43ed4ab764bf4a8910
2000,kma_asos:165,2000-06-21,2000-07-16,165,목포,0d7b8f1e7ca1054498102c876e9bab92c21ecf15d1bf2f43ed4ab764bf4a8910
2000,kma_asos:168,2000-06-21,2000-07-16,168,여수,0d7b8f1e7ca1054498102c876e9bab92c21ecf15d1bf2f43ed4ab764bf4a8910
2000,kma_asos:170,2000-06-21,2000-07-16,170,완도,0d7b8f1e7ca1054498102c876e9bab92c21ecf15d1bf2f43ed4ab764bf4a8910
2000,kma_asos:184,2000-06-16,2000-07-16,184,제주,0d7b8f1e7ca1054498102c876e9bab92c21ecf15d1bf2f43ed4ab764bf4a8910
2000,kma_asos:185,2000-06-16,2000-07-16,185,고산,0d7b8f1e7ca1054498102c876e9bab92c21ecf15d1bf2f43ed4ab764bf4a8910
2000,kma_asos:188,2000-06-16,2000-07-16,188,성산,0d7b8f1e7ca1054498102c876e9bab92c21ecf15d1bf2f43ed4ab764bf4a8910
2000,kma_asos:189,2000-06-16,2000-07-16,189,서귀포,0d7b8f1e7ca1054498102c876e9bab92c21ecf15d1bf2f43ed4ab764bf4a8910
2000,kma_asos:192,2000-06-21,2000-07-16,192,진주,0d7b8f1e7ca1054498102c876e9bab92c21ecf15d1bf2f43ed4ab764bf4a8910
2000,kma_asos:201,2000-06-22,2000-07-19,201,강화,0d7b8f1e7ca1054498102c876e9bab92c21ecf15d1bf2f43ed4ab764bf4a8910
2000,kma_asos:202,2000-06-22,2000-07-19,202,양평,0d7b8f1e7ca1054498102c876e9bab92c21ecf15d1bf2f43ed4ab764bf4a8910
2000,kma_asos:203,2000-06-22,2000-07-19,203,이천,0d7b8f1e7ca1054498102c876e9bab92c21ecf15d1bf2f43ed4ab764bf4a8910
2000,kma_asos:211,2000-06-22,2000-07-19,211,인제,0d7b8f1e7ca1054498102c876e9bab92c21ecf15d1bf2f43ed4ab764bf4a8910
2000,kma_asos:212,2000-06-22,2000-07-19,212,홍천,0d7b8f1e7ca1054498102c876e9bab92c21ecf15d1bf2f43ed4ab764bf4a8910
2000,kma_asos:216,2000-06-22,2000-07-19,216,태백,0d7b8f1e7ca1054498102c876e9bab92c21ecf15d1bf2f43ed4ab764bf4a8910
2000,kma_asos:221,2000-06-22,2000-07-19,221,제천,0d7b8f1e7ca1054498102c876e9bab92c21ecf15d1bf2f43ed4ab764bf4a8910
2000,kma_asos:226,2000-06-22,2000-07-19,226,보은,0d7b8f1e7ca1054498102c876e9bab92c21ecf15d1bf2f43ed4ab764bf4a8910
2000,kma_asos:232,2000-06-22,2000-07-19,232,천안,0d7b8f1e7ca1054498102c876e9bab92c21ecf15d1bf2f43ed4ab764bf4a8910
2000,kma_asos:235,2000-06-22,2000-07-19,235,보령,0d7b8f1e7ca1054498102c876e9bab92c21ecf15d1bf2f43ed4ab764bf4a8910
2000,kma_asos:236,2000-06-22,2000-07-19,236,부여,0d7b8f1e7ca1054498102c876e9bab92c21ecf15d1bf2f43ed4ab764bf4a8910
2000,kma_asos:238,2000-06-22,2000-07-19,238,금산,0d7b8f1e7ca1054498102c876e9bab92c21ecf15d1bf2f43ed4ab764bf4a8910
2000,kma_asos:243,2000-06-21,2000-07-16,243,부안,0d7b8f1e7ca1054498102c876e9bab92c21ecf15d1bf2f43ed4ab764bf4a8910
2000,kma_asos:244,2000-06-21,2000-07-16,244,임실,0d7b8f1e7ca1054498102c876e9bab92c21ecf15d1bf2f43ed4ab764bf4a8910
2000,kma_asos:245,2000-06-21,2000-07-16,245,정읍,0d7b8f1e7ca1054498102c876e9bab92c21ecf15d1bf2f43ed4ab764bf4a8910
2000,kma_asos:247,2000-06-21,2000-07-16,247,남원,0d7b8f1e7ca1054498102c876e9bab92c21ecf15d1bf2f43ed4ab764bf4a8910
2000,kma_asos:248,2000-06-21,2000-07-16,248,장수,0d7b8f1e7ca1054498102c876e9bab92c21ecf15d1bf2f43ed4ab764bf4a8910
2000,kma_asos:260,2000-06-21,2000-07-16,260,장흥,0d7b8f1e7ca1054498102c876e9bab92c21ecf15d1bf2f43ed4ab764bf4a8910
2000,kma_asos:261,2000-06-21,2000-07-16,261,해남,0d7b8f1e7ca1054498102c876e9bab92c21ecf15d1bf2f43ed4ab764bf4a8910
2000,kma_asos:262,2000-06-21,2000-07-16,262,고흥,0d7b8f1e7ca1054498102c876e9bab92c21ecf15d1bf2f43ed4ab764bf4a8910
2000,kma_asos:271,2000-06-21,2000-07-16,271,봉화,0d7b8f1e7ca1054498102c876e9bab92c21ecf15d1bf2f43ed4ab764bf4a8910
2000,kma_asos:272,2000-06-21,2000-07-16,272,영주,0d7b8f1e7ca1054498102c876e9bab92c21ecf15d1bf2f43ed4ab764bf4a8910
2000,kma_asos:273,2000-06-21,2000-07-16,273,문경,0d7b8f1e7ca1054498102c876e9bab92c21ecf15d1bf2f43ed4ab764bf4a8910
2000,kma_asos:277,2000-06-21,2000-07-16,277,영덕,0d7b8f1e7ca1054498102c876e9bab92c21ecf15d1bf2f43ed4ab764bf4a8910
2000,kma_asos:278,2000-06-21,2000-07-16,278,의성,0d7b8f1e7ca1054498102c876e9bab92c21ecf15d1bf2f43ed4ab764bf4a8910
2000,kma_asos:279,2000-06-21,2000-07-16,279,구미,0d7b8f1e7ca1054498102c876e9bab92c21ecf15d1bf2f43ed4ab764bf4a8910
2000,kma_asos:281,2000-06-21,2000-07-16,281,영천,0d7b8f1e7ca1054498102c876e9bab92c21ecf15d1bf2f43ed4ab764bf4a8910
2000,kma_asos:284,2000-06-21,2000-07-16,284,거창,0d7b8f1e7ca1054498102c876e9bab92c21ecf15d1bf2f43ed4ab764bf4a8910
2000,kma_asos:285,2000-06-21,2000-07-16,285,합천,0d7b8f1e7ca1054498102c876e9bab92c21ecf15d1bf2f43ed4ab764bf4a8910
2000,kma_asos:288,2000-06-21,2000-07-16,288,밀양,0d7b8f1e7ca1054498102c876e9bab92c21ecf15d1bf2f43ed4ab764bf4a8910
2000,kma_asos:289,2000-06-21,2000-07-16,289,산청,0d7b8f1e7ca1054498102c876e9bab92c21ecf15d1bf2f43ed4ab764bf4a8910
2000,kma_asos:294,2000-06-21,2000-07-16,294,거제,0d7b8f1e7ca1054498102c876e9bab92c21ecf15d1bf2f43ed4ab764bf4a8910
2000,kma_asos:295,2000-06-21,2000-07-16,295,남해,0d7b8f1e7ca1054498102c876e9bab92c21ecf15d1bf2f43ed4ab764bf4a8910
2001,kma_asos:90,2001-06-24,2001-08-01,90,속초,0d7b8f1e7ca1054498102c876e9bab92c21ecf15d1bf2f43ed4ab764bf4a8910
2001,kma_asos:95,2001-06-24,2001-08-01,95,철원,0d7b8f1e7ca1054498102c876e9bab92c21ecf15d1bf2f43ed4ab764bf4a8910
2001,kma_asos:100,2001-06-24,2001-08-01,100,대관령,0d7b8f1e7ca1054498102c876e9bab92c21ecf15d1bf2f43ed4ab764bf4a8910
2001,kma_asos:101,2001-06-24,2001-08-01,101,춘천,0d7b8f1e7ca1054498102c876e9bab92c21ecf15d1bf2f43ed4ab764bf4a8910
2001,kma_asos:105,2001-06-24,2001-08-01,105,강릉,0d7b8f1e7ca1054498102c876e9bab92c21ecf15d1bf2f43ed4ab764bf4a8910
2001,kma_asos:108,2001-06-24,2001-08-01,108,서울,0d7b8f1e7ca1054498102c876e9bab92c21ecf15d1bf2f43ed4ab764bf4a8910
2001,kma_asos:112,2001-06-24,2001-08-01,112,인천,0d7b8f1e7ca1054498102c876e9bab92c21ecf15d1bf2f43ed4ab764bf4a8910
2001,kma_asos:114,2001-06-24,2001-08-01,114,원주,0d7b8f1e7ca1054498102c876e9bab92c21ecf15d1bf2f43ed4ab764bf4a8910
2001,kma_asos:119,2001-06-24,2001-08-01,119,수원,0d7b8f1e7ca1054498102c876e9bab92c21ecf15d1bf2f43ed4ab764bf4a8910
2001,kma_asos:127,2001-06-24,2001-08-01,127,충주,0d7b8f1e7ca1054498102c876e9bab92c21ecf15d1bf2f43ed4ab764bf4a8910
2001,kma_asos:129,2001-06-24,2001-08-01,129,서산,0d7b8f1e7ca1054498102c876e9bab92c21ecf15d1bf2f43ed4ab764bf4a8910
2001,kma_asos:130,2001-06-22,2001-07-21,130,울진,0d7b8f1e7ca1054498102c876e9bab92c21ecf15d1bf2f43ed4ab764bf4a8910
2001,kma_asos:131,2001-06-24,2001-08-01,131,청주,0d7b8f1e7ca1054498102c876e9bab92c21ecf15d1bf2f43ed4ab764bf4a8910
2001,kma_asos:133,2001-06-24,2001-08-01,133,대전,0d7b8f1e7ca1054498102c876e9bab92c21ecf15d1bf2f43ed4ab764bf4a8910
2001,kma_asos:135,2001-06-24,2001-08-01,135,추풍령,0d7b8f1e7ca1054498102c876e9bab92c21ecf15d1bf2f43ed4ab764bf4a8910
2001,kma_asos:136,2001-06-22,2001-07-21,136,안동,0d7b8f1e7ca1054498102c876e9bab92c21ecf15d1bf2f43ed4ab764bf4a8910
2001,kma_asos:138,2001-06-22,2001-07-21,138,포항,0d7b8f1e7ca1054498102c876e9bab92c21ecf15d1bf2f43ed4ab764bf4a8910
2001,kma_asos:140,2001-06-22,2001-07-21,140,군산,0d7b8f1e7ca1054498102c876e9bab92c21ecf15d1bf2f43ed4ab764bf4a8910
2001,kma_asos:143,2001-06-22,2001-07-21,143,대구,0d7b8f1e7ca1054498102c876e9bab92c21ecf15d1bf2f43ed4ab764bf4a8910
2001,kma_asos:146,2001-06-22,2001-07-21,146,전주,0d7b8f1e7ca1054498102c876e9bab92c21ecf15d1bf2f43ed4ab764bf4a8910
2001,kma_asos:152,2001-06-22,2001-07-21,152,울산,0d7b8f1e7ca1054498102c876e9bab92c21ecf15d1bf2f43ed4ab764bf4a8910
2001,kma_asos:155,2001-06-22,2001-07-21,155,창원,0d7b8f1e7ca1054498102c876e9bab92c21ecf15d1bf2f43ed4ab764bf4a8910
2001,kma_asos:156,2001-06-22,2001-07-21,156,광주,0d7b8f1e7ca1054498102c876e9bab92c21ecf15d1bf2f43ed4ab764bf4a8910
2001,kma_asos:159,2001-06-22,2001-07-21,159,부산,0d7b8f1e7ca1054498102c876e9bab92c21ecf15d1bf2f43ed4ab764bf4a8910
2001,kma_asos:162,2001-06-22,2001-07-21,162,통영,0d7b8f1e7ca1054498102c876e9bab92c21ecf15d1bf2f43ed4ab764bf4a8910
2001,kma_asos:165,2001-06-22,2001-07-21,165,목포,0d7b8f1e7ca1054498102c876e9bab92c21ecf15d1bf2f43ed4ab764bf4a8910
2001,kma_asos:168,2001-06-22,2001-07-21,168,여수,0d7b8f1e7ca1054498102c876e9bab92c21ecf15d1bf2f43ed4ab764bf4a8910
2001,kma_asos:170,2001-06-22,2001-07-21,170,완도,0d7b8f1e7ca1054498102c876e9bab92c21ecf15d1bf2f43ed4ab764bf4a8910
2001,kma_asos:184,2001-06-21,2001-07-20,184,제주,0d7b8f1e7ca1054498102c876e9bab92c21ecf15d1bf2f43ed4ab764bf4a8910
2001,kma_asos:185,2001-06-21,2001-07-20,185,고산,0d7b8f1e7ca1054498102c876e9bab92c21ecf15d1bf2f43ed4ab764bf4a8910
2001,kma_asos:188,2001-06-21,2001-07-20,188,성산,0d7b8f1e7ca1054498102c876e9bab92c21ecf15d1bf2f43ed4ab764bf4a8910
2001,kma_asos:189,2001-06-21,2001-07-20,189,서귀포,0d7b8f1e7ca1054498102c876e9bab92c21ecf15d1bf2f43ed4ab764bf4a8910
2001,kma_asos:192,2001-06-22,2001-07-21,192,진주,0d7b8f1e7ca1054498102c876e9bab92c21ecf15d1bf2f43ed4ab764bf4a8910
2001,kma_asos:201,2001-06-24,2001-08-01,201,강화,0d7b8f1e7ca1054498102c876e9bab92c21ecf15d1bf2f43ed4ab764bf4a8910
2001,kma_asos:202,2001-06-24,2001-08-01,202,양평,0d7b8f1e7ca1054498102c876e9bab92c21ecf15d1bf2f43ed4ab764bf4a8910
2001,kma_asos:203,2001-06-24,2001-08-01,203,이천,0d7b8f1e7ca1054498102c876e9bab92c21ecf15d1bf2f43ed4ab764bf4a8910
2001,kma_asos:211,2001-06-24,2001-08-01,211,인제,0d7b8f1e7ca1054498102c876e9bab92c21ecf15d1bf2f43ed4ab764bf4a8910
2001,kma_asos:212,2001-06-24,2001-08-01,212,홍천,0d7b8f1e7ca1054498102c876e9bab92c21ecf15d1bf2f43ed4ab764bf4a8910
2001,kma_asos:216,2001-06-24,2001-08-01,216,태백,0d7b8f1e7ca1054498102c876e9bab92c21ecf15d1bf2f43ed4ab764bf4a8910
2001,kma_asos:221,2001-06-24,2001-08-01,221,제천,0d7b8f1e7ca1054498102c876e9bab92c21ecf15d1bf2f43ed4ab764bf4a8910
2001,kma_asos:226,2001-06-24,2001-08-01,226,보은,0d7b8f1e7ca1054498102c876e9bab92c21ecf15d1bf2f43ed4ab764bf4a8910
2001,kma_asos:232,2001-06-24,2001-08-01,232,천안,0d7b8f1e7ca1054498102c876e9bab92c21ecf15d1bf2f43ed4ab764bf4a8910
2001,kma_asos:235,2001-06-24,2001-08-01,235,보령,0d7b8f1e7ca1054498102c876e9bab92c21ecf15d1bf2f43ed4ab764bf4a8910
2001,kma_asos:236,2001-06-24,2001-08-01,236,부여,0d7b8f1e7ca1054498102c876e9bab92c21ecf15d1bf2f43ed4ab764bf4a8910
2001,kma_asos:238,2001-06-24,2001-08-01,238,금산,0d7b8f1e7ca1054498102c876e9bab92c21ecf15d1bf2f43ed4ab764bf4a8910
2001,kma_asos:243,2001-06-22,2001-07-21,243,부안,0d7b8f1e7ca1054498102c876e9bab92c21ecf15d1bf2f43ed4ab764bf4a8910
2001,kma_asos:244,2001-06-22,2001-07-21,244,임실,0d7b8f1e7ca1054498102c876e9bab92c21ecf15d1bf2f43ed4ab764bf4a8910
2001,kma_asos:245,2001-06-22,2001-07-21,245,정읍,0d7b8f1e7ca1054498102c876e9bab92c21ecf15d1bf2f43ed4ab764bf4a8910
2001,kma_asos:247,2001-06-22,2001-07-21,247,남원,0d7b8f1e7ca1054498102c876e9bab92c21ecf15d1bf2f43ed4ab764bf4a8910
2001,kma_asos:248,2001-06-22,2001-07-21,248,장수,0d7b8f1e7ca1054498102c876e9bab92c21ecf15d1bf2f43ed4ab764bf4a8910
2001,kma_asos:260,2001-06-22,2001-07-21,260,장흥,0d7b8f1e7ca1054498102c876e9bab92c21ecf15d1bf2f43ed4ab764bf4a8910
2001,kma_asos:261,2001-06-22,2001-07-21,261,해남,0d7b8f1e7ca1054498102c876e9bab92c21ecf15d1bf2f43ed4ab764bf4a8910
2001,kma_asos:262,2001-06-22,2001-07-21,262,고흥,0d7b8f1e7ca1054498102c876e9bab92c21ecf15d1bf2f43ed4ab764bf4a8910
2001,kma_asos:271,2001-06-22,2001-07-21,271,봉화,0d7b8f1e7ca1054498102c876e9bab92c21ecf15d1bf2f43ed4ab764bf4a8910
2001,kma_asos:272,2001-06-22,2001-07-21,272,영주,0d7b8f1e7ca1054498102c876e9bab92c21ecf15d1bf2f43ed4ab764bf4a8910
2001,kma_asos:273,2001-06-22,2001-07-21,273,문경,0d7b8f1e7ca1054498102c876e9bab92c21ecf15d1bf2f43ed4ab764bf4a8910
2001,kma_asos:277,2001-06-22,2001-07-21,277,영덕,0d7b8f1e7ca1054498102c876e9bab92c21ecf15d1bf2f43ed4ab764bf4a8910
2001,kma_asos:278,2001-06-22,2001-07-21,278,의성,0d7b8f1e7ca1054498102c876e9bab92c21ecf15d1bf2f43ed4ab764bf4a8910
2001,kma_asos:279,2001-06-22,2001-07-21,279,구미,0d7b8f1e7ca1054498102c876e9bab92c21ecf15d1bf2f43ed4ab764bf4a8910
2001,kma_asos:281,2001-06-22,2001-07-21,281,영천,0d7b8f1e7ca1054498102c876e9bab92c21ecf15d1bf2f43ed4ab764bf4a8910
2001,kma_asos:284,2001-06-22,2001-07-21,284,거창,0d7b8f1e7ca1054498102c876e9bab92c21ecf15d1bf2f43ed4ab764bf4a8910
2001,kma_asos:285,2001-06-22,2001-07-21,285,합천,0d7b8f1e7ca1054498102c876e9bab92c21ecf15d1bf2f43ed4ab764bf4a8910
2001,kma_asos:288,2001-06-22,2001-07-21,288,밀양,0d7b8f1e7ca1054498102c876e9bab92c21ecf15d1bf2f43ed4ab764bf4a8910
2001,kma_asos:289,2001-06-22,2001-07-21,289,산청,0d7b8f1e7ca1054498102c876e9bab92c21ecf15d1bf2f43ed4ab764bf4a8910
2001,kma_asos:294,2001-06-22,2001-07-21,294,거제,0d7b8f1e7ca1054498102c876e9bab92c21ecf15d1bf2f43ed4ab764bf4a8910
2001,kma_asos:295,2001-06-22,2001-07-21,295,남해,0d7b8f1e7ca1054498102c876e9bab92c21ecf15d1bf2f43ed4ab764bf4a8910
2002,kma_asos:90,2002-06-23,2002-07-24,90,속초,0d7b8f1e7ca1054498102c876e9bab92c21ecf15d1bf2f43ed4ab764bf4a8910
2002,kma_asos:95,2002-06-23,2002-07-24,95,철원,0d7b8f1e7ca1054498102c876e9bab92c21ecf15d1bf2f43ed4ab764bf4a8910
2002,kma_asos:100,2002-06-23,2002-07-24,100,대관령,0d7b8f1e7ca1054498102c876e9bab92c21ecf15d1bf2f43ed4ab764bf4a8910
2002,kma_asos:101,2002-06-23,2002-07-24,101,춘천,0d7b8f1e7ca1054498102c876e9bab92c21ecf15d1bf2f43ed4ab764bf4a8910
2002,kma_asos:105,2002-06-23,2002-07-24,105,강릉,0d7b8f1e7ca1054498102c876e9bab92c21ecf15d1bf2f43ed4ab764bf4a8910
2002,kma_asos:108,2002-06-23,2002-07-24,108,서울,0d7b8f1e7ca1054498102c876e9bab92c21ecf15d1bf2f43ed4ab764bf4a8910
2002,kma_asos:112,2002-06-23,2002-07-24,112,인천,0d7b8f1e7ca1054498102c876e9bab92c21ecf15d1bf2f43ed4ab764bf4a8910
2002,kma_asos:114,2002-06-23,2002-07-24,114,원주,0d7b8f1e7ca1054498102c876e9bab92c21ecf15d1bf2f43ed4ab764bf4a8910
2002,kma_asos:119,2002-06-23,2002-07-24,119,수원,0d7b8f1e7ca1054498102c876e9bab92c21ecf15d1bf2f43ed4ab764bf4a8910
2002,kma_asos:127,2002-06-23,2002-07-24,127,충주,0d7b8f1e7ca1054498102c876e9bab92c21ecf15d1bf2f43ed4ab764bf4a8910
2002,kma_asos:129,2002-06-23,2002-07-24,129,서산,0d7b8f1e7ca1054498102c876e9bab92c21ecf15d1bf2f43ed4ab764bf4a8910
2002,kma_asos:130,2002-06-23,2002-07-23,130,울진,0d7b8f1e7ca1054498102c876e9bab92c21ecf15d1bf2f43ed4ab764bf4a8910
2002,kma_asos:131,2002-06-23,2002-07-24,131,청주,0d7b8f1e7ca1054498102c876e9bab92c21ecf15d1bf2f43ed4ab764bf4a8910
2002,kma_asos:133,2002-06-23,2002-07-24,133,대전,0d7b8f1e7ca1054498102c876e9bab92c21ecf15d1bf2f43ed4ab764bf4a8910
2002,kma_asos:135,2002-06-23,2002-07-24,135,추풍령,0d7b8f1e7ca1054498102c876e9bab92c21ecf15d1bf2f43ed4ab764bf4a8910
2002,kma_asos:136,2002-06-23,2002-07-23,136,안동,0d7b8f1e7ca1054498102c876e9bab92c21ecf15d1bf2f43ed4ab764bf4a8910
2002,kma_asos:138,2002-06-23,2002-07-23,138,포항,0d7b8f1e7ca1054498102c876e9bab92c21ecf15d1bf2f43ed4ab764bf4a8910
2002,kma_asos:140,2002-06-23,2002-07-23,140,군산,0d7b8f1e7ca1054498102c876e9bab92c21ecf15d1bf2f43ed4ab764bf4a8910
2002,kma_asos:143,2002-06-23,2002-07-23,143,대구,0d7b8f1e7ca1054498102c876e9bab92c21ecf15d1bf2f43ed4ab764bf4a8910
2002,kma_asos:146,2002-06-23,2002-07-23,146,전주,0d7b8f1e7ca1054498102c876e9bab92c21ecf15d1bf2f43ed4ab764bf4a8910
2002,kma_asos:152,2002-06-23,2002-07-23,152,울산,0d7b8f1e7ca1054498102c876e9bab92c21ecf15d1bf2f43ed4ab764bf4a8910
2002,kma_asos:155,2002-06-23,2002-07-23,155,창원,0d7b8f1e7ca1054498102c876e9bab92c21ecf15d1bf2f43ed4ab764bf4a8910
2002,kma_asos:156,2002-06-23,2002-07-23,156,광주,0d7b8f1e7ca1054498102c876e9bab92c21ecf15d1bf2f43ed4ab764bf4a8910
2002,kma_asos:159,2002-06-23,2002-07-23,159,부산,0d7b8f1e7ca1054498102c876e9bab92c21ecf15d1bf2f43ed4ab764bf4a8910
2002,kma_asos:162,2002-06-23,2002-07-23,162,통영,0d7b8f1e7ca1054498102c876e9bab92c21ecf15d1bf2f43ed4ab764bf4a8910
2002,kma_asos:165,2002-06-23,2002-07-23,165,목포,0d7b8f1e7ca1054498102c876e9bab92c21ecf15d1bf2f43ed4ab764bf4a8910
2002,kma_asos:168,2002-06-23,2002-07-23,168,여수,0d7b8f1e7ca1054498102c876e9bab92c21ecf15d1bf2f43ed4ab764bf4a8910
2002,kma_asos:170,2002-06-23,2002-07-23,170,완도,0d7b8f1e7ca1054498102c876e9bab92c21ecf15d1bf2f43ed4ab764bf4a8910
2002,kma_asos:184,2002-06-19,2002-07-22,184,제주,0d7b8f1e7ca1054498102c876e9bab92c21ecf15d1bf2f43ed4ab764bf4a8910
2002,kma_asos:185,2002-06-19,2002-07-22,185,고산,0d7b8f1e7ca1054498102c876e9bab92c21ecf15d1bf2f43ed4ab764bf4a8910
2002,kma_asos:188,2002-06-19,2002-07-22,188,성산,0d7b8f1e7ca1054498102c876e9bab92c21ecf15d1bf2f43ed4ab764bf4a8910
2002,kma_asos:189,2002-06-19,2002-07-22,189,서귀포,0d7b8f1e7ca1054498102c876e9bab92c21ecf15d1bf2f43ed4ab764bf4a8910
2002,kma_asos:192,2002-06-23,2002-07-23,192,진주,0d7b8f1e7ca1054498102c876e9bab92c21ecf15d1bf2f43ed4ab764bf4a8910
2002,kma_asos:201,2002-06-23,2002-07-24,201,강화,0d7b8f1e7ca1054498102c876e9bab92c21ecf15d1bf2f43ed4ab764bf4a8910
2002,kma_asos:202,2002-06-23,2002-07-24,202,양평,0d7b8f1e7ca1054498102c876e9bab92c21ecf15d1bf2f43ed4ab764bf4a8910
2002,kma_asos:203,2002-06-23,2002-07-24,203,이천,0d7b8f1e7ca1054498102c876e9bab92c21ecf15d1bf2f43ed4ab764bf4a8910
2002,kma_asos:211,2002-06-23,2002-07-24,211,인제,0d7b8f1e7ca1054498102c876e9bab92c21ecf15d1bf2f43ed4ab764bf4a8910
2002,kma_asos:212,2002-06-23,2002-07-24,212,홍천,0d7b8f1e7ca1054498102c876e9bab92c21ecf15d1bf2f43ed4ab764bf4a8910
2002,kma_asos:216,2002-06-23,2002-07-24,216,태백,0d7b8f1e7ca1054498102c876e9bab92c21ecf15d1bf2f43ed4ab764bf4a8910
2002,kma_asos:221,2002-06-23,2002-07-24,221,제천,0d7b8f1e7ca1054498102c876e9bab92c21ecf15d1bf2f43ed4ab764bf4a8910
2002,kma_asos:226,2002-06-23,2002-07-24,226,보은,0d7b8f1e7ca1054498102c876e9bab92c21ecf15d1bf2f43ed4ab764bf4a8910
2002,kma_asos:232,2002-06-23,2002-07-24,232,천안,0d7b8f1e7ca1054498102c876e9bab92c21ecf15d1bf2f43ed4ab764bf4a8910
2002,kma_asos:235,2002-06-23,2002-07-24,235,보령,0d7b8f1e7ca1054498102c876e9bab92c21ecf15d1bf2f43ed4ab764bf4a8910
2002,kma_asos:236,2002-06-23,2002-07-24,236,부여,0d7b8f1e7ca1054498102c876e9bab92c21ecf15d1bf2f43ed4ab764bf4a8910
2002,kma_asos:238,2002-06-23,2002-07-24,238,금산,0d7b8f1e7ca1054498102c876e9bab92c21ecf15d1bf2f43ed4ab764bf4a8910
2002,kma_asos:243,2002-06-23,2002-07-23,243,부안,0d7b8f1e7ca1054498102c876e9bab92c21ecf15d1bf2f43ed4ab764bf4a8910
2002,kma_asos:244,2002-06-23,2002-07-23,244,임실,0d7b8f1e7ca1054498102c876e9bab92c21ecf15d1bf2f43ed4ab764bf4a8910
2002,kma_asos:245,2002-06-23,2002-07-23,245,정읍,0d7b8f1e7ca1054498102c876e9bab92c21ecf15d1bf2f43ed4ab764bf4a8910
2002,kma_asos:247,2002-06-23,2002-07-23,247,남원,0d7b8f1e7ca1054498102c876e9bab92c21ecf15d1bf2f43ed4ab764bf4a8910
2002,kma_asos:248,2002-06-23,2002-07-23,248,장수,0d7b8f1e7ca1054498102c876e9bab92c21ecf15d1bf2f43ed4ab764bf4a8910
2002,kma_asos:260,2002-06-23,2002-07-23,260,장흥,0d7b8f1e7ca1054498102c876e9bab92c21ecf15d1bf2f43ed4ab764bf4a8910
2002,kma_asos:261,2002-06-23,2002-07-23,261,해남,0d7b8f1e7ca1054498102c876e9bab92c21ecf15d1bf2f43ed4ab764bf4a8910
2002,kma_asos:262,2002-06-23,2002-07-23,262,고흥,0d7b8f1e7ca1054498102c876e9bab92c21ecf15d1bf2f43ed4ab764bf4a8910
2002,kma_asos:271,2002-06-23,2002-07-23,271,봉화,0d7b8f1e7ca1054498102c876e9bab92c21ecf15d1bf2f43ed4ab764bf4a8910
2002,kma_asos:272,2002-06-23,2002-07-23,272,영주,0d7b8f1e7ca1054498102c876e9bab92c21ecf15d1bf2f43ed4ab764bf4a8910
2002,kma_asos:273,2002-06-23,2002-07-23,273,문경,0d7b8f1e7ca1054498102c876e9bab92c21ecf15d1bf2f43ed4ab764bf4a8910
2002,kma_asos:277,2002-06-23,2002-07-23,277,영덕,0d7b8f1e7ca1054498102c876e9bab92c21ecf15d1bf2f43ed4ab764bf4a8910
2002,kma_asos:278,2002-06-23,2002-07-23,278,의성,0d7b8f1e7ca1054498102c876e9bab92c21ecf15d1bf2f43ed4ab764bf4a8910
2002,kma_asos:279,2002-06-23,2002-07-23,279,구미,0d7b8f1e7ca1054498102c876e9bab92c21ecf15d1bf2f43ed4ab764bf4a8910
2002,kma_asos:281,2002-06-23,2002-07-23,281,영천,0d7b8f1e7ca1054498102c876e9bab92c21ecf15d1bf2f43ed4ab764bf4a8910
2002,kma_asos:284,2002-06-23,2002-07-23,284,거창,0d7b8f1e7ca1054498102c876e9bab92c21ecf15d1bf2f43ed4ab764bf4a8910
2002,kma_asos:285,2002-06-23,2002-07-23,285,합천,0d7b8f1e7ca1054498102c876e9bab92c21ecf15d1bf2f43ed4ab764bf4a8910
2002,kma_asos:288,2002-06-23,2002-07-23,288,밀양,0d7b8f1e7ca1054498102c876e9bab92c21ecf15d1bf2f43ed4ab764bf4a8910
2002,kma_asos:289,2002-06-23,2002-07-23,289,산청,0d7b8f1e7ca1054498102c876e9bab92c21ecf15d1bf2f43ed4ab764bf4a8910
2002,kma_asos:294,2002-06-23,2002-07-23,294,거제,0d7b8f1e7ca1054498102c876e9bab92c21ecf15d1bf2f43ed4ab764bf4a8910
2002,kma_asos:295,2002-06-23,2002-07-23,295,남해,0d7b8f1e7ca1054498102c876e9bab92c21ecf15d1bf2f43ed4ab764bf4a8910
2003,kma_asos:90,2003-06-23,2003-07-25,90,속초,0d7b8f1e7ca1054498102c876e9bab92c21ecf15d1bf2f43ed4ab764bf4a8910
2003,kma_asos:95,2003-06-23,2003-07-25,95,철원,0d7b8f1e7ca1054498102c876e9bab92c21ecf15d1bf2f43ed4ab764bf4a8910
2003,kma_asos:100,2003-06-23,2003-07-25,100,대관령,0d7b8f1e7ca1054498102c876e9bab92c21ecf15d1bf2f43ed4ab764bf4a8910
2003,kma_asos:101,2003-06-23,2003-07-25,101,춘천,0d7b8f1e7ca1054498102c876e9bab92c21ecf15d1bf2f43ed4ab764bf4a8910
2003,kma_asos:105,2003-06-23,2003-07-25,105,강릉,0d7b8f1e7ca1054498102c876e9bab92c21ecf15d1bf2f43ed4ab764bf4a8910
2003,kma_asos:108,2003-06-23,2003-07-25,108,서울,0d7b8f1e7ca1054498102c876e9bab92c21ecf15d1bf2f43ed4ab764bf4a8910
2003,kma_asos:112,2003-06-23,2003-07-25,112,인천,0d7b8f1e7ca1054498102c876e9bab92c21ecf15d1bf2f43ed4ab764bf4a8910
2003,kma_asos:114,2003-06-23,2003-07-25,114,원주,0d7b8f1e7ca1054498102c876e9bab92c21ecf15d1bf2f43ed4ab764bf4a8910
2003,kma_asos:119,2003-06-23,2003-07-25,119,수원,0d7b8f1e7ca1054498102c876e9bab92c21ecf15d1bf2f43ed4ab764bf4a8910
2003,kma_asos:127,2003-06-23,2003-07-25,127,충주,0d7b8f1e7ca1054498102c876e9bab92c21ecf15d1bf2f43ed4ab764bf4a8910
2003,kma_asos:129,2003-06-23,2003-07-25,129,서산,0d7b8f1e7ca1054498102c876e9bab92c21ecf15d1bf2f43ed4ab764bf4a8910
2003,kma_asos:130,2003-06-23,2003-07-25,130,울진,0d7b8f1e7ca1054498102c876e9bab92c21ecf15d1bf2f43ed4ab764bf4a8910
2003,kma_asos:131,2003-06-23,2003-07-25,131,청주,0d7b8f1e7ca1054498102c876e9bab92c21ecf15d1bf2f43ed4ab764bf4a8910
2003,kma_asos:133,2003-06-23,2003-07-25,133,대전,0d7b8f1e7ca1054498102c876e9bab92c21ecf15d1bf2f43ed4ab764bf4a8910
2003,kma_asos:135,2003-06-23,2003-07-25,135,추풍령,0d7b8f1e7ca1054498102c876e9bab92c21ecf15d1bf2f43ed4ab764bf4a8910
2003,kma_asos:136,2003-06-23,2003-07-25,136,안동,0d7b8f1e7ca1054498102c876e9bab92c21ecf15d1bf2f43ed4ab764bf4a8910
2003,kma_asos:138,2003-06-23,2003-07-25,138,포항,0d7b8f1e7ca1054498102c876e9bab92c21ecf15d1bf2f43ed4ab764bf4a8910
2003,kma_asos:140,2003-06-23,2003-07-25,140,군산,0d7b8f1e7ca1054498102c876e9bab92c21ecf15d1bf2f43ed4ab764bf4a8910
2003,kma_asos:143,2003-06-23,2003-07-25,143,대구,0d7b8f1e7ca1054498102c876e9bab92c21ecf15d1bf2f43ed4ab764bf4a8910
2003,kma_asos:146,2003-06-23,2003-07-25,146,전주,0d7b8f1e7ca1054498102c876e9bab92c21ecf15d1bf2f43ed4ab764bf4a8910
2003,kma_asos:152,2003-06-23,2003-07-25,152,울산,0d7b8f1e7ca1054498102c876e9bab92c21ecf15d1bf2f43ed4ab764bf4a8910
2003,kma_asos:155,2003-06-23,2003-07-25,155,창원,0d7b8f1e7ca1054498102c876e9bab92c21ecf15d1bf2f43ed4ab764bf4a8910
2003,kma_asos:156,2003-06-23,2003-07-25,156,광주,0d7b8f1e7ca1054498102c876e9bab92c21ecf15d1bf2f43ed4ab764bf4a8910
2003,kma_asos:159,2003-06-23,2003-07-25,159,부산,0d7b8f1e7ca1054498102c876e9bab92c21ecf15d1bf2f43ed4ab764bf4a8910
2003,kma_asos:162,2003-06-23,2003-07-25,162,통영,0d7b8f1e7ca1054498102c876e9bab92c21ecf15d1bf2f43ed4ab764bf4a8910
2003,kma_asos:165,2003-06-23,2003-07-25,165,목포,0d7b8f1e7ca1054498102c876e9bab92c21ecf15d1bf2f43ed4ab764bf4a8910
2003,kma_asos:168,2003-06-23,2003-07-25,168,여수,0d7b8f1e7ca1054498102c876e9bab92c21ecf15d1bf2f43ed4ab764bf4a8910
2003,kma_asos:170,2003-06-23,2003-07-25,170,완도,0d7b8f1e7ca1054498102c876e9bab92c21ecf15d1bf2f43ed4ab764bf4a8910
2003,kma_asos:184,2003-06-22,2003-07-23,184,제주,0d7b8f1e7ca1054498102c876e9bab92c21ecf15d1bf2f43ed4ab764bf4a8910
2003,kma_asos:185,2003-06-22,2003-07-23,185,고산,0d7b8f1e7ca1054498102c876e9bab92c21ecf15d1bf2f43ed4ab764bf4a8910
2003,kma_asos:188,2003-06-22,2003-07-23,188,성산,0d7b8f1e7ca1054498102c876e9bab92c21ecf15d1bf2f43ed4ab764bf4a8910
2003,kma_asos:189,2003-06-22,2003-07-23,189,서귀포,0d7b8f1e7ca1054498102c876e9bab92c21ecf15d1bf2f43ed4ab764bf4a8910
2003,kma_asos:192,2003-06-23,2003-07-25,192,진주,0d7b8f1e7ca1054498102c876e9bab92c21ecf15d1bf2f43ed4ab764bf4a8910
2003,kma_asos:201,2003-06-23,2003-07-25,201,강화,0d7b8f1e7ca1054498102c876e9bab92c21ecf15d1bf2f43ed4ab764bf4a8910
2003,kma_asos:202,2003-06-23,2003-07-25,202,양평,0d7b8f1e7ca1054498102c876e9bab92c21ecf15d1bf2f43ed4ab764bf4a8910
2003,kma_asos:203,2003-06-23,2003-07-25,203,이천,0d7b8f1e7ca1054498102c876e9bab92c21ecf15d1bf2f43ed4ab764bf4a8910
2003,kma_asos:211,2003-06-23,2003-07-25,211,인제,0d7b8f1e7ca1054498102c876e9bab92c21ecf15d1bf2f43ed4ab764bf4a8910
2003,kma_asos:212,2003-06-23,2003-07-25,212,홍천,0d7b8f1e7ca1054498102c876e9bab92c21ecf15d1bf2f43ed4ab764bf4a8910
2003,kma_asos:216,2003-06-23,2003-07-25,216,태백,0d7b8f1e7ca1054498102c876e9bab92c21ecf15d1bf2f43ed4ab764bf4a8910
2003,kma_asos:221,2003-06-23,2003-07-25,221,제천,0d7b8f1e7ca1054498102c876e9bab92c21ecf15d1bf2f43ed4ab764bf4a8910
2003,kma_asos:226,2003-06-23,2003-07-25,226,보은,0d7b8f1e7ca1054498102c876e9bab92c21ecf15d1bf2f43ed4ab764bf4a8910
2003,kma_asos:232,2003-06-23,2003-07-25,232,천안,0d7b8f1e7ca1054498102c876e9bab92c21ecf15d1bf2f43ed4ab764bf4a8910
2003,kma_asos:235,2003-06-23,2003-07-25,235,보령,0d7b8f1e7ca1054498102c876e9bab92c21ecf15d1bf2f43ed4ab764bf4a8910
2003,kma_asos:236,2003-06-23,2003-07-25,236,부여,0d7b8f1e7ca1054498102c876e9bab92c21ecf15d1bf2f43ed4ab764bf4a8910
2003,kma_asos:238,2003-06-23,2003-07-25,238,금산,0d7b8f1e7ca1054498102c876e9bab92c21ecf15d1bf2f43ed4ab764bf4a8910
2003,kma_asos:243,2003-06-23,2003-07-25,243,부안,0d7b8f1e7ca1054498102c876e9bab92c21ecf15d1bf2f43ed4ab764bf4a8910
2003,kma_asos:244,2003-06-23,2003-07-25,244,임실,0d7b8f1e7ca1054498102c876e9bab92c21ecf15d1bf2f43ed4ab764bf4a8910
2003,kma_asos:245,2003-06-23,2003-07-25,245,정읍,0d7b8f1e7ca1054498102c876e9bab92c21ecf15d1bf2f43ed4ab764bf4a8910
2003,kma_asos:247,2003-06-23,2003-07-25,247,남원,0d7b8f1e7ca1054498102c876e9bab92c21ecf15d1bf2f43ed4ab764bf4a8910
2003,kma_asos:248,2003-06-23,2003-07-25,248,장수,0d7b8f1e7ca1054498102c876e9bab92c21ecf15d1bf2f43ed4ab764bf4a8910
2003,kma_asos:260,2003-06-23,2003-07-25,260,장흥,0d7b8f1e7ca1054498102c876e9bab92c21ecf15d1bf2f43ed4ab764bf4a8910
2003,kma_asos:261,2003-06-23,2003-07-25,261,해남,0d7b8f1e7ca1054498102c876e9bab92c21ecf15d1bf2f43ed4ab764bf4a8910
2003,kma_asos:262,2003-06-23,2003-07-25,262,고흥,0d7b8f1e7ca1054498102c876e9bab92c21ecf15d1bf2f43ed4ab764bf4a8910
2003,kma_asos:271,2003-06-23,2003-07-25,271,봉화,0d7b8f1e7ca1054498102c876e9bab92c21ecf15d1bf2f43ed4ab764bf4a8910
2003,kma_asos:272,2003-06-23,2003-07-25,272,영주,0d7b8f1e7ca1054498102c876e9bab92c21ecf15d1bf2f43ed4ab764bf4a8910
2003,kma_asos:273,2003-06-23,2003-07-25,273,문경,0d7b8f1e7ca1054498102c876e9bab92c21ecf15d1bf2f43ed4ab764bf4a8910
2003,kma_asos:277,2003-06-23,2003-07-25,277,영덕,0d7b8f1e7ca1054498102c876e9bab92c21ecf15d1bf2f43ed4ab764bf4a8910
2003,kma_asos:278,2003-06-23,2003-07-25,278,의성,0d7b8f1e7ca1054498102c876e9bab92c21ecf15d1bf2f43ed4ab764bf4a8910
2003,kma_asos:279,2003-06-23,2003-07-25,279,구미,0d7b8f1e7ca1054498102c876e9bab92c21ecf15d1bf2f43ed4ab764bf4a8910
2003,kma_asos:281,2003-06-23,2003-07-25,281,영천,0d7b8f1e7ca1054498102c876e9bab92c21ecf15d1bf2f43ed4ab764bf4a8910
2003,kma_asos:284,2003-06-23,2003-07-25,284,거창,0d7b8f1e7ca1054498102c876e9bab92c21ecf15d1bf2f43ed4ab764bf4a8910
2003,kma_asos:285,2003-06-23,2003-07-25,285,합천,0d7b8f1e7ca1054498102c876e9bab92c21ecf15d1bf2f43ed4ab764bf4a8910
2003,kma_asos:288,2003-06-23,2003-07-25,288,밀양,0d7b8f1e7ca1054498102c876e9bab92c21ecf15d1bf2f43ed4ab764bf4a8910
2003,kma_asos:289,2003-06-23,2003-07-25,289,산청,0d7b8f1e7ca1054498102c876e9bab92c21ecf15d1bf2f43ed4ab764bf4a8910
2003,kma_asos:294,2003-06-23,2003-07-25,294,거제,0d7b8f1e7ca1054498102c876e9bab92c21ecf15d1bf2f43ed4ab764bf4a8910
2003,kma_asos:295,2003-06-23,2003-07-25,295,남해,0d7b8f1e7ca1054498102c876e9bab92c21ecf15d1bf2f43ed4ab764bf4a8910
2004,kma_asos:90,2004-06-25,2004-07-18,90,속초,0d7b8f1e7ca1054498102c876e9bab92c21ecf15d1bf2f43ed4ab764bf4a8910
2004,kma_asos:95,2004-06-25,2004-07-18,95,철원,0d7b8f1e7ca1054498102c876e9bab92c21ecf15d1bf2f43ed4ab764bf4a8910
2004,kma_asos:100,2004-06-25,2004-07-18,100,대관령,0d7b8f1e7ca1054498102c876e9bab92c21ecf15d1bf2f43ed4ab764bf4a8910
2004,kma_asos:101,2004-06-25,2004-07-18,101,춘천,0d7b8f1e7ca1054498102c876e9bab92c21ecf15d1bf2f43ed4ab764bf4a8910
2004,kma_asos:105,2004-06-25,2004-07-18,105,강릉,0d7b8f1e7ca1054498102c876e9bab92c21ecf15d1bf2f43ed4ab764bf4a8910
2004,kma_asos:108,2004-06-25,2004-07-18,108,서울,0d7b8f1e7ca1054498102c876e9bab92c21ecf15d1bf2f43ed4ab764bf4a8910
2004,kma_asos:112,2004-06-25,2004-07-18,112,인천,0d7b8f1e7ca1054498102c876e9bab92c21ecf15d1bf2f43ed4ab764bf4a8910
2004,kma_asos:114,2004-06-25,2004-07-18,114,원주,0d7b8f1e7ca1054498102c876e9bab92c21ecf15d1bf2f43ed4ab764bf4a8910
2004,kma_asos:119,2004-06-25,2004-07-18,119,수원,0d7b8f1e7ca1054498102c876e9bab92c21ecf15d1bf2f43ed4ab764bf4a8910
2004,kma_asos:127,2004-06-25,2004-07-18,127,충주,0d7b8f1e7ca1054498102c876e9bab92c21ecf15d1bf2f43ed4ab764bf4a8910
2004,kma_asos:129,2004-06-25,2004-07-18,129,서산,0d7b8f1e7ca1054498102c876e9bab92c21ecf15d1bf2f43ed4ab764bf4a8910
2004,kma_asos:130,2004-06-24,2004-07-17,130,울진,0d7b8f1e7ca1054498102c876e9bab92c21ecf15d1bf2f43ed4ab764bf4a8910
2004,kma_asos:131,2004-06-25,2004-07-18,131,청주,0d7b8f1e7ca1054498102c876e9bab92c21ecf15d1bf2f43ed4ab764bf4a8910
2004,kma_asos:133,2004-06-25,2004-07-18,133,대전,0d7b8f1e7ca1054498102c876e9bab92c21ecf15d1bf2f43ed4ab764bf4a8910
2004,kma_asos:135,2004-06-25,2004-07-18,135,추풍령,0d7b8f1e7ca1054498102c876e9bab92c21ecf15d1bf2f43ed4ab764bf4a8910
2004,kma_asos:136,2004-06-24,2004-07-17,136,안동,0d7b8f1e7ca1054498102c876e9bab92c21ecf15d1bf2f43ed4ab764bf4a8910
2004,kma_asos:138,2004-06-24,2004-07-17,138,포항,0d7b8f1e7ca1054498102c876e9bab92c21ecf15d1bf2f43ed4ab764bf4a8910
2004,kma_asos:140,2004-06-24,2004-07-17,140,군산,0d7b8f1e7ca1054498102c876e9bab92c21ecf15d1bf2f43ed4ab764bf4a8910
2004,kma_asos:143,2004-06-24,2004-07-17,143,대구,0d7b8f1e7ca1054498102c876e9bab92c21ecf15d1bf2f43ed4ab764bf4a8910
2004,kma_asos:146,2004-06-24,2004-07-17,146,전주,0d7b8f1e7ca1054498102c876e9bab92c21ecf15d1bf2f43ed4ab764bf4a8910
2004,kma_asos:152,2004-06-24,2004-07-17,152,울산,0d7b8f1e7ca1054498102c876e9bab92c21ecf15d1bf2f43ed4ab764bf4a8910
2004,kma_asos:155,2004-06-24,2004-07-17,155,창원,0d7b8f1e7ca1054498102c876e9bab92c21ecf15d1bf2f43ed4ab764bf4a8910
2004,kma_asos:156,2004-06-24,2004-07-17,156,광주,0d7b8f1e7ca1054498102c876e9bab92c21ecf15d1bf2f43ed4ab764bf4a8910
2004,kma_asos:159,2004-06-24,2004-07-17,159,부산,0d7b8f1e7ca1054498102c876e9bab92c21ecf15d1bf2f43ed4ab764bf4a8910
2004,kma_asos:162,2004-06-24,2004-07-17,162,통영,0d7b8f1e7ca1054498102c876e9bab92c21ecf15d1bf2f43ed4ab764bf4a8910
2004,kma_asos:165,2004-06-24,2004-07-17,165,목포,0d7b8f1e7ca1054498102c876e9bab92c21ecf15d1bf2f43ed4ab764bf4a8910
2004,kma_asos:168,2004-06-24,2004-07-17,168,여수,0d7b8f1e7ca1054498102c876e9bab92c21ecf15d1bf2f43ed4ab764bf4a8910
2004,kma_asos:170,2004-06-24,2004-07-17,170,완도,0d7b8f1e7ca1054498102c876e9bab92c21ecf15d1bf2f43ed4ab764bf4a8910
2004,kma_asos:184,2004-06-24,2004-07-11,184,제주,0d7b8f1e7ca1054498102c876e9bab92c21ecf15d1bf2f43ed4ab764bf4a8910
2004,kma_asos:185,2004-06-24,2004-07-11,185,고산,0d7b8f1e7ca1054498102c876e9bab92c21ecf15d1bf2f43ed4ab764bf4a8910
2004,kma_asos:188,2004-06-24,2004-07-11,188,성산,0d7b8f1e7ca1054498102c876e9bab92c21ecf15d1bf2f43ed4ab764bf4a8910
2004,kma_asos:189,2004-06-24,2004-07-11,189,서귀포,0d7b8f1e7ca1054498102c876e9bab92c21ecf15d1bf2f43ed4ab764bf4a8910
2004,kma_asos:192,2004-06-24,2004-07-17,192,진주,0d7b8f1e7ca1054498102c876e9bab92c21ecf15d1bf2f43ed4ab764bf4a8910
2004,kma_asos:201,2004-06-25,2004-07-18,201,강화,0d7b8f1e7ca1054498102c876e9bab92c21ecf15d1bf2f43ed4ab764bf4a8910
2004,kma_asos:202,2004-06-25,2004-07-18,202,양평,0d7b8f1e7ca1054498102c876e9bab92c21ecf15d1bf2f43ed4ab764bf4a8910
2004,kma_asos:203,2004-06-25,2004-07-18,203,이천,0d7b8f1e7ca1054498102c876e9bab92c21ecf15d1bf2f43ed4ab764bf4a8910
2004,kma_asos:211,2004-06-25,2004-07-18,211,인제,0d7b8f1e7ca1054498102c876e9bab92c21ecf15d1bf2f43ed4ab764bf4a8910
2004,kma_asos:212,2004-06-25,2004-07-18,212,홍천,0d7b8f1e7ca1054498102c876e9bab92c21ecf15d1bf2f43ed4ab764bf4a8910
2004,kma_asos:216,2004-06-25,2004-07-18,216,태백,0d7b8f1e7ca1054498102c876e9bab92c21ecf15d1bf2f43ed4ab764bf4a8910
2004,kma_asos:221,2004-06-25,2004-07-18,221,제천,0d7b8f1e7ca1054498102c876e9bab92c21ecf15d1bf2f43ed4ab764bf4a8910
2004,kma_asos:226,2004-06-25,2004-07-18,226,보은,0d7b8f1e7ca1054498102c876e9bab92c21ecf15d1bf2f43ed4ab764bf4a8910
2004,kma_asos:232,2004-06-25,2004-07-18,232,천안,0d7b8f1e7ca1054498102c876e9bab92c21ecf15d1bf2f43ed4ab764bf4a8910
2004,kma_asos:235,2004-06-25,2004-07-18,235,보령,0d7b8f1e7ca1054498102c876e9bab92c21ecf15d1bf2f43ed4ab764bf4a8910
2004,kma_asos:236,2004-06-25,2004-07-18,236,부여,0d7b8f1e7ca1054498102c876e9bab92c21ecf15d1bf2f43ed4ab764bf4a8910
2004,kma_asos:238,2004-06-25,2004-07-18,238,금산,0d7b8f1e7ca1054498102c876e9bab92c21ecf15d1bf2f43ed4ab764bf4a8910
2004,kma_asos:243,2004-06-24,2004-07-17,243,부안,0d7b8f1e7ca1054498102c876e9bab92c21ecf15d1bf2f43ed4ab764bf4a8910
2004,kma_asos:244,2004-06-24,2004-07-17,244,임실,0d7b8f1e7ca1054498102c876e9bab92c21ecf15d1bf2f43ed4ab764bf4a8910
2004,kma_asos:245,2004-06-24,2004-07-17,245,정읍,0d7b8f1e7ca1054498102c876e9bab92c21ecf15d1bf2f43ed4ab764bf4a8910
2004,kma_asos:247,2004-06-24,2004-07-17,247,남원,0d7b8f1e7ca1054498102c876e9bab92c21ecf15d1bf2f43ed4ab764bf4a8910
2004,kma_asos:248,2004-06-24,2004-07-17,248,장수,0d7b8f1e7ca1054498102c876e9bab92c21ecf15d1bf2f43ed4ab764bf4a8910
2004,kma_asos:260,2004-06-24,2004-07-17,260,장흥,0d7b8f1e7ca1054498102c876e9bab92c21ecf15d1bf2f43ed4ab764bf4a8910
2004,kma_asos:261,2004-06-24,2004-07-17,261,해남,0d7b8f1e7ca1054498102c876e9bab92c21ecf15d1bf2f43ed4ab764bf4a8910
2004,kma_asos:262,2004-06-24,2004-07-17,262,고흥,0d7b8f1e7ca1054498102c876e9bab92c21ecf15d1bf2f43ed4ab764bf4a8910
2004,kma_asos:271,2004-06-24,2004-07-17,271,봉화,0d7b8f1e7ca1054498102c876e9bab92c21ecf15d1bf2f43ed4ab764bf4a8910
2004,kma_asos:272,2004-06-24,2004-07-17,272,영주,0d7b8f1e7ca1054498102c876e9bab92c21ecf15d1bf2f43ed4ab764bf4a8910
2004,kma_asos:273,2004-06-24,2004-07-17,273,문경,0d7b8f1e7ca1054498102c876e9bab92c21ecf15d1bf2f43ed4ab764bf4a8910
2004,kma_asos:277,2004-06-24,2004-07-17,277,영덕,0d7b8f1e7ca1054498102c876e9bab92c21ecf15d1bf2f43ed4ab764bf4a8910
2004,kma_asos:278,2004-06-24,2004-07-17,278,의성,0d7b8f1e7ca1054498102c876e9bab92c21ecf15d1bf2f43ed4ab764bf4a8910
2004,kma_asos:279,2004-06-24,2004-07-17,279,구미,0d7b8f1e7ca1054498102c876e9bab92c21ecf15d1bf2f43ed4ab764bf4a8910
2004,kma_asos:281,2004-06-24,2004-07-17,281,영천,0d7b8f1e7ca1054498102c876e9bab92c21ecf15d1bf2f43ed4ab764bf4a8910
2004,kma_asos:284,2004-06-24,2004-07-17,284,거창,0d7b8f1e7ca1054498102c876e9bab92c21ecf15d1bf2f43ed4ab764bf4a8910
2004,kma_asos:285,2004-06-24,2004-07-17,285,합천,0d7b8f1e7ca1054498102c876e9bab92c21ecf15d1bf2f43ed4ab764bf4a8910
2004,kma_asos:288,2004-06-24,2004-07-17,288,밀양,0d7b8f1e7ca1054498102c876e9bab92c21ecf15d1bf2f43ed4ab764bf4a8910
2004,kma_asos:289,2004-06-24,2004-07-17,289,산청,0d7b8f1e7ca1054498102c876e9bab92c21ecf15d1bf2f43ed4ab764bf4a8910
2004,kma_asos:294,2004-06-24,2004-07-17,294,거제,0d7b8f1e7ca1054498102c876e9bab92c21ecf15d1bf2f43ed4ab764bf4a8910
2004,kma_asos:295,2004-06-24,2004-07-17,295,남해,0d7b8f1e7ca1054498102c876e9bab92c21ecf15d1bf2f43ed4ab764bf4a8910
2005,kma_asos:90,2005-06-26,2005-07-18,90,속초,0d7b8f1e7ca1054498102c876e9bab92c21ecf15d1bf2f43ed4ab764bf4a8910
2005,kma_asos:95,2005-06-26,2005-07-18,95,철원,0d7b8f1e7ca1054498102c876e9bab92c21ecf15d1bf2f43ed4ab764bf4a8910
2005,kma_asos:100,2005-06-26,2005-07-18,100,대관령,0d7b8f1e7ca1054498102c876e9bab92c21ecf15d1bf2f43ed4ab764bf4a8910
2005,kma_asos:101,2005-06-26,2005-07-18,101,춘천,0d7b8f1e7ca1054498102c876e9bab92c21ecf15d1bf2f43ed4ab764bf4a8910
2005,kma_asos:105,2005-06-26,2005-07-18,105,강릉,0d7b8f1e7ca1054498102c876e9bab92c21ecf15d1bf2f43ed4ab764bf4a8910
2005,kma_asos:108,2005-06-26,2005-07-18,108,서울,0d7b8f1e7ca1054498102c876e9bab92c21ecf15d1bf2f43ed4ab764bf4a8910
2005,kma_asos:112,2005-06-26,2005-07-18,112,인천,0d7b8f1e7ca1054498102c876e9bab92c21ecf15d1bf2f43ed4ab764bf4a8910
2005,kma_asos:114,2005-06-26,2005-07-18,114,원주,0d7b8f1e7ca1054498102c876e9bab92c21ecf15d1bf2f43ed4ab764bf4a8910
2005,kma_asos:119,2005-06-26,2005-07-18,119,수원,0d7b8f1e7ca1054498102c876e9bab92c21ecf15d1bf2f43ed4ab764bf4a8910
2005,kma_asos:127,2005-06-26,2005-07-18,127,충주,0d7b8f1e7ca1054498102c876e9bab92c21ecf15d1bf2f43ed4ab764bf4a8910
2005,kma_asos:129,2005-06-26,2005-07-18,129,서산,0d7b8f1e7ca1054498102c876e9bab92c21ecf15d1bf2f43ed4ab764bf4a8910
2005,kma_asos:130,2005-06-26,2005-07-18,130,울진,0d7b8f1e7ca1054498102c876e9bab92c21ecf15d1bf2f43ed4ab764bf4a8910
2005,kma_asos:131,2005-06-26,2005-07-18,131,청주,0d7b8f1e7ca1054498102c876e9bab92c21ecf15d1bf2f43ed4ab764bf4a8910
2005,kma_asos:133,2005-06-26,2005-07-18,133,대전,0d7b8f1e7ca1054498102c876e9bab92c21ecf15d1bf2f43ed4ab764bf4a8910
2005,kma_asos:135,2005-06-26,2005-07-18,135,추풍령,0d7b8f1e7ca1054498102c876e9bab92c21ecf15d1bf2f43ed4ab764bf4a8910
2005,kma_asos:136,2005-06-26,2005-07-18,136,안동,0d7b8f1e7ca1054498102c876e9bab92c21ecf15d1bf2f43ed4ab764bf4a8910
2005,kma_asos:138,2005-06-26,2005-07-18,138,포항,0d7b8f1e7ca1054498102c876e9bab92c21ecf15d1bf2f43ed4ab764bf4a8910
2005,kma_asos:140,2005-06-26,2005-07-18,140,군산,0d7b8f1e7ca1054498102c876e9bab92c21ecf15d1bf2f43ed4ab764bf4a8910
2005,kma_asos:143,2005-06-26,2005-07-18,143,대구,0d7b8f1e7ca1054498102c876e9bab92c21ecf15d1bf2f43ed4ab764bf4a8910
2005,kma_asos:146,2005-06-26,2005-07-18,146,전주,0d7b8f1e7ca1054498102c876e9bab92c21ecf15d1bf2f43ed4ab764bf4a8910
2005,kma_asos:152,2005-06-26,2005-07-18,152,울산,0d7b8f1e7ca1054498102c876e9bab92c21ecf15d1bf2f43ed4ab764bf4a8910
2005,kma_asos:155,2005-06-26,2005-07-18,155,창원,0d7b8f1e7ca1054498102c876e9bab92c21ecf15d1bf2f43ed4ab764bf4a8910
2005,kma_asos:156,2005-06-26,2005-07-18,156,광주,0d7b8f1e7ca1054498102c876e9bab92c21ecf15d1bf2f43ed4ab764bf4a8910
2005,kma_asos:159,2005-06-26,2005-07-18,159,부산,0d7b8f1e7ca1054498102c876e9bab92c21ecf15d1bf2f43ed4ab764bf4a8910
2005,kma_asos:162,2005-06-26,2005-07-18,162,통영,0d7b8f1e7ca1054498102c876e9bab92c21ecf15d1bf2f43ed4ab764bf4a8910
2005,kma_asos:165,2005-06-26,2005-07-18,165,목포,0d7b8f1e7ca1054498102c876e9bab92c21ecf15d1bf2f43ed4ab764bf4a8910
2005,kma_asos:168,2005-06-26,2005-07-18,168,여수,0d7b8f1e7ca1054498102c876e9bab92c21ecf15d1bf2f43ed4ab764bf4a8910
2005,kma_asos:170,2005-06-26,2005-07-18,170,완도,0d7b8f1e7ca1054498102c876e9bab92c21ecf15d1bf2f43ed4ab764bf4a8910
2005,kma_asos:184,2005-06-25,2005-07-15,184,제주,0d7b8f1e7ca1054498102c876e9bab92c21ecf15d1bf2f43ed4ab764bf4a8910
2005,kma_asos:185,2005-06-25,2005-07-15,185,고산,0d7b8f1e7ca1054498102c876e9bab92c21ecf15d1bf2f43ed4ab764bf4a8910
2005,kma_asos:188,2005-06-25,2005-07-15,188,성산,0d7b8f1e7ca1054498102c876e9bab92c21ecf15d1bf2f43ed4ab764bf4a8910
2005,kma_asos:189,2005-06-25,2005-07-15,189,서귀포,0d7b8f1e7ca1054498102c876e9bab92c21ecf15d1bf2f43ed4ab764bf4a8910
2005,kma_asos:192,2005-06-26,2005-07-18,192,진주,0d7b8f1e7ca1054498102c876e9bab92c21ecf15d1bf2f43ed4ab764bf4a8910
2005,kma_asos:201,2005-06-26,2005-07-18,201,강화,0d7b8f1e7ca1054498102c876e9bab92c21ecf15d1bf2f43ed4ab764bf4a8910
2005,kma_asos:202,2005-06-26,2005-07-18,202,양평,0d7b8f1e7ca1054498102c876e9bab92c21ecf15d1bf2f43ed4ab764bf4a8910
2005,kma_asos:203,2005-06-26,2005-07-18,203,이천,0d7b8f1e7ca1054498102c876e9bab92c21ecf15d1bf2f43ed4ab764bf4a8910
2005,kma_asos:211,2005-06-26,2005-07-18,211,인제,0d7b8f1e7ca1054498102c876e9bab92c21ecf15d1bf2f43ed4ab764bf4a8910
2005,kma_asos:212,2005-06-26,2005-07-18,212,홍천,0d7b8f1e7ca1054498102c876e9bab92c21ecf15d1bf2f43ed4ab764bf4a8910
2005,kma_asos:216,2005-06-26,2005-07-18,216,태백,0d7b8f1e7ca1054498102c876e9bab92c21ecf15d1bf2f43ed4ab764bf4a8910
2005,kma_asos:221,2005-06-26,2005-07-18,221,제천,0d7b8f1e7ca1054498102c876e9bab92c21ecf15d1bf2f43ed4ab764bf4a8910
2005,kma_asos:226,2005-06-26,2005-07-18,226,보은,0d7b8f1e7ca1054498102c876e9bab92c21ecf15d1bf2f43ed4ab764bf4a8910
2005,kma_asos:232,2005-06-26,2005-07-18,232,천안,0d7b8f1e7ca1054498102c876e9bab92c21ecf15d1bf2f43ed4ab764bf4a8910
2005,kma_asos:235,2005-06-26,2005-07-18,235,보령,0d7b8f1e7ca1054498102c876e9bab92c21ecf15d1bf2f43ed4ab764bf4a8910
2005,kma_asos:236,2005-06-26,2005-07-18,236,부여,0d7b8f1e7ca1054498102c876e9bab92c21ecf15d1bf2f43ed4ab764bf4a8910
2005,kma_asos:238,2005-06-26,2005-07-18,238,금산,0d7b8f1e7ca1054498102c876e9bab92c21ecf15d1bf2f43ed4ab764bf4a8910
2005,kma_asos:243,2005-06-26,2005-07-18,243,부안,0d7b8f1e7ca1054498102c876e9bab92c21ecf15d1bf2f43ed4ab764bf4a8910
2005,kma_asos:244,2005-06-26,2005-07-18,244,임실,0d7b8f1e7ca1054498102c876e9bab92c21ecf15d1bf2f43ed4ab764bf4a8910
2005,kma_asos:245,2005-06-26,2005-07-18,245,정읍,0d7b8f1e7ca1054498102c876e9bab92c21ecf15d1bf2f43ed4ab764bf4a8910
2005,kma_asos:247,2005-06-26,2005-07-18,247,남원,0d7b8f1e7ca1054498102c876e9bab92c21ecf15d1bf2f43ed4ab764bf4a8910
2005,kma_asos:248,2005-06-26,2005-07-18,248,장수,0d7b8f1e7ca1054498102c876e9bab92c21ecf15d1bf2f43ed4ab764bf4a8910
2005,kma_asos:260,2005-06-26,2005-07-18,260,장흥,0d7b8f1e7ca1054498102c876e9bab92c21ecf15d1bf2f43ed4ab764bf4a8910
2005,kma_asos:261,2005-06-26,2005-07-18,261,해남,0d7b8f1e7ca1054498102c876e9bab92c21ecf15d1bf2f43ed4ab764bf4a8910
2005,kma_asos:262,2005-06-26,2005-07-18,262,고흥,0d7b8f1e7ca1054498102c876e9bab92c21ecf15d1bf2f43ed4ab764bf4a8910
2005,kma_asos:271,2005-06-26,2005-07-18,271,봉화,0d7b8f1e7ca1054498102c876e9bab92c21ecf15d1bf2f43ed4ab764bf4a8910
2005,kma_asos:272,2005-06-26,2005-07-18,272,영주,0d7b8f1e7ca1054498102c876e9bab92c21ecf15d1bf2f43ed4ab764bf4a8910
2005,kma_asos:273,2005-06-26,2005-07-18,273,문경,0d7b8f1e7ca1054498102c876e9bab92c21ecf15d1bf2f43ed4ab764bf4a8910
2005,kma_asos:277,2005-06-26,2005-07-18,277,영덕,0d7b8f1e7ca1054498102c876e9bab92c21ecf15d1bf2f43ed4ab764bf4a8910
2005,kma_asos:278,2005-06-26,2005-07-18,278,의성,0d7b8f1e7ca1054498102c876e9bab92c21ecf15d1bf2f43ed4ab764bf4a8910
2005,kma_asos:279,2005-06-26,2005-07-18,279,구미,0d7b8f1e7ca1054498102c876e9bab92c21ecf15d1bf2f43ed4ab764bf4a8910
2005,kma_asos:281,2005-06-26,2005-07-18,281,영천,0d7b8f1e7ca1054498102c876e9bab92c21ecf15d1bf2f43ed4ab764bf4a8910
2005,kma_asos:284,2005-06-26,2005-07-18,284,거창,0d7b8f1e7ca1054498102c876e9bab92c21ecf15d1bf2f43ed4ab764bf4a8910
2005,kma_asos:285,2005-06-26,2005-07-18,285,합천,0d7b8f1e7ca1054498102c876e9bab92c21ecf15d1bf2f43ed4ab764bf4a8910
2005,kma_asos:288,2005-06-26,2005-07-18,288,밀양,0d7b8f1e7ca1054498102c876e9bab92c21ecf15d1bf2f43ed4ab764bf4a8910
2005,kma_asos:289,2005-06-26,2005-07-18,289,산청,0d7b8f1e7ca1054498102c876e9bab92c21ecf15d1bf2f43ed4ab764bf4a8910
2005,kma_asos:294,2005-06-26,2005-07-18,294,거제,0d7b8f1e7ca1054498102c876e9bab92c21ecf15d1bf2f43ed4ab764bf4a8910
2005,kma_asos:295,2005-06-26,2005-07-18,295,남해,0d7b8f1e7ca1054498102c876e9bab92c21ecf15d1bf2f43ed4ab764bf4a8910
2006,kma_asos:90,2006-06-21,2006-07-29,90,속초,0d7b8f1e7ca1054498102c876e9bab92c21ecf15d1bf2f43ed4ab764bf4a8910
2006,kma_asos:95,2006-06-21,2006-07-29,95,철원,0d7b8f1e7ca1054498102c876e9bab92c21ecf15d1bf2f43ed4ab764bf4a8910
2006,kma_asos:100,2006-06-21,2006-07-29,100,대관령,0d7b8f1e7ca1054498102c876e9bab92c21ecf15d1bf2f43ed4ab764bf4a8910
2006,kma_asos:101,2006-06-21,2006-07-29,101,춘천,0d7b8f1e7ca1054498102c876e9bab92c21ecf15d1bf2f43ed4ab764bf4a8910
2006,kma_asos:105,2006-06-21,2006-07-29,105,강릉,0d7b8f1e7ca1054498102c876e9bab92c21ecf15d1bf2f43ed4ab764bf4a8910
2006,kma_asos:108,2006-06-21,2006-07-29,108,서울,0d7b8f1e7ca1054498102c876e9bab92c21ecf15d1bf2f43ed4ab764bf4a8910
2006,kma_asos:112,2006-06-21,2006-07-29,112,인천,0d7b8f1e7ca1054498102c876e9bab92c21ecf15d1bf2f43ed4ab764bf4a8910
2006,kma_asos:114,2006-06-21,2006-07-29,114,원주,0d7b8f1e7ca1054498102c876e9bab92c21ecf15d1bf2f43ed4ab764bf4a8910
2006,kma_asos:119,2006-06-21,2006-07-29,119,수원,0d7b8f1e7ca1054498102c876e9bab92c21ecf15d1bf2f43ed4ab764bf4a8910
2006,kma_asos:127,2006-06-21,2006-07-29,127,충주,0d7b8f1e7ca1054498102c876e9bab92c21ecf15d1bf2f43ed4ab764bf4a8910
2006,kma_asos:129,2006-06-21,2006-07-29,129,서산,0d7b8f1e7ca1054498102c876e9bab92c21ecf15d1bf2f43ed4ab764bf4a8910
2006,kma_asos:130,2006-06-21,2006-07-29,130,울진,0d7b8f1e7ca1054498102c876e9bab92c21ecf15d1bf2f43ed4ab764bf4a8910
2006,kma_asos:131,2006-06-21,2006-07-29,131,청주,0d7b8f1e7ca1054498102c876e9bab92c21ecf15d1bf2f43ed4ab764bf4a8910
2006,kma_asos:133,2006-06-21,2006-07-29,133,대전,0d7b8f1e7ca1054498102c876e9bab92c21ecf15d1bf2f43ed4ab764bf4a8910
2006,kma_asos:135,2006-06-21,2006-07-29,135,추풍령,0d7b8f1e7ca1054498102c876e9bab92c21ecf15d1bf2f43ed4ab764bf4a8910
2006,kma_asos:136,2006-06-21,2006-07-29,136,안동,0d7b8f1e7ca1054498102c876e9bab92c21ecf15d1bf2f43ed4ab764bf4a8910
2006,kma_asos:138,2006-06-21,2006-07-29,138,포항,0d7b8f1e7ca1054498102c876e9bab92c21ecf15d1bf2f43ed4ab764bf4a8910
2006,kma_asos:140,2006-06-21,2006-07-29,140,군산,0d7b8f1e7ca1054498102c876e9bab92c21ecf15d1bf2f43ed4ab764bf4a8910
2006,kma_asos:143,2006-06-21,2006-07-29,143,대구,0d7b8f1e7ca1054498102c876e9bab92c21ecf15d1bf2f43ed4ab764bf4a8910
2006,kma_asos:146,2006-06-21,2006-07-29,146,전주,0d7b8f1e7ca1054498102c876e9bab92c21ecf15d1bf2f43ed4ab764bf4a8910
2006,kma_asos:152,2006-06-21,2006-07-29,152,울산,0d7b8f1e7ca1054498102c876e9bab92c21ecf15d1bf2f43ed4ab764bf4a8910
2006,kma_asos:155,2006-06-21,2006-07-29,155,창원,0d7b8f1e7ca1054498102c876e9bab92c21ecf15d1bf2f43ed4ab764bf4a8910
2006,kma_asos:156,2006-06-21,2006-07-29,156,광주,0d7b8f1e7ca1054498102c876e9bab92c21ecf15d1bf2f43ed4ab764bf4a8910
2006,kma_asos:159,2006-06-21,2006-07-29,159,부산,0d7b8f1e7ca1054498102c876e9bab92c21ecf15d1bf2f43ed4ab764bf4a8910
2006,kma_asos:162,2006-06-21,2006-07-29,162,통영,0d7b8f1e7ca1054498102c876e9bab92c21ecf15d1bf2f43ed4ab764bf4a8910
2006,kma_asos:165,2006-06-21,2006-07-29,165,목포,0d7b8f1e7ca1054498102c876e9bab92c21ecf15d1bf2f43ed4ab764bf4a8910
2006,kma_asos:168,2006-06-21,2006-07-29,168,여수,0d7b8f1e7ca1054498102c876e9bab92c21ecf15d1bf2f43ed4ab764bf4a8910
2006,kma_asos:170,2006-06-21,2006-07-29,170,완도,0d7b8f1e7ca1054498102c876e9bab92c21ecf15d1bf2f43ed4ab764bf4a8910
2006,kma_asos:184,2006-06-14,2006-07-26,184,제주,0d7b8f1e7ca1054498102c876e9bab92c21ecf15d1bf2f43ed4ab764bf4a8910
2006,kma_asos:185,2006-06-14,2006-07-26,185,고산,0d7b8f1e7ca1054498102c876e9bab92c21ecf15d1bf2f43ed4ab764bf4a8910
2006,kma_asos:188,2006-06-14,2006-07-26,188,성산,0d7b8f1e7ca1054498102c876e9bab92c21ecf15d1bf2f43ed4ab764bf4a8910
2006,kma_asos:189,2006-06-14,2006-07-26,189,서귀포,0d7b8f1e7ca1054498102c876e9bab92c21ecf15d1bf2f43ed4ab764bf4a8910
2006,kma_asos:192,2006-06-21,2006-07-29,192,진주,0d7b8f1e7ca1054498102c876e9bab92c21ecf15d1bf2f43ed4ab764bf4a8910
2006,kma_asos:201,2006-06-21,2006-07-29,201,강화,0d7b8f1e7ca1054498102c876e9bab92c21ecf15d1bf2f43ed4ab764bf4a8910
2006,kma_asos:202,2006-06-21,2006-07-29,202,양평,0d7b8f1e7ca1054498102c876e9bab92c21ecf15d1bf2f43ed4ab764bf4a8910
2006,kma_asos:203,2006-06-21,2006-07-29,203,이천,0d7b8f1e7ca1054498102c876e9bab92c21ecf15d1bf2f43ed4ab764bf4a8910
2006,kma_asos:211,2006-06-21,2006-07-29,211,인제,0d7b8f1e7ca1054498102c876e9bab92c21ecf15d1bf2f43ed4ab764bf4a8910
2006,kma_asos:212,2006-06-21,2006-07-29,212,홍천,0d7b8f1e7ca1054498102c876e9bab92c21ecf15d1bf2f43ed4ab764bf4a8910
2006,kma_asos:216,2006-06-21,2006-07-29,216,태백,0d7b8f1e7ca1054498102c876e9bab92c21ecf15d1bf2f43ed4ab764bf4a8910
2006,kma_asos:221,2006-06-21,2006-07-29,221,제천,0d7b8f1e7ca1054498102c876e9bab92c21ecf15d1bf2f43ed4ab764bf4a8910
2006,kma_asos:226,2006-06-21,2006-07-29,226,보은,0d7b8f1e7ca1054498102c876e9bab92c21ecf15d1bf2f43ed4ab764bf4a8910
2006,kma_asos:232,2006-06-21,2006-07-29,232,천안,0d7b8f1e7ca1054498102c876e9bab92c21ecf15d1bf2f43ed4ab764bf4a8910
2006,kma_asos:235,2006-06-21,2006-07-29,235,보령,0d7b8f1e7ca1054498102c876e9bab92c21ecf15d1bf2f43ed4ab764bf4a8910
2006,kma_asos:236,2006-06-21,2006-07-29,236,부여,0d7b8f1e7ca1054498102c876e9bab92c21ecf15d1bf2f43ed4ab764bf4a8910
2006,kma_asos:238,2006-06-21,2006-07-29,238,금산,0d7b8f1e7ca1054498102c876e9bab92c21ecf15d1bf2f43ed4ab764bf4a8910
2006,kma_asos:243,2006-06-21,2006-07-29,243,부안,0d7b8f1e7ca1054498102c876e9bab92c21ecf15d1bf2f43ed4ab764bf4a8910
2006,kma_asos:244,2006-06-21,2006-07-29,244,임실,0d7b8f1e7ca1054498102c876e9bab92c21ecf15d1bf2f43ed4ab764bf4a8910
2006,kma_asos:245,2006-06-21,2006-07-29,245,정읍,0d7b8f1e7ca1054498102c876e9bab92c21ecf15d1bf2f43ed4ab764bf4a8910
2006,kma_asos:247,2006-06-21,2006-07-29,247,남원,0d7b8f1e7ca1054498102c876e9bab92c21ecf15d1bf2f43ed4ab764bf4a8910
2006,kma_asos:248,2006-06-21,2006-07-29,248,장수,0d7b8f1e7ca1054498102c876e9bab92c21ecf15d1bf2f43ed4ab764bf4a8910
2006,kma_asos:260,2006-06-21,2006-07-29,260,장흥,0d7b8f1e7ca1054498102c876e9bab92c21ecf15d1bf2f43ed4ab764bf4a8910
2006,kma_asos:261,2006-06-21,2006-07-29,261,해남,0d7b8f1e7ca1054498102c876e9bab92c21ecf15d1bf2f43ed4ab764bf4a8910
2006,kma_asos:262,2006-06-21,2006-07-29,262,고흥,0d7b8f1e7ca1054498102c876e9bab92c21ecf15d1bf2f43ed4ab764bf4a8910
2006,kma_asos:271,2006-06-21,2006-07-29,271,봉화,0d7b8f1e7ca1054498102c876e9bab92c21ecf15d1bf2f43ed4ab764bf4a8910
2006,kma_asos:272,2006-06-21,2006-07-29,272,영주,0d7b8f1e7ca1054498102c876e9bab92c21ecf15d1bf2f43ed4ab764bf4a8910
2006,kma_asos:273,2006-06-21,2006-07-29,273,문경,0d7b8f1e7ca1054498102c876e9bab92c21ecf15d1bf2f43ed4ab764bf4a8910
2006,kma_asos:277,2006-06-21,2006-07-29,277,영덕,0d7b8f1e7ca1054498102c876e9bab92c21ecf15d1bf2f43ed4ab764bf4a8910
2006,kma_asos:278,2006-06-21,2006-07-29,278,의성,0d7b8f1e7ca1054498102c876e9bab92c21ecf15d1bf2f43ed4ab764bf4a8910
2006,kma_asos:279,2006-06-21,2006-07-29,279,구미,0d7b8f1e7ca1054498102c876e9bab92c21ecf15d1bf2f43ed4ab764bf4a8910
2006,kma_asos:281,2006-06-21,2006-07-29,281,영천,0d7b8f1e7ca1054498102c876e9bab92c21ecf15d1bf2f43ed4ab764bf4a8910
2006,kma_asos:284,2006-06-21,2006-07-29,284,거창,0d7b8f1e7ca1054498102c876e9bab92c21ecf15d1bf2f43ed4ab764bf4a8910
2006,kma_asos:285,2006-06-21,2006-07-29,285,합천,0d7b8f1e7ca1054498102c876e9bab92c21ecf15d1bf2f43ed4ab764bf4a8910
2006,kma_asos:288,2006-06-21,2006-07-29,288,밀양,0d7b8f1e7ca1054498102c876e9bab92c21ecf15d1bf2f43ed4ab764bf4a8910
2006,kma_asos:289,2006-06-21,2006-07-29,289,산청,0d7b8f1e7ca1054498102c876e9bab92c21ecf15d1bf2f43ed4ab764bf4a8910
2006,kma_asos:294,2006-06-21,2006-07-29,294,거제,0d7b8f1e7ca1054498102c876e9bab92c21ecf15d1bf2f43ed4ab764bf4a8910
2006,kma_asos:295,2006-06-21,2006-07-29,295,남해,0d7b8f1e7ca1054498102c876e9bab92c21ecf15d1bf2f43ed4ab764bf4a8910
2007,kma_asos:90,2007-06-21,2007-07-29,90,속초,0d7b8f1e7ca1054498102c876e9bab92c21ecf15d1bf2f43ed4ab764bf4a8910
2007,kma_asos:95,2007-06-21,2007-07-29,95,철원,0d7b8f1e7ca1054498102c876e9bab92c21ecf15d1bf2f43ed4ab764bf4a8910
2007,kma_asos:100,2007-06-21,2007-07-29,100,대관령,0d7b8f1e7ca1054498102c876e9bab92c21ecf15d1bf2f43ed4ab764bf4a8910
2007,kma_asos:101,2007-06-21,2007-07-29,101,춘천,0d7b8f1e7ca1054498102c876e9bab92c21ecf15d1bf2f43ed4ab764bf4a8910
2007,kma_asos:105,2007-06-21,2007-07-29,105,강릉,0d7b8f1e7ca1054498102c876e9bab92c21ecf15d1bf2f43ed4ab764bf4a8910
2007,kma_asos:108,2007-06-21,2007-07-29,108,서울,0d7b8f1e7ca1054498102c876e9bab92c21ecf15d1bf2f43ed4ab764bf4a8910
2007,kma_asos:112,2007-06-21,2007-07-29,112,인천,0d7b8f1e7ca1054498102c876e9bab92c21ecf15d1bf2f43ed4ab764bf4a8910
2007,kma_asos:114,2007-06-21,2007-07-29,114,원주,0d7b8f1e7ca1054498102c876e9bab92c21ecf15d1bf2f43ed4ab764bf4a8910
2007,kma_asos:119,2007-06-21,2007-07-29,119,수원,0d7b8f1e7ca1054498102c876e9bab92c21ecf15d1bf2f43ed4ab764bf4a8910
2007,kma_asos:127,2007-06-21,2007-07-29,127,충주,0d7b8f1e7ca1054498102c876e9bab92c21ecf15d1bf2f43ed4ab764bf4a8910
2007,kma_asos:129,2007-06-21,2007-07-29,129,서산,0d7b8f1e7ca1054498102c876e9bab92c21ecf15d1bf2f43ed4ab764bf4a8910
2007,kma_asos:130,2007-06-21,2007-07-24,130,울진,0d7b8f1e7ca1054498102c876e9bab92c21ecf15d1bf2f43ed4ab764bf4a8910
2007,kma_asos:131,2007-06-21,2007-07-29,131,청주,0d7b8f1e7ca1054498102c876e9bab92c21ecf15d1bf2f43ed4ab764bf4a8910
2007,kma_asos:133,2007-06-21,2007-07-29,133,대전,0d7b8f1e7ca1054498102c876e9bab92c21ecf15d1bf2f43ed4ab764bf4a8910
2007,kma_asos:135,2007-06-21,2007-07-29,135,추풍령,0d7b8f1e7ca1054498102c876e9bab92c21ecf15d1bf2f43ed4ab764bf4a8910
2007,kma_asos:136,2007-06-21,2007-07-24,136,안동,0d7b8f1e7ca1054498102c876e9bab92c21ecf15d1bf2f43ed4ab764bf4a8910
2007,kma_asos:138,2007-06-21,2007-07-24,138,포항,0d7b8f1e7ca1054498102c876e9bab92c21ecf15d1bf2f43ed4ab764bf4a8910
2007,kma_asos:140,2007-06-21,2007-07-24,140,군산,0d7b8f1e7ca1054498102c876e9bab92c21ecf15d1bf2f43ed4ab764bf4a8910
2007,kma_asos:143,2007-06-21,2007-07-24,143,대구,0d7b8f1e7ca1054498102c876e9bab92c21ecf15d1bf2f43ed4ab764bf4a8910
2007,kma_asos:146,2007-06-21,2007-07-24,146,전주,0d7b8f1e7ca1054498102c876e9bab92c21ecf15d1bf2f43ed4ab764bf4a8910
2007,kma_asos:152,2007-06-21,2007-07-24,152,울산,0d7b8f1e7ca1054498102c876e9bab92c21ecf15d1bf2f43ed4ab764bf4a8910
2007,kma_asos:155,2007-06-21,2007-07-24,155,창원,0d7b8f1e7ca1054498102c876e9bab92c21ecf15d1bf2f43ed4ab764bf4a8910
2007,kma_asos:156,2007-06-21,2007-07-24,156,광주,0d7b8f1e7ca1054498102c876e9bab92c21ecf15d1bf2f43ed4ab764bf4a8910
2007,kma_asos:159,2007-06-21,2007-07-24,159,부산,0d7b8f1e7ca1054498102c876e9bab92c21ecf15d1bf2f43ed4ab764bf4a8910
2007,kma_asos:162,2007-06-21,2007-07-24,162,통영,0d7b8f1e7ca1054498102c876e9bab92c21ecf15d1bf2f43ed4ab764bf4a8910
2007,kma_asos:165,2007-06-21,2007-07-24,165,목포,0d7b8f1e7ca1054498102c876e9bab92c21ecf15d1bf2f43ed4ab764bf4a8910
2007,kma_asos:168,2007-06-21,2007-07-24,168,여수,0d7b8f1e7ca1054498102c876e9bab92c21ecf15d1bf2f43ed4ab764bf4a8910
2007,kma_asos:170,2007-06-21,2007-07-24,170,완도,0d7b8f1e7ca1054498102c876e9bab92c21ecf15d1bf2f43ed4ab764bf4a8910
2007,kma_asos:184,2007-06-21,2007-07-24,184,제주,0d7b8f1e7ca1054498102c876e9bab92c21ecf15d1bf2f43ed4ab764bf4a8910
2007,kma_asos:185,2007-06-21,2007-07-24,185,고산,0d7b8f1e7ca1054498102c876e9bab92c21ecf15d1bf2f43ed4ab764bf4a8910
2007,kma_asos:188,2007-06-21,2007-07-24,188,성산,0d7b8f1e7ca1054498102c876e9bab92c21ecf15d1bf2f43ed4ab764bf4a8910
2007,kma_asos:189,2007-06-21,2007-07-24,189,서귀포,0d7b8f1e7ca1054498102c876e9bab92c21ecf15d1bf2f43ed4ab764bf4a8910
2007,kma_asos:192,2007-06-21,2007-07-24,192,진주,0d7b8f1e7ca1054498102c876e9bab92c21ecf15d1bf2f43ed4ab764bf4a8910
2007,kma_asos:201,2007-06-21,2007-07-29,201,강화,0d7b8f1e7ca1054498102c876e9bab92c21ecf15d1bf2f43ed4ab764bf4a8910
2007,kma_asos:202,2007-06-21,2007-07-29,202,양평,0d7b8f1e7ca1054498102c876e9bab92c21ecf15d1bf2f43ed4ab764bf4a8910
2007,kma_asos:203,2007-06-21,2007-07-29,203,이천,0d7b8f1e7ca1054498102c876e9bab92c21ecf15d1bf2f43ed4ab764bf4a8910
2007,kma_asos:211,2007-06-21,2007-07-29,211,인제,0d7b8f1e7ca1054498102c876e9bab92c21ecf15d1bf2f43ed4ab764bf4a8910
2007,kma_asos:212,2007-06-21,2007-07-29,212,홍천,0d7b8f1e7ca1054498102c876e9bab92c21ecf15d1bf2f43ed4ab764bf4a8910
2007,kma_asos:216,2007-06-21,2007-07-29,216,태백,0d7b8f1e7ca1054498102c876e9bab92c21ecf15d1bf2f43ed4ab764bf4a8910
2007,kma_asos:221,2007-06-21,2007-07-29,221,제천,0d7b8f1e7ca1054498102c876e9bab92c21ecf15d1bf2f43ed4ab764bf4a8910
2007,kma_asos:226,2007-06-21,2007-07-29,226,보은,0d7b8f1e7ca1054498102c876e9bab92c21ecf15d1bf2f43ed4ab764bf4a8910
2007,kma_asos:232,2007-06-21,2007-07-29,232,천안,0d7b8f1e7ca1054498102c876e9bab92c21ecf15d1bf2f43ed4ab764bf4a8910
2007,kma_asos:235,2007-06-21,2007-07-29,235,보령,0d7b8f1e7ca1054498102c876e9bab92c21ecf15d1bf2f43ed4ab764bf4a8910
2007,kma_asos:236,2007-06-21,2007-07-29,236,부여,0d7b8f1e7ca1054498102c876e9bab92c21ecf15d1bf2f43ed4ab764bf4a8910
2007,kma_asos:238,2007-06-21,2007-07-29,238,금산,0d7b8f1e7ca1054498102c876e9bab92c21ecf15d1bf2f43ed4ab764bf4a8910
2007,kma_asos:243,2007-06-21,2007-07-24,243,부안,0d7b8f1e7ca1054498102c876e9bab92c21ecf15d1bf2f43ed4ab764bf4a8910
2007,kma_asos:244,2007-06-21,2007-07-24,244,임실,0d7b8f1e7ca1054498102c876e9bab92c21ecf15d1bf2f43ed4ab764bf4a8910
2007,kma_asos:245,2007-06-21,2007-07-24,245,정읍,0d7b8f1e7ca1054498102c876e9bab92c21ecf15d1bf2f43ed4ab764bf4a8910
2007,kma_asos:247,2007-06-21,2007-07-24,247,남원,0d7b8f1e7ca1054498102c876e9bab92c21ecf15d1bf2f43ed4ab764bf4a8910
2007,kma_asos:248,2007-06-21,2007-07-24,248,장수,0d7b8f1e7ca1054498102c876e9bab92c21ecf15d1bf2f43ed4ab764bf4a8910
2007,kma_asos:260,2007-06-21,2007-07-24,260,장흥,0d7b8f1e7ca1054498102c876e9bab92c21ecf15d1bf2f43ed4ab764bf4a8910
2007,kma_asos:261,2007-06-21,2007-07-24,261,해남,0d7b8f1e7ca1054498102c876e9bab92c21ecf15d1bf2f43ed4ab764bf4a8910
2007,kma_asos:262,2007-06-21,2007-07-24,262,고흥,0d7b8f1e7ca1054498102c876e9bab92c21ecf15d1bf2f43ed4ab764bf4a8910
2007,kma_asos:271,2007-06-21,2007-07-24,271,봉화,0d7b8f1e7ca1054498102c876e9bab92c21ecf15d1bf2f43ed4ab764bf4a8910
2007,kma_asos:272,2007-06-21,2007-07-24,272,영주,0d7b8f1e7ca1054498102c876e9bab92c21ecf15d1bf2f43ed4ab764bf4a8910
2007,kma_asos:273,2007-06-21,2007-07-24,273,문경,0d7b8f1e7ca1054498102c876e9bab92c21ecf15d1bf2f43ed4ab764bf4a8910
2007,kma_asos:277,2007-06-21,2007-07-24,277,영덕,0d7b8f1e7ca1054498102c876e9bab92c21ecf15d1bf2f43ed4ab764bf4a8910
2007,kma_asos:278,2007-06-21,2007-07-24,278,의성,0d7b8f1e7ca1054498102c876e9bab92c21ecf15d1bf2f43ed4ab764bf4a8910
2007,kma_asos:279,2007-06-21,2007-07-24,279,구미,0d7b8f1e7ca1054498102c876e9bab92c21ecf15d1bf2f43ed4ab764bf4a8910
2007,kma_asos:281,2007-06-21,2007-07-24,281,영천,0d7b8f1e7ca1054498102c876e9bab92c21ecf15d1bf2f43ed4ab764bf4a8910
2007,kma_asos:284,2007-06-21,2007-07-24,284,거창,0d7b8f1e7ca1054498102c876e9bab92c21ecf15d1bf2f43ed4ab764bf4a8910
2007,kma_asos:285,2007-06-21,2007-07-24,285,합천,0d7b8f1e7ca1054498102c876e9bab92c21ecf15d1bf2f43ed4ab764bf4a8910
2007,kma_asos:288,2007-06-21,2007-07-24,288,밀양,0d7b8f1e7ca1054498102c876e9bab92c21ecf15d1bf2f43ed4ab764bf4a8910
2007,kma_asos:289,2007-06-21,2007-07-24,289,산청,0d7b8f1e7ca1054498102c876e9bab92c21ecf15d1bf2f43ed4ab764bf4a8910
2007,kma_asos:294,2007-06-21,2007-07-24,294,거제,0d7b8f1e7ca1054498102c876e9bab92c21ecf15d1bf2f43ed4ab764bf4a8910
2007,kma_asos:295,2007-06-21,2007-07-24,295,남해,0d7b8f1e7ca1054498102c876e9bab92c21ecf15d1bf2f43ed4ab764bf4a8910
2008,kma_asos:90,2008-06-17,2008-07-26,90,속초,0d7b8f1e7ca1054498102c876e9bab92c21ecf15d1bf2f43ed4ab764bf4a8910
2008,kma_asos:95,2008-06-17,2008-07-26,95,철원,0d7b8f1e7ca1054498102c876e9bab92c21ecf15d1bf2f43ed4ab764bf4a8910
2008,kma_asos:100,2008-06-17,2008-07-26,100,대관령,0d7b8f1e7ca1054498102c876e9bab92c21ecf15d1bf2f43ed4ab764bf4a8910
2008,kma_asos:101,2008-06-17,2008-07-26,101,춘천,0d7b8f1e7ca1054498102c876e9bab92c21ecf15d1bf2f43ed4ab764bf4a8910
2008,kma_asos:105,2008-06-17,2008-07-26,105,강릉,0d7b8f1e7ca1054498102c876e9bab92c21ecf15d1bf2f43ed4ab764bf4a8910
2008,kma_asos:108,2008-06-17,2008-07-26,108,서울,0d7b8f1e7ca1054498102c876e9bab92c21ecf15d1bf2f43ed4ab764bf4a8910
2008,kma_asos:112,2008-06-17,2008-07-26,112,인천,0d7b8f1e7ca1054498102c876e9bab92c21ecf15d1bf2f43ed4ab764bf4a8910
2008,kma_asos:114,2008-06-17,2008-07-26,114,원주,0d7b8f1e7ca1054498102c876e9bab92c21ecf15d1bf2f43ed4ab764bf4a8910
2008,kma_asos:119,2008-06-17,2008-07-26,119,수원,0d7b8f1e7ca1054498102c876e9bab92c21ecf15d1bf2f43ed4ab764bf4a8910
2008,kma_asos:127,2008-06-17,2008-07-26,127,충주,0d7b8f1e7ca1054498102c876e9bab92c21ecf15d1bf2f43ed4ab764bf4a8910
2008,kma_asos:129,2008-06-17,2008-07-26,129,서산,0d7b8f1e7ca1054498102c876e9bab92c21ecf15d1bf2f43ed4ab764bf4a8910
2008,kma_asos:130,2008-06-17,2008-07-26,130,울진,0d7b8f1e7ca1054498102c876e9bab92c21ecf15d1bf2f43ed4ab764bf4a8910
2008,kma_asos:131,2008-06-17,2008-07-26,131,청주,0d7b8f1e7ca1054498102c876e9bab92c21ecf15d1bf2f43ed4ab764bf4a8910
2008,kma_asos:133,2008-06-17,2008-07-26,133,대전,0d7b8f1e7ca1054498102c876e9bab92c21ecf15d1bf2f43ed4ab764bf4a8910
2008,kma_asos:135,2008-06-17,2008-07-26,135,추풍령,0d7b8f1e7ca1054498102c876e9bab92c21ecf15d1bf2f43ed4ab764bf4a8910
2008,kma_asos:136,2008-06-17,2008-07-26,136,안동,0d7b8f1e7ca1054498102c876e9bab92c21ecf15d1bf2f43ed4ab764bf4a8910
2008,kma_asos:138,2008-06-17,2008-07-26,138,포항,0d7b8f1e7ca1054498102c876e9bab92c21ecf15d1bf2f43ed4ab764bf4a8910
2008,kma_asos:140,2008-06-17,2008-07-26,140,군산,0d7b8f1e7ca1054498102c876e9bab92c21ecf15d1bf2f43ed4ab764bf4a8910
2008,kma_asos:143,2008-06-17,2008-07-26,143,대구,0d7b8f1e7ca1054498102c876e9bab92c21ecf15d1bf2f43ed4ab764bf4a8910
2008,kma_asos:146,2008-06-17,2008-07-26,146,전주,0d7b8f1e7ca1054498102c876e9bab92c21ecf15d1bf2f43ed4ab764bf4a8910
2008,kma_asos:152,2008-06-17,2008-07-26,152,울산,0d7b8f1e7ca1054498102c876e9bab92c21ecf15d1bf2f43ed4ab764bf4a8910
2008,kma_asos:155,2008-06-17,2008-07-26,155,창원,0d7b8f1e7ca1054498102c876e9bab92c21ecf15d1bf2f43ed4ab764bf4a8910
2008,kma_asos:156,2008-06-17,2008-07-26,156,광주,0d7b8f1e7ca1054498102c876e9bab92c21ecf15d1bf2f43ed4ab764bf4a8910
2008,kma_asos:159,2008-06-17,2008-07-26,159,부산,0d7b8f1e7ca1054498102c876e9bab92c21ecf15d1bf2f43ed4ab764bf4a8910
2008,kma_asos:162,2008-06-17,2008-07-26,162,통영,0d7b8f1e7ca1054498102c876e9bab92c21ecf15d1bf2f43ed4ab764bf4a8910
2008,kma_asos:165,2008-06-17,2008-07-26,165,목포,0d7b8f1e7ca1054498102c876e9bab92c21ecf15d1bf2f43ed4ab764bf4a8910
2008,kma_asos:168,2008-06-17,2008-07-26,168,여수,0d7b8f1e7ca1054498102c876e9bab92c21ecf15d1bf2f43ed4ab764bf4a8910
2008,kma_asos:170,2008-06-17,2008-07-26,170,완도,0d7b8f1e7ca1054498102c876e9bab92c21ecf15d1bf2f43ed4ab764bf4a8910
2008,kma_asos:184,2008-06-14,2008-07-04,184,제주,0d7b8f1e7ca1054498102c876e9bab92c21ecf15d1bf2f43ed4ab764bf4a8910
2008,kma_asos:185,2008-06-14,2008-07-04,185,고산,0d7b8f1e7ca1054498102c876e9bab92c21ecf15d1bf2f43ed4ab764bf4a8910
2008,kma_asos:188,2008-06-14,2008-07-04,188,성산,0d7b8f1e7ca1054498102c876e9bab92c21ecf15d1bf2f43ed4ab764bf4a8910
2008,kma_asos:189,2008-06-14,2008-07-04,189,서귀포,0d7b8f1e7ca1054498102c876e9bab92c21ecf15d1bf2f43ed4ab764bf4a8910
2008,kma_asos:192,2008-06-17,2008-07-26,192,진주,0d7b8f1e7ca1054498102c876e9bab92c21ecf15d1bf2f43ed4ab764bf4a8910
2008,kma_asos:201,2008-06-17,2008-07-26,201,강화,0d7b8f1e7ca1054498102c876e9bab92c21ecf15d1bf2f43ed4ab764bf4a8910
2008,kma_asos:202,2008-06-17,2008-07-26,202,양평,0d7b8f1e7ca1054498102c876e9bab92c21ecf15d1bf2f43ed4ab764bf4a8910
2008,kma_asos:203,2008-06-17,2008-07-26,203,이천,0d7b8f1e7ca1054498102c876e9bab92c21ecf15d1bf2f43ed4ab764bf4a8910
2008,kma_asos:211,2008-06-17,2008-07-26,211,인제,0d7b8f1e7ca1054498102c876e9bab92c21ecf15d1bf2f43ed4ab764bf4a8910
2008,kma_asos:212,2008-06-17,2008-07-26,212,홍천,0d7b8f1e7ca1054498102c876e9bab92c21ecf15d1bf2f43ed4ab764bf4a8910
2008,kma_asos:216,2008-06-17,2008-07-26,216,태백,0d7b8f1e7ca1054498102c876e9bab92c21ecf15d1bf2f43ed4ab764bf4a8910
2008,kma_asos:221,2008-06-17,2008-07-26,221,제천,0d7b8f1e7ca1054498102c876e9bab92c21ecf15d1bf2f43ed4ab764bf4a8910
2008,kma_asos:226,2008-06-17,2008-07-26,226,보은,0d7b8f1e7ca1054498102c876e9bab92c21ecf15d1bf2f43ed4ab764bf4a8910
2008,kma_asos:232,2008-06-17,2008-07-26,232,천안,0d7b8f1e7ca1054498102c876e9bab92c21ecf15d1bf2f43ed4ab764bf4a8910
2008,kma_asos:235,2008-06-17,2008-07-26,235,보령,0d7b8f1e7ca1054498102c876e9bab92c21ecf15d1bf2f43ed4ab764bf4a8910
2008,kma_asos:236,2008-06-17,2008-07-26,236,부여,0d7b8f1e7ca1054498102c876e9bab92c21ecf15d1bf2f43ed4ab764bf4a8910
2008,kma_asos:238,2008-06-17,2008-07-26,238,금산,0d7b8f1e7ca1054498102c876e9bab92c21ecf15d1bf2f43ed4ab764bf4a8910
2008,kma_asos:243,2008-06-17,2008-07-26,243,부안,0d7b8f1e7ca1054498102c876e9bab92c21ecf15d1bf2f43ed4ab764bf4a8910
2008,kma_asos:244,2008-06-17,2008-07-26,244,임실,0d7b8f1e7ca1054498102c876e9bab92c21ecf15d1bf2f43ed4ab764bf4a8910
2008,kma_asos:245,2008-06-17,2008-07-26,245,정읍,0d7b8f1e7ca1054498102c876e9bab92c21ecf15d1bf2f43ed4ab764bf4a8910
2008,kma_asos:247,2008-06-17,2008-07-26,247,남원,0d7b8f1e7ca1054498102c876e9bab92c21ecf15d1bf2f43ed4ab764bf4a8910
2008,kma_asos:248,2008-06-17,2008-07-26,248,장수,0d7b8f1e7ca1054498102c876e9bab92c21ecf15d1bf2f43ed4ab764bf4a8910
2008,kma_asos:260,2008-06-17,2008-07-26,260,장흥,0d7b8f1e7ca1054498102c876e9bab92c21ecf15d1bf2f43ed4ab764bf4a8910
2008,kma_asos:261,2008-06-17,2008-07-26,261,해남,0d7b8f1e7ca1054498102c876e9bab92c21ecf15d1bf2f43ed4ab764bf4a8910
2008,kma_asos:262,2008-06-17,2008-07-26,262,고흥,0d7b8f1e7ca1054498102c876e9bab92c21ecf15d1bf2f43ed4ab764bf4a8910
2008,kma_asos:271,2008-06-17,2008-07-26,271,봉화,0d7b8f1e7ca1054498102c876e9bab92c21ecf15d1bf2f43ed4ab764bf4a8910
2008,kma_asos:272,2008-06-17,2008-07-26,272,영주,0d7b8f1e7ca1054498102c876e9bab92c21ecf15d1bf2f43ed4ab764bf4a8910
2008,kma_asos:273,2008-06-17,2008-07-26,273,문경,0d7b8f1e7ca1054498102c876e9bab92c21ecf15d1bf2f43ed4ab764bf4a8910
2008,kma_asos:277,2008-06-17,2008-07-26,277,영덕,0d7b8f1e7ca1054498102c876e9bab92c21ecf15d1bf2f43ed4ab764bf4a8910
2008,kma_asos:278,2008-06-17,2008-07-26,278,의성,0d7b8f1e7ca1054498102c876e9bab92c21ecf15d1bf2f43ed4ab764bf4a8910
2008,kma_asos:279,2008-06-17,2008-07-26,279,구미,0d7b8f1e7ca1054498102c876e9bab92c21ecf15d1bf2f43ed4ab764bf4a8910
2008,kma_asos:281,2008-06-17,2008-07-26,281,영천,0d7b8f1e7ca1054498102c876e9bab92c21ecf15d1bf2f43ed4ab764bf4a8910
2008,kma_asos:284,2008-06-17,2008-07-26,284,거창,0d7b8f1e7ca1054498102c876e9bab92c21ecf15d1bf2f43ed4ab764bf4a8910
2008,kma_asos:285,2008-06-17,2008-07-26,285,합천,0d7b8f1e7ca1054498102c876e9bab92c21ecf15d1bf2f43ed4ab764bf4a8910
2008,kma_asos:288,2008-06-17,2008-07-26,288,밀양,0d7b8f1e7ca1054498102c876e9bab92c21ecf15d1bf2f43ed4ab764bf4a8910
2008,kma_asos:289,2008-06-17,2008-07-26,289,산청,0d7b8f1e7ca1054498102c876e9bab92c21ecf15d1bf2f43ed4ab764bf4a8910
2008,kma_asos:294,2008-06-17,2008-07-26,294,거제,0d7b8f1e7ca1054498102c876e9bab92c21ecf15d1bf2f43ed4ab764bf4a8910
2008,kma_asos:295,2008-06-17,2008-07-26,295,남해,0d7b8f1e7ca1054498102c876e9bab92c21ecf15d1bf2f43ed4ab764bf4a8910
2009,kma_asos:90,2009-06-28,2009-07-21,90,속초,0d7b8f1e7ca1054498102c876e9bab92c21ecf15d1bf2f43ed4ab764bf4a8910
2009,kma_asos:95,2009-06-28,2009-07-21,95,철원,0d7b8f1e7ca1054498102c876e9bab92c21ecf15d1bf2f43ed4ab764bf4a8910
2009,kma_asos:100,2009-06-28,2009-07-21,100,대관령,0d7b8f1e7ca1054498102c876e9bab92c21ecf15d1bf2f43ed4ab764bf4a8910
2009,kma_asos:101,2009-06-28,2009-07-21,101,춘천,0d7b8f1e7ca1054498102c876e9bab92c21ecf15d1bf2f43ed4ab764bf4a8910
2009,kma_asos:105,2009-06-28,2009-07-21,105,강릉,0d7b8f1e7ca1054498102c876e9bab92c21ecf15d1bf2f43ed4ab764bf4a8910
2009,kma_asos:108,2009-06-28,2009-07-21,108,서울,0d7b8f1e7ca1054498102c876e9bab92c21ecf15d1bf2f43ed4ab764bf4a8910
2009,kma_asos:112,2009-06-28,2009-07-21,112,인천,0d7b8f1e7ca1054498102c876e9bab92c21ecf15d1bf2f43ed4ab764bf4a8910
2009,kma_asos:114,2009-06-28,2009-07-21,114,원주,0d7b8f1e7ca1054498102c876e9bab92c21ecf15d1bf2f43ed4ab764bf4a8910
2009,kma_asos:119,2009-06-28,2009-07-21,119,수원,0d7b8f1e7ca1054498102c876e9bab92c21ecf15d1bf2f43ed4ab764bf4a8910
2009,kma_asos:127,2009-06-28,2009-07-21,127,충주,0d7b8f1e7ca1054498102c876e9bab92c21ecf15d1bf2f43ed4ab764bf4a8910
2009,kma_asos:129,2009-06-28,2009-07-21,129,서산,0d7b8f1e7ca1054498102c876e9bab92c21ecf15d1bf2f43ed4ab764bf4a8910
2009,kma_asos:130,2009-06-21,2009-08-03,130,울진,0d7b8f1e7ca1054498102c876e9bab92c21ecf15d1bf2f43ed4ab764bf4a8910
2009,kma_asos:131,2009-06-28,2009-07-21,131,청주,0d7b8f1e7ca1054498102c876e9bab92c21ecf15d1bf2f43ed4ab764bf4a8910
2009,kma_asos:133,2009-06-28,2009-07-21,133,대전,0d7b8f1e7ca1054498102c876e9bab92c21ecf15d1bf2f43ed4ab764bf4a8910
2009,kma_asos:135,2009-06-28,2009-07-21,135,추풍령,0d7b8f1e7ca1054498102c876e9bab92c21ecf15d1bf2f43ed4ab764bf4a8910
2009,kma_asos:136,2009-06-21,2009-08-03,136,안동,0d7b8f1e7ca1054498102c876e9bab92c21ecf15d1bf2f43ed4ab764bf4a8910
2009,kma_asos:138,2009-06-21,2009-08-03,138,포항,0d7b8f1e7ca1054498102c876e9bab92c21ecf15d1bf2f43ed4ab764bf4a8910
2009,kma_asos:140,2009-06-21,2009-08-03,140,군산,0d7b8f1e7ca1054498102c876e9bab92c21ecf15d1bf2f43ed4ab764bf4a8910
2009,kma_asos:143,2009-06-21,2009-08-03,143,대구,0d7b8f1e7ca1054498102c876e9bab92c21ecf15d1bf2f43ed4ab764bf4a8910
2009,kma_asos:146,2009-06-21,2009-08-03,146,전주,0d7b8f1e7ca1054498102c876e9bab92c21ecf15d1bf2f43ed4ab764bf4a8910
2009,kma_asos:152,2009-06-21,2009-08-03,152,울산,0d7b8f1e7ca1054498102c876e9bab92c21ecf15d1bf2f43ed4ab764bf4a8910
2009,kma_asos:155,2009-06-21,2009-08-03,155,창원,0d7b8f1e7ca1054498102c876e9bab92c21ecf15d1bf2f43ed4ab764bf4a8910
2009,kma_asos:156,2009-06-21,2009-08-03,156,광주,0d7b8f1e7ca1054498102c876e9bab92c21ecf15d1bf2f43ed4ab764bf4a8910
2009,kma_asos:159,2009-06-21,2009-08-03,159,부산,0d7b8f1e7ca1054498102c876e9bab92c21ecf15d1bf2f43ed4ab764bf4a8910
2009,kma_asos:162,2009-06-21,2009-08-03,162,통영,0d7b8f1e7ca1054498102c876e9bab92c21ecf15d1bf2f43ed4ab764bf4a8910
2009,kma_asos:165,2009-06-21,2009-08-03,165,목포,0d7b8f1e7ca1054498102c876e9bab92c21ecf15d1bf2f43ed4ab764bf4a8910
2009,kma_asos:168,2009-06-21,2009-08-03,168,여수,0d7b8f1e7ca1054498102c876e9bab92c21ecf15d1bf2f43ed4ab764bf4a8910
2009,kma_asos:170,2009-06-21,2009-08-03,170,완도,0d7b8f1e7ca1054498102c876e9bab92c21ecf15d1bf2f43ed4ab764bf4a8910
2009,kma_asos:184,2009-06-21,2009-08-03,184,제주,0d7b8f1e7ca1054498102c876e9bab92c21ecf15d1bf2f43ed4ab764bf4a8910
2009,kma_asos:185,2009-06-21,2009-08-03,185,고산,0d7b8f1e7ca1054498102c876e9bab92c21ecf15d1bf2f43ed4ab764bf4a8910
2009,kma_asos:188,2009-06-21,2009-08-03,188,성산,0d7b8f1e7ca1054498102c876e9bab92c21ecf15d1bf2f43ed4ab764bf4a8910
2009,kma_asos:189,2009-06-21,2009-08-03,189,서귀포,0d7b8f1e7ca1054498102c876e9bab92c21ecf15d1bf2f43ed4ab764bf4a8910
2009,kma_asos:192,2009-06-21,2009-08-03,192,진주,0d7b8f1e7ca1054498102c876e9bab92c21ecf15d1bf2f43ed4ab764bf4a8910
2009,kma_asos:201,2009-06-28,2009-07-21,201,강화,0d7b8f1e7ca1054498102c876e9bab92c21ecf15d1bf2f43ed4ab764bf4a8910
2009,kma_asos:202,2009-06-28,2009-07-21,202,양평,0d7b8f1e7ca1054498102c876e9bab92c21ecf15d1bf2f43ed4ab764bf4a8910
2009,kma_asos:203,2009-06-28,2009-07-21,203,이천,0d7b8f1e7ca1054498102c876e9bab92c21ecf15d1bf2f43ed4ab764bf4a8910
2009,kma_asos:211,2009-06-28,2009-07-21,211,인제,0d7b8f1e7ca1054498102c876e9bab92c21ecf15d1bf2f43ed4ab764bf4a8910
2009,kma_asos:212,2009-06-28,2009-07-21,212,홍천,0d7b8f1e7ca1054498102c876e9bab92c21ecf15d1bf2f43ed4ab764bf4a8910
2009,kma_asos:216,2009-06-28,2009-07-21,216,태백,0d7b8f1e7ca1054498102c876e9bab92c21ecf15d1bf2f43ed4ab764bf4a8910
2009,kma_asos:221,2009-06-28,2009-07-21,221,제천,0d7b8f1e7ca1054498102c876e9bab92c21ecf15d1bf2f43ed4ab764bf4a8910
2009,kma_asos:226,2009-06-28,2009-07-21,226,보은,0d7b8f1e7ca1054498102c876e9bab92c21ecf15d1bf2f43ed4ab764bf4a8910
2009,kma_asos:232,2009-06-28,2009-07-21,232,천안,0d7b8f1e7ca1054498102c876e9bab92c21ecf15d1bf2f43ed4ab764bf4a8910
2009,kma_asos:235,2009-06-28,2009-07-21,235,보령,0d7b8f1e7ca1054498102c876e9bab92c21ecf15d1bf2f43ed4ab764bf4a8910
2009,kma_asos:236,2009-06-28,2009-07-21,236,부여,0d7b8f1e7ca1054498102c876e9bab92c21ecf15d1bf2f43ed4ab764bf4a8910
2009,kma_asos:238,2009-06-28,2009-07-21,238,금산,0d7b8f1e7ca1054498102c876e9bab92c21ecf15d1bf2f43ed4ab764bf4a8910
2009,kma_asos:243,2009-06-21,2009-08-03,243,부안,0d7b8f1e7ca1054498102c876e9bab92c21ecf15d1bf2f43ed4ab764bf4a8910
2009,kma_asos:244,2009-06-21,2009-08-03,244,임실,0d7b8f1e7ca1054498102c876e9bab92c21ecf15d1bf2f43ed4ab764bf4a8910
2009,kma_asos:245,2009-06-21,2009-08-03,245,정읍,0d7b8f1e7ca1054498102c876e9bab92c21ecf15d1bf2f43ed4ab764bf4a8910
2009,kma_asos:247,2009-06-21,2009-08-03,247,남원,0d7b8f1e7ca1054498102c876e9bab92c21ecf15d1bf2f43ed4ab764bf4a8910
2009,kma_asos:248,2009-06-21,2009-08-03,248,장수,0d7b8f1e7ca1054498102c876e9bab92c21ecf15d1bf2f43ed4ab764bf4a8910
2009,kma_asos:260,2009-06-21,2009-08-03,260,장흥,0d7b8f1e7ca1054498102c876e9bab92c21ecf15d1bf2f43ed4ab764bf4a8910
2009,kma_asos:261,2009-06-21,2009-08-03,261,해남,0d7b8f1e7ca1054498102c876e9bab92c21ecf15d1bf2f43ed4ab764bf4a8910
2009,kma_asos:262,2009-06-21,2009-08-03,262,고흥,0d7b8f1e7ca1054498102c876e9bab92c21ecf15d1bf2f43ed4ab764bf4a8910
2009,kma_asos:271,2009-06-21,2009-08-03,271,봉화,0d7b8f1e7ca1054498102c876e9bab92c21ecf15d1bf2f43ed4ab764bf4a8910
2009,kma_asos:272,2009-06-21,2009-08-03,272,영주,0d7b8f1e7ca1054498102c876e9bab92c21ecf15d1bf2f43ed4ab764bf4a8910
2009,kma_asos:273,2009-06-21,2009-08-03,273,문경,0d7b8f1e7ca1054498102c876e9bab92c21ecf15d1bf2f43ed4ab764bf4a8910
2009,kma_asos:277,2009-06-21,2009-08-03,277,영덕,0d7b8f1e7ca1054498102c876e9bab92c21ecf15d1bf2f43ed4ab764bf4a8910
2009,kma_asos:278,2009-06-21,2009-08-03,278,의성,0d7b8f1e7ca1054498102c876e9bab92c21ecf15d1bf2f43ed4ab764bf4a8910
2009,kma_asos:279,2009-06-21,2009-08-03,279,구미,0d7b8f1e7ca1054498102c876e9bab92c21ecf15d1bf2f43ed4ab764bf4a8910
2009,kma_asos:281,2009-06-21,2009-08-03,281,영천,0d7b8f1e7ca1054498102c876e9bab92c21ecf15d1bf2f43ed4ab764bf4a8910
2009,kma_asos:284,2009-06-21,2009-08-03,284,거창,0d7b8f1e7ca1054498102c876e9bab92c21ecf15d1bf2f43ed4ab764bf4a8910
2009,kma_asos:285,2009-06-21,2009-08-03,285,합천,0d7b8f1e7ca1054498102c876e9bab92c21ecf15d1bf2f43ed4ab764bf4a8910
2009,kma_asos:288,2009-06-21,2009-08-03,288,밀양,0d7b8f1e7ca1054498102c876e9bab92c21ecf15d1bf2f43ed4ab764bf4a8910
2009,kma_asos:289,2009-06-21,2009-08-03,289,산청,0d7b8f1e7ca1054498102c876e9bab92c21ecf15d1bf2f43ed4ab764bf4a8910
2009,kma_asos:294,2009-06-21,2009-08-03,294,거제,0d7b8f1e7ca1054498102c876e9bab92c21ecf15d1bf2f43ed4ab764bf4a8910
2009,kma_asos:295,2009-06-21,2009-08-03,295,남해,0d7b8f1e7ca1054498102c876e9bab92c21ecf15d1bf2f43ed4ab764bf4a8910
2010,kma_asos:90,2010-06-26,2010-07-28,90,속초,0d7b8f1e7ca1054498102c876e9bab92c21ecf15d1bf2f43ed4ab764bf4a8910
2010,kma_asos:95,2010-06-26,2010-07-28,95,철원,0d7b8f1e7ca1054498102c876e9bab92c21ecf15d1bf2f43ed4ab764bf4a8910
2010,kma_asos:100,2010-06-26,2010-07-28,100,대관령,0d7b8f1e7ca1054498102c876e9bab92c21ecf15d1bf2f43ed4ab764bf4a8910
2010,kma_asos:101,2010-06-26,2010-07-28,101,춘천,0d7b8f1e7ca1054498102c876e9bab92c21ecf15d1bf2f43ed4ab764bf4a8910
2010,kma_asos:105,2010-06-26,2010-07-28,105,강릉,0d7b8f1e7ca1054498102c876e9bab92c21ecf15d1bf2f43ed4ab764bf4a8910
2010,kma_asos:108,2010-06-26,2010-07-28,108,서울,0d7b8f1e7ca1054498102c876e9bab92c21ecf15d1bf2f43ed4ab764bf4a8910
2010,kma_asos:112,2010-06-26,2010-07-28,112,인천,0d7b8f1e7ca1054498102c876e9bab92c21ecf15d1bf2f43ed4ab764bf4a8910
2010,kma_asos:114,2010-06-26,2010-07-28,114,원주,0d7b8f1e7ca1054498102c876e9bab92c21ecf15d1bf2f43ed4ab764bf4a8910
2010,kma_asos:119,2010-06-26,2010-07-28,119,수원,0d7b8f1e7ca1054498102c876e9bab92c21ecf15d1bf2f43ed4ab764bf4a8910
2010,kma_asos:127,2010-06-26,2010-07-28,127,충주,0d7b8f1e7ca1054498102c876e9bab92c21ecf15d1bf2f43ed4ab764bf4a8910
2010,kma_asos:129,2010-06-26,2010-07-28,129,서산,0d7b8f1e7ca1054498102c876e9bab92c21ecf15d1bf2f43ed4ab764bf4a8910
2010,kma_asos:130,2010-06-18,2010-07-28,130,울진,0d7b8f1e7ca1054498102c876e9bab92c21ecf15d1bf2f43ed4ab764bf4a8910
2010,kma_asos:131,2010-06-26,2010-07-28,131,청주,0d7b8f1e7ca1054498102c876e9bab92c21ecf15d1bf2f43ed4ab764bf4a8910
2010,kma_asos:133,2010-06-26,2010-07-28,133,대전,0d7b8f1e7ca1054498102c876e9bab92c21ecf15d1bf2f43ed4ab764bf4a8910
2010,kma_asos:135,2010-06-26,2010-07-28,135,추풍령,0d7b8f1e7ca1054498102c876e9bab92c21ecf15d1bf2f43ed4ab764bf4a8910
2010,kma_asos:136,2010-06-18,2010-07-28,136,안동,0d7b8f1e7ca1054498102c876e9bab92c21ecf15d1bf2f43ed4ab764bf4a8910
2010,kma_asos:138,2010-06-18,2010-07-28,138,포항,0d7b8f1e7ca1054498102c876e9bab92c21ecf15d1bf2f43ed4ab764bf4a8910
2010,kma_asos:140,2010-06-18,2010-07-28,140,군산,0d7b8f1e7ca1054498102c876e9bab92c21ecf15d1bf2f43ed4ab764bf4a8910
2010,kma_asos:143,2010-06-18,2010-07-28,143,대구,0d7b8f1e7ca1054498102c876e9bab92c21ecf15d1bf2f43ed4ab764bf4a8910
2010,kma_asos:146,2010-06-18,2010-07-28,146,전주,0d7b8f1e7ca1054498102c876e9bab92c21ecf15d1bf2f43ed4ab764bf4a8910
2010,kma_asos:152,2010-06-18,2010-07-28,152,울산,0d7b8f1e7ca1054498102c876e9bab92c21ecf15d1bf2f43ed4ab764bf4a8910
2010,kma_asos:155,2010-06-18,2010-07-28,155,창원,0d7b8f1e7ca1054498102c876e9bab92c21ecf15d1bf2f43ed4ab764bf4a8910
2010,kma_asos:156,2010-06-18,2010-07-28,156,광주,0d7b8f1e7ca1054498102c876e9bab92c21ecf15d1bf2f43ed4ab764bf4a8910
2010,kma_asos:159,2010-06-18,2010-07-28,159,부산,0d7b8f1e7ca1054498102c876e9bab92c21ecf15d1bf2f43ed4ab764bf4a8910
2010,kma_asos:162,2010-06-18,2010-07-28,162,통영,0d7b8f1e7ca1054498102c876e9bab92c21ecf15d1bf2f43ed4ab764bf4a8910
2010,kma_asos:165,2010-06-18,2010-07-28,165,목포,0d7b8f1e7ca1054498102c876e9bab92c21ecf15d1bf2f43ed4ab764bf4a8910
2010,kma_asos:168,2010-06-18,2010-07-28,168,여수,0d7b8f1e7ca1054498102c876e9bab92c21ecf15d1bf2f43ed4ab764bf4a8910
2010,kma_asos:170,2010-06-18,2010-07-28,170,완도,0d7b8f1e7ca1054498102c876e9bab92c21ecf15d1bf2f43ed4ab764bf4a8910
2010,kma_asos:184,2010-06-17,2010-07-28,184,제주,0d7b8f1e7ca1054498102c876e9bab92c21ecf15d1bf2f43ed4ab764bf4a8910
2010,kma_asos:185,2010-06-17,2010-07-28,185,고산,0d7b8f1e7ca1054498102c876e9bab92c21ecf15d1bf2f43ed4ab764bf4a8910
2010,kma_asos:188,2010-06-17,2010-07-28,188,성산,0d7b8f1e7ca1054498102c876e9bab92c21ecf15d1bf2f43ed4ab764bf4a8910
2010,kma_asos:189,2010-06-17,2010-07-28,189,서귀포,0d7b8f1e7ca1054498102c876e9bab92c21ecf15d1bf2f43ed4ab764bf4a8910
2010,kma_asos:192,2010-06-18,2010-07-28,192,진주,0d7b8f1e7ca1054498102c876e9bab92c21ecf15d1bf2f43ed4ab764bf4a8910
2010,kma_asos:201,2010-06-26,2010-07-28,201,강화,0d7b8f1e7ca1054498102c876e9bab92c21ecf15d1bf2f43ed4ab764bf4a8910
2010,kma_asos:202,2010-06-26,2010-07-28,202,양평,0d7b8f1e7ca1054498102c876e9bab92c21ecf15d1bf2f43ed4ab764bf4a8910
2010,kma_asos:203,2010-06-26,2010-07-28,203,이천,0d7b8f1e7ca1054498102c876e9bab92c21ecf15d1bf2f43ed4ab764bf4a8910
2010,kma_asos:211,2010-06-26,2010-07-28,211,인제,0d7b8f1e7ca1054498102c876e9bab92c21ecf15d1bf2f43ed4ab764bf4a8910
2010,kma_asos:212,2010-06-26,2010-07-28,212,홍천,0d7b8f1e7ca1054498102c876e9bab92c21ecf15d1bf2f43ed4ab764bf4a8910
2010,kma_asos:216,2010-06-26,2010-07-28,216,태백,0d7b8f1e7ca1054498102c876e9bab92c21ecf15d1bf2f43ed4ab764bf4a8910
2010,kma_asos:221,2010-06-26,2010-07-28,221,제천,0d7b8f1e7ca1054498102c876e9bab92c21ecf15d1bf2f43ed4ab764bf4a8910
2010,kma_asos:226,2010-06-26,2010-07-28,226,보은,0d7b8f1e7ca1054498102c876e9bab92c21ecf15d1bf2f43ed4ab764bf4a8910
2010,kma_asos:232,2010-06-26,2010-07-28,232,천안,0d7b8f1e7ca1054498102c876e9bab92c21ecf15d1bf2f43ed4ab764bf4a8910
2010,kma_asos:235,2010-06-26,2010-07-28,235,보령,0d7b8f1e7ca1054498102c876e9bab92c21ecf15d1bf2f43ed4ab764bf4a8910
2010,kma_asos:236,2010-06-26,2010-07-28,236,부여,0d7b8f1e7ca1054498102c876e9bab92c21ecf15d1bf2f43ed4ab764bf4a8910
2010,kma_asos:238,2010-06-26,2010-07-28,238,금산,0d7b8f1e7ca1054498102c876e9bab92c21ecf15d1bf2f43ed4ab764bf4a8910
2010,kma_asos:243,2010-06-18,2010-07-28,243,부안,0d7b8f1e7ca1054498102c876e9bab92c21ecf15d1bf2f43ed4ab764bf4a8910
2010,kma_asos:244,2010-06-18,2010-07-28,244,임실,0d7b8f1e7ca1054498102c876e9bab92c21ecf15d1bf2f43ed4ab764bf4a8910
2010,kma_asos:245,2010-06-18,2010-07-28,245,정읍,0d7b8f1e7ca1054498102c876e9bab92c21ecf15d1bf2f43ed4ab764bf4a8910
2010,kma_asos:247,2010-06-18,2010-07-28,247,남원,0d7b8f1e7ca1054498102c876e9bab92c21ecf15d1bf2f43ed4ab764bf4a8910
2010,kma_asos:248,2010-06-18,2010-07-28,248,장수,0d7b8f1e7ca1054498102c876e9bab92c21ecf15d1bf2f43ed4ab764bf4a8910
2010,kma_asos:260,2010-06-18,2010-07-28,260,장흥,0d7b8f1e7ca1054498102c876e9bab92c21ecf15d1bf2f43ed4ab764bf4a8910
2010,kma_asos:261,2010-06-18,2010-07-28,261,해남,0d7b8f1e7ca1054498102c876e9bab92c21ecf15d1bf2f43ed4ab764bf4a8910
2010,kma_asos:262,2010-06-18,2010-07-28,262,고흥,0d7b8f1e7ca1054498102c876e9bab92c21ecf15d1bf2f43ed4ab764bf4a8910
2010,kma_asos:271,2010-06-18,2010-07-28,271,봉화,0d7b8f1e7ca1054498102c876e9bab92c21ecf15d1bf2f43ed4ab764bf4a8910
2010,kma_asos:272,2010-06-18,2010-07-28,272,영주,0d7b8f1e7ca1054498102c876e9bab92c21ecf15d1bf2f43ed4ab764bf4a8910
2010,kma_asos:273,2010-06-18,2010-07-28,273,문경,0d7b8f1e7ca1054498102c876e9bab92c21ecf15d1bf2f43ed4ab764bf4a8910
2010,kma_asos:277,2010-06-18,2010-07-28,277,영덕,0d7b8f1e7ca1054498102c876e9bab92c21ecf15d1bf2f43ed4ab764bf4a8910
2010,kma_asos:278,2010-06-18,2010-07-28,278,의성,0d7b8f1e7ca1054498102c876e9bab92c21ecf15d1bf2f43ed4ab764bf4a8910
2010,kma_asos:279,2010-06-18,2010-07-28,279,구미,0d7b8f1e7ca1054498102c876e9bab92c21ecf15d1bf2f43ed4ab764bf4a8910
2010,kma_asos:281,2010-06-18,2010-07-28,281,영천,0d7b8f1e7ca1054498102c876e9bab92c21ecf15d1bf2f43ed4ab764bf4a8910
2010,kma_asos:284,2010-06-18,2010-07-28,284,거창,0d7b8f1e7ca1054498102c876e9bab92c21ecf15d1bf2f43ed4ab764bf4a8910
2010,kma_asos:285,2010-06-18,2010-07-28,285,합천,0d7b8f1e7ca1054498102c876e9bab92c21ecf15d1bf2f43ed4ab764bf4a8910
2010,kma_asos:288,2010-06-18,2010-07-28,288,밀양,0d7b8f1e7ca1054498102c876e9bab92c21ecf15d1bf2f43ed4ab764bf4a8910
2010,kma_asos:289,2010-06-18,2010-07-28,289,산청,0d7b8f1e7ca1054498102c876e9bab92c21ecf15d1bf2f43ed4ab764bf4a8910
2010,kma_asos:294,2010-06-18,2010-07-28,294,거제,0d7b8f1e7ca1054498102c876e9bab92c21ecf15d1bf2f43ed4ab764bf4a8910
2010,kma_asos:295,2010-06-18,2010-07-28,295,남해,0d7b8f1e7ca1054498102c876e9bab92c21ecf15d1bf2f43ed4ab764bf4a8910
2011,kma_asos:90,2011-06-22,2011-07-17,90,속초,0d7b8f1e7ca1054498102c876e9bab92c21ecf15d1bf2f43ed4ab764bf4a8910
2011,kma_asos:95,2011-06-22,2011-07-17,95,철원,0d7b8f1e7ca1054498102c876e9bab92c21ecf15d1bf2f43ed4ab764bf4a8910
2011,kma_asos:100,2011-06-22,2011-07-17,100,대관령,0d7b8f1e7ca1054498102c876e9bab92c21ecf15d1bf2f43ed4ab764bf4a8910
2011,kma_asos:101,2011-06-22,2011-07-17,101,춘천,0d7b8f1e7ca1054498102c876e9bab92c21ecf15d1bf2f43ed4ab764bf4a8910
2011,kma_asos:105,2011-06-22,2011-07-17,105,강릉,0d7b8f1e7ca1054498102c876e9bab92c21ecf15d1bf2f43ed4ab764bf4a8910
2011,kma_asos:108,2011-06-22,2011-07-17,108,서울,0d7b8f1e7ca1054498102c876e9bab92c21ecf15d1bf2f43ed4ab764bf4a8910
2011,kma_asos:112,2011-06-22,2011-07-17,112,인천,0d7b8f1e7ca1054498102c876e9bab92c21ecf15d1bf2f43ed4ab764bf4a8910
2011,kma_asos:114,2011-06-22,2011-07-17,114,원주,0d7b8f1e7ca1054498102c876e9bab92c21ecf15d1bf2f43ed4ab764bf4a8910
2011,kma_asos:119,2011-06-22,2011-07-17,119,수원,0d7b8f1e7ca1054498102c876e9bab92c21ecf15d1bf2f43ed4ab764bf4a8910
2011,kma_asos:127,2011-06-22,2011-07-17,127,충주,0d7b8f1e7ca1054498102c876e9bab92c21ecf15d1bf2f43ed4ab764bf4a8910
2011,kma_asos:129,2011-06-22,2011-07-17,129,서산,0d7b8f1e7ca1054498102c876e9bab92c21ecf15d1bf2f43ed4ab764bf4a8910
2011,kma_asos:130,2011-06-10,2011-07-10,130,울진,0d7b8f1e7ca1054498102c876e9bab92c21ecf15d1bf2f43ed4ab764bf4a8910
2011,kma_asos:131,2011-06-22,2011-07-17,131,청주,0d7b8f1e7ca1054498102c876e9bab92c21ecf15d1bf2f43ed4ab764bf4a8910
2011,kma_asos:133,2011-06-22,2011-07-17,133,대전,0d7b8f1e7ca1054498102c876e9bab92c21ecf15d1bf2f43ed4ab764bf4a8910
2011,kma_asos:135,2011-06-22,2011-07-17,135,추풍령,0d7b8f1e7ca1054498102c876e9bab92c21ecf15d1bf2f43ed4ab764bf4a8910
2011,kma_asos:136,2011-06-10,2011-07-10,136,안동,0d7b8f1e7ca1054498102c876e9bab92c21ecf15d1bf2f43ed4ab764bf4a8910
2011,kma_asos:138,2011-06-10,2011-07-10,138,포항,0d7b8f1e7ca1054498102c876e9bab92c21ecf15d1bf2f43ed4ab764bf4a8910
2011,kma_asos:140,2011-06-10,2011-07-10,140,군산,0d7b8f1e7ca1054498102c876e9bab92c21ecf15d1bf2f43ed4ab764bf4a8910
2011,kma_asos:143,2011-06-10,2011-07-10,143,대구,0d7b8f1e7ca1054498102c876e9bab92c21ecf15d1bf2f43ed4ab764bf4a8910
2011,kma_asos:146,2011-06-10,2011-07-10,146,전주,0d7b8f1e7ca1054498102c876e9bab92c21ecf15d1bf2f43ed4ab764bf4a8910
2011,kma_asos:152,2011-06-10,2011-07-10,152,울산,0d7b8f1e7ca1054498102c876e9bab92c21ecf15d1bf2f43ed4ab764bf4a8910
2011,kma_asos:155,2011-06-10,2011-07-10,155,창원,0d7b8f1e7ca1054498102c876e9bab92c21ecf15d1bf2f43ed4ab764bf4a8910
2011,kma_asos:156,2011-06-10,2011-07-10,156,광주,0d7b8f1e7ca1054498102c876e9bab92c21ecf15d1bf2f43ed4ab764bf4a8910
2011,kma_asos:159,2011-06-10,2011-07-10,159,부산,0d7b8f1e7ca1054498102c876e9bab92c21ecf15d1bf2f43ed4ab764bf4a8910
2011,kma_asos:162,2011-06-10,2011-07-10,162,통영,0d7b8f1e7ca1054498102c876e9bab92c21ecf15d1bf2f43ed4ab764bf4a8910
2011,kma_asos:165,2011-06-10,2011-07-10,165,목포,0d7b8f1e7ca1054498102c876e9bab92c21ecf15d1bf2f43ed4ab764bf4a8910
2011,kma_asos:168,2011-06-10,2011-07-10,168,여수,0d7b8f1e7ca1054498102c876e9bab92c21ecf15d1bf2f43ed4ab764bf4a8910
2011,kma_asos:170,2011-06-10,2011-07-10,170,완도,0d7b8f1e7ca1054498102c876e9bab92c21ecf15d1bf2f43ed4ab764bf4a8910
2011,kma_asos:184,2011-06-10,2011-07-10,184,제주,0d7b8f1e7ca1054498102c876e9bab92c21ecf15d1bf2f43ed4ab764bf4a8910
2011,kma_asos:185,2011-06-10,2011-07-10,185,고산,0d7b8f1e7ca1054498102c876e9bab92c21ecf15d1bf2f43ed4ab764bf4a8910
2011,kma_asos:188,2011-06-10,2011-07-10,188,성산,0d7b8f1e7ca1054498102c876e9bab92c21ecf15d1bf2f43ed4ab764bf4a8910
2011,kma_asos:189,2011-06-10,2011-07-10,189,서귀포,0d7b8f1e7ca1054498102c876e9bab92c21ecf15d1bf2f43ed4ab764bf4a8910
2011,kma_asos:192,2011-06-10,2011-07-10,192,진주,0d7b8f1e7ca1054498102c876e9bab92c21ecf15d1bf2f43ed4ab764bf4a8910
2011,kma_asos:201,2011-06-22,2011-07-17,201,강화,0d7b8f1e7ca1054498102c876e9bab92c21ecf15d1bf2f43ed4ab764bf4a8910
2011,kma_asos:202,2011-06-22,2011-07-17,202,양평,0d7b8f1e7ca1054498102c876e9bab92c21ecf15d1bf2f43ed4ab764bf4a8910
2011,kma_asos:203,2011-06-22,2011-07-17,203,이천,0d7b8f1e7ca1054498102c876e9bab92c21ecf15d1bf2f43ed4ab764bf4a8910
2011,kma_asos:211,2011-06-22,2011-07-17,211,인제,0d7b8f1e7ca1054498102c876e9bab92c21ecf15d1bf2f43ed4ab764bf4a8910
2011,kma_asos:212,2011-06-22,2011-07-17,212,홍천,0d7b8f1e7ca1054498102c876e9bab92c21ecf15d1bf2f43ed4ab764bf4a8910
2011,kma_asos:216,2011-06-22,2011-07-17,216,태백,0d7b8f1e7ca1054498102c876e9bab92c21ecf15d1bf2f43ed4ab764bf4a8910
2011,kma_asos:221,2011-06-22,2011-07-17,221,제천,0d7b8f1e7ca1054498102c876e9bab92c21ecf15d1bf2f43ed4ab764bf4a8910
2011,kma_asos:226,2011-06-22,2011-07-17,226,보은,0d7b8f1e7ca1054498102c876e9bab92c21ecf15d1bf2f43ed4ab764bf4a8910
2011,kma_asos:232,2011-06-22,2011-07-17,232,천안,0d7b8f1e7ca1054498102c876e9bab92c21ecf15d1bf2f43ed4ab764bf4a8910
2011,kma_asos:235,2011-06-22,2011-07-17,235,보령,0d7b8f1e7ca1054498102c876e9bab92c21ecf15d1bf2f43ed4ab764bf4a8910
2011,kma_asos:236,2011-06-22,2011-07-17,236,부여,0d7b8f1e7ca1054498102c876e9bab92c21ecf15d1bf2f43ed4ab764bf4a8910
2011,kma_asos:238,2011-06-22,2011-07-17,238,금산,0d7b8f1e7ca1054498102c876e9bab92c21ecf15d1bf2f43ed4ab764bf4a8910
2011,kma_asos:243,2011-06-10,2011-07-10,243,부안,0d7b8f1e7ca1054498102c876e9bab92c21ecf15d1bf2f43ed4ab764bf4a8910
2011,kma_asos:244,2011-06-10,2011-07-10,244,임실,0d7b8f1e7ca1054498102c876e9bab92c21ecf15d1bf2f43ed4ab764bf4a8910
2011,kma_asos:245,2011-06-10,2011-07-10,245,정읍,0d7b8f1e7ca1054498102c876e9bab92c21ecf15d1bf2f43ed4ab764bf4a8910
2011,kma_asos:247,2011-06-10,2011-07-10,247,남원,0d7b8f1e7ca1054498102c876e9bab92c21ecf15d1bf2f43ed4ab764bf4a8910
2011,kma_asos:248,2011-06-10,2011-07-10,248,장수,0d7b8f1e7ca1054498102c876e9bab92c21ecf15d1bf2f43ed4ab764bf4a8910
2011,kma_asos:260,2011-06-10,2011-07-10,260,장흥,0d7b8f1e7ca1054498102c876e9bab92c21ecf15d1bf2f43ed4ab764bf4a8910
2011,kma_asos:261,2011-06-10,2011-07-10,261,해남,0d7b8f1e7ca1054498102c876e9bab92c21ecf15d1bf2f43ed4ab764bf4a8910
2011,kma_asos:262,2011-06-10,2011-07-10,262,고흥,0d7b8f1e7ca1054498102c876e9bab92c21ecf15d1bf2f43ed4ab764bf4a8910
2011,kma_asos:271,2011-06-10,2011-07-10,271,봉화,0d7b8f1e7ca1054498102c876e9bab92c21ecf15d1bf2f43ed4ab764bf4a8910
2011,kma_asos:272,2011-06-10,2011-07-10,272,영주,0d7b8f1e7ca1054498102c876e9bab92c21ecf15d1bf2f43ed4ab764bf4a8910
2011,kma_asos:273,2011-06-10,2011-07-10,273,문경,0d7b8f1e7ca1054498102c876e9bab92c21ecf15d1bf2f43ed4ab764bf4a8910
2011,kma_asos:277,2011-06-10,2011-07-10,277,영덕,0d7b8f1e7ca1054498102c876e9bab92c21ecf15d1bf2f43ed4ab764bf4a8910
2011,kma_asos:278,2011-06-10,2011-07-10,278,의성,0d7b8f1e7ca1054498102c876e9bab92c21ecf15d1bf2f43ed4ab764bf4a8910
2011,kma_asos:279,2011-06-10,2011-07-10,279,구미,0d7b8f1e7ca1054498102c876e9bab92c21ecf15d1bf2f43ed4ab764bf4a8910
2011,kma_asos:281,2011-06-10,2011-07-10,281,영천,0d7b8f1e7ca1054498102c876e9bab92c21ecf15d1bf2f43ed4ab764bf4a8910
2011,kma_asos:284,2011-06-10,2011-07-10,284,거창,0d7b8f1e7ca1054498102c876e9bab92c21ecf15d1bf2f43ed4ab764bf4a8910
2011,kma_asos:285,2011-06-10,2011-07-10,285,합천,0d7b8f1e7ca1054498102c876e9bab92c21ecf15d1bf2f43ed4ab764bf4a8910
2011,kma_asos:288,2011-06-10,2011-07-10,288,밀양,0d7b8f1e7ca1054498102c876e9bab92c21ecf15d1bf2f43ed4ab764bf4a8910
2011,kma_asos:289,2011-06-10,2011-07-10,289,산청,0d7b8f1e7ca1054498102c876e9bab92c21ecf15d1bf2f43ed4ab764bf4a8910
2011,kma_asos:294,2011-06-10,2011-07-10,294,거제,0d7b8f1e7ca1054498102c876e9bab92c21ecf15d1bf2f43ed4ab764bf4a8910
2011,kma_asos:295,2011-06-10,2011-07-10,295,남해,0d7b8f1e7ca1054498102c876e9bab92c21ecf15d1bf2f43ed4ab764bf4a8910
2012,kma_asos:90,2012-06-29,2012-07-17,90,속초,0d7b8f1e7ca1054498102c876e9bab92c21ecf15d1bf2f43ed4ab764bf4a8910
2012,kma_asos:95,2012-06-29,2012-07-17,95,철원,0d7b8f1e7ca1054498102c876e9bab92c21ecf15d1bf2f43ed4ab764bf4a8910
2012,kma_asos:100,2012-06-29,2012-07-17,100,대관령,0d7b8f1e7ca1054498102c876e9bab92c21ecf15d1bf2f43ed4ab764bf4a8910
2012,kma_asos:101,2012-06-29,2012-07-17,101,춘천,0d7b8f1e7ca1054498102c876e9bab92c21ecf15d1bf2f43ed4ab764bf4a8910
2012,kma_asos:105,2012-06-29,2012-07-17,105,강릉,0d7b8f1e7ca1054498102c876e9bab92c21ecf15d1bf2f43ed4ab764bf4a8910
2012,kma_asos:108,2012-06-29,2012-07-17,108,서울,0d7b8f1e7ca1054498102c876e9bab92c21ecf15d1bf2f43ed4ab764bf4a8910
2012,kma_asos:112,2012-06-29,2012-07-17,112,인천,0d7b8f1e7ca1054498102c876e9bab92c21ecf15d1bf2f43ed4ab764bf4a8910
2012,kma_asos:114,2012-06-29,2012-07-17,114,원주,0d7b8f1e7ca1054498102c876e9bab92c21ecf15d1bf2f43ed4ab764bf4a8910
2012,kma_asos:119,2012-06-29,2012-07-17,119,수원,0d7b8f1e7ca1054498102c876e9bab92c21ecf15d1bf2f43ed4ab764bf4a8910
2012,kma_asos:127,2012-06-29,2012-07-17,127,충주,0d7b8f1e7ca1054498102c876e9bab92c21ecf15d1bf2f43ed4ab764bf4a8910
2012,kma_asos:129,2012-06-29,2012-07-17,129,서산,0d7b8f1e7ca1054498102c876e9bab92c21ecf15d1bf2f43ed4ab764bf4a8910
2012,kma_asos:130,2012-06-18,2012-07-17,130,울진,0d7b8f1e7ca1054498102c876e9bab92c21ecf15d1bf2f43ed4ab764bf4a8910
2012,kma_asos:131,2012-06-29,2012-07-17,131,청주,0d7b8f1e7ca1054498102c876e9bab92c21ecf15d1bf2f43ed4ab764bf4a8910
2012,kma_asos:133,2012-06-29,2012-07-17,133,대전,0d7b8f1e7ca1054498102c876e9bab92c21ecf15d1bf2f43ed4ab764bf4a8910
2012,kma_asos:135,2012-06-29,2012-07-17,135,추풍령,0d7b8f1e7ca1054498102c876e9bab92c21ecf15d1bf2f43ed4ab764bf4a8910
2012,kma_asos:136,2012-06-18,2012-07-17,136,안동,0d7b8f1e7ca1054498102c876e9bab92c21ecf15d1bf2f43ed4ab764bf4a8910
2012,kma_asos:138,2012-06-18,2012-07-17,138,포항,0d7b8f1e7ca1054498102c876e9bab92c21ecf15d1bf2f43ed4ab764bf4a8910
2012,kma_asos:140,2012-06-18,2012-07-17,140,군산,0d7b8f1e7ca1054498102c876e9bab92c21ecf15d1bf2f43ed4ab764bf4a8910
2012,kma_asos:143,2012-06-18,2012-07-17,143,대구,0d7b8f1e7ca1054498102c876e9bab92c21ecf15d1bf2f43ed4ab764bf4a8910
2012,kma_asos:146,2012-06-18,2012-07-17,146,전주,0d7b8f1e7ca1054498102c876e9bab92c21ecf15d1bf2f43ed4ab764bf4a8910
2012,kma_asos:152,2012-06-18,2012-07-17,152,울산,0d7b8f1e7ca1054498102c876e9bab92c21ecf15d1bf2f43ed4ab764bf4a8910
2012,kma_asos:155,2012-06-18,2012-07-17,155,창원,0d7b8f1e7ca1054498102c876e9bab92c21ecf15d1bf2f43ed4ab764bf4a8910
2012,kma_asos:156,2012-06-18,2012-07-17,156,광주,0d7b8f1e7ca1054498102c876e9bab92c21ecf15d1bf2f43ed4ab764bf4a8910
2012,kma_asos:159,2012-06-18,2012-07-17,159,부산,0d7b8f1e7ca1054498102c876e9bab92c21ecf15d1bf2f43ed4ab764bf4a8910
2012,kma_asos:162,2012-06-18,2012-07-17,162,통영,0d7b8f1e7ca1054498102c876e9bab92c21ecf15d1bf2f43ed4ab764bf4a8910
2012,kma_asos:165,2012-06-18,2012-07-17,165,목포,0d7b8f1e7ca1054498102c876e9bab92c21ecf15d1bf2f43ed4ab764bf4a8910
2012,kma_asos:168,2012-06-18,2012-07-17,168,여수,0d7b8f1e7ca1054498102c876e9bab92c21ecf15d1bf2f43ed4ab764bf4a8910
2012,kma_asos:170,2012-06-18,2012-07-17,170,완도,0d7b8f1e7ca1054498102c876e9bab92c21ecf15d1bf2f43ed4ab764bf4a8910
2012,kma_asos:184,2012-06-18,2012-07-17,184,제주,0d7b8f1e7ca1054498102c876e9bab92c21ecf15d1bf2f43ed4ab764bf4a8910
2012,kma_asos:185,2012-06-18,2012-07-17,185,고산,0d7b8f1e7ca1054498102c876e9bab92c21ecf15d1bf2f43ed4ab764bf4a8910
2012,kma_asos:188,2012-06-18,2012-07-17,188,성산,0d7b8f1e7ca1054498102c876e9bab92c21ecf15d1bf2f43ed4ab764bf4a8910
2012,kma_asos:189,2012-06-18,2012-07-17,189,서귀포,0d7b8f1e7ca1054498102c876e9bab92c21ecf15d1bf2f43ed4ab764bf4a8910
2012,kma_asos:192,2012-06-18,2012-07-17,192,진주,0d7b8f1e7ca1054498102c876e9bab92c21ecf15d1bf2f43ed4ab764bf4a8910
2012,kma_asos:201,2012-06-29,2012-07-17,201,강화,0d7b8f1e7ca1054498102c876e9bab92c21ecf15d1bf2f43ed4ab764bf4a8910
2012,kma_asos:202,2012-06-29,2012-07-17,202,양평,0d7b8f1e7ca1054498102c876e9bab92c21ecf15d1bf2f43ed4ab764bf4a8910
2012,kma_asos:203,2012-06-29,2012-07-17,203,이천,0d7b8f1e7ca1054498102c876e9bab92c21ecf15d1bf2f43ed4ab764bf4a8910
2012,kma_asos:211,2012-06-29,2012-07-17,211,인제,0d7b8f1e7ca1054498102c876e9bab92c21ecf15d1bf2f43ed4ab764bf4a8910
2012,kma_asos:212,2012-06-29,2012-07-17,212,홍천,0d7b8f1e7ca1054498102c876e9bab92c21ecf15d1bf2f43ed4ab764bf4a8910
2012,kma_asos:216,2012-06-29,2012-07-17,216,태백,0d7b8f1e7ca1054498102c876e9bab92c21ecf15d1bf2f43ed4ab764bf4a8910
2012,kma_asos:221,2012-06-29,2012-07-17,221,제천,0d7b8f1e7ca1054498102c876e9bab92c21ecf15d1bf2f43ed4ab764bf4a8910
2012,kma_asos:226,2012-06-29,2012-07-17,226,보은,0d7b8f1e7ca1054498102c876e9bab92c21ecf15d1bf2f43ed4ab764bf4a8910
2012,kma_asos:232,2012-06-29,2012-07-17,232,천안,0d7b8f1e7ca1054498102c876e9bab92c21ecf15d1bf2f43ed4ab764bf4a8910
2012,kma_asos:235,2012-06-29,2012-07-17,235,보령,0d7b8f1e7ca1054498102c876e9bab92c21ecf15d1bf2f43ed4ab764bf4a8910
2012,kma_asos:236,2012-06-29,2012-07-17,236,부여,0d7b8f1e7ca1054498102c876e9bab92c21ecf15d1bf2f43ed4ab764bf4a8910
2012,kma_asos:238,2012-06-29,2012-07-17,238,금산,0d7b8f1e7ca1054498102c876e9bab92c21ecf15d1bf2f43ed4ab764bf4a8910
2012,kma_asos:243,2012-06-18,2012-07-17,243,부안,0d7b8f1e7ca1054498102c876e9bab92c21ecf15d1bf2f43ed4ab764bf4a8910
2012,kma_asos:244,2012-06-18,2012-07-17,244,임실,0d7b8f1e7ca1054498102c876e9bab92c21ecf15d1bf2f43ed4ab764bf4a8910
2012,kma_asos:245,2012-06-18,2012-07-17,245,정읍,0d7b8f1e7ca1054498102c876e9bab92c21ecf15d1bf2f43ed4ab764bf4a8910
2012,kma_asos:247,2012-06-18,2012-07-17,247,남원,0d7b8f1e7ca1054498102c876e9bab92c21ecf15d1bf2f43ed4ab764bf4a8910
2012,kma_asos:248,2012-06-18,2012-07-17,248,장수,0d7b8f1e7ca1054498102c876e9bab92c21ecf15d1bf2f43ed4ab764bf4a8910
2012,kma_asos:260,2012-06-18,2012-07-17,260,장흥,0d7b8f1e7ca1054498102c876e9bab92c21ecf15d1bf2f43ed4ab764bf4a8910
2012,kma_asos:261,2012-06-18,2012-07-17,261,해남,0d7b8f1e7ca1054498102c876e9bab92c21ecf15d1bf2f43ed4ab764bf4a8910
2012,kma_asos:262,2012-06-18,2012-07-17,262,고흥,0d7b8f1e7ca1054498102c876e9bab92c21ecf15d1bf2f43ed4ab764bf4a8910
2012,kma_asos:271,2012-06-18,2012-07-17,271,봉화,0d7b8f1e7ca1054498102c876e9bab92c21ecf15d1bf2f43ed4ab764bf4a8910
2012,kma_asos:272,2012-06-18,2012-07-17,272,영주,0d7b8f1e7ca1054498102c876e9bab92c21ecf15d1bf2f43ed4ab764bf4a8910
2012,kma_asos:273,2012-06-18,2012-07-17,273,문경,0d7b8f1e7ca1054498102c876e9bab92c21ecf15d1bf2f43ed4ab764bf4a8910
2012,kma_asos:277,2012-06-18,2012-07-17,277,영덕,0d7b8f1e7ca1054498102c876e9bab92c21ecf15d1bf2f43ed4ab764bf4a8910
2012,kma_asos:278,2012-06-18,2012-07-17,278,의성,0d7b8f1e7ca1054498102c876e9bab92c21ecf15d1bf2f43ed4ab764bf4a8910
2012,kma_asos:279,2012-06-18,2012-07-17,279,구미,0d7b8f1e7ca1054498102c876e9bab92c21ecf15d1bf2f43ed4ab764bf4a8910
2012,kma_asos:281,2012-06-18,2012-07-17,281,영천,0d7b8f1e7ca1054498102c876e9bab92c21ecf15d1bf2f43ed4ab764bf4a8910
2012,kma_asos:284,2012-06-18,2012-07-17,284,거창,0d7b8f1e7ca1054498102c876e9bab92c21ecf15d1bf2f43ed4ab764bf4a8910
2012,kma_asos:285,2012-06-18,2012-07-17,285,합천,0d7b8f1e7ca1054498102c876e9bab92c21ecf15d1bf2f43ed4ab764bf4a8910
2012,kma_asos:288,2012-06-18,2012-07-17,288,밀양,0d7b8f1e7ca1054498102c876e9bab92c21ecf15d1bf2f43ed4ab764bf4a8910
2012,kma_asos:289,2012-06-18,2012-07-17,289,산청,0d7b8f1e7ca1054498102c876e9bab92c21ecf15d1bf2f43ed4ab764bf4a8910
2012,kma_asos:294,2012-06-18,2012-07-17,294,거제,0d7b8f1e7ca1054498102c876e9bab92c21ecf15d1bf2f43ed4ab764bf4a8910
2012,kma_asos:295,2012-06-18,2012-07-17,295,남해,0d7b8f1e7ca1054498102c876e9bab92c21ecf15d1bf2f43ed4ab764bf4a8910
2013,kma_asos:90,2013-06-17,2013-08-04,90,속초,0d7b8f1e7ca1054498102c876e9bab92c21ecf15d1bf2f43ed4ab764bf4a8910
2013,kma_asos:95,2013-06-17,2013-08-04,95,철원,0d7b8f1e7ca1054498102c876e9bab92c21ecf15d1bf2f43ed4ab764bf4a8910
2013,kma_asos:100,2013-06-17,2013-08-04,100,대관령,0d7b8f1e7ca1054498102c876e9bab92c21ecf15d1bf2f43ed4ab764bf4a8910
2013,kma_asos:101,2013-06-17,2013-08-04,101,춘천,0d7b8f1e7ca1054498102c876e9bab92c21ecf15d1bf2f43ed4ab764bf4a8910
2013,kma_asos:105,2013-06-17,2013-08-04,105,강릉,0d7b8f1e7ca1054498102c876e9bab92c21ecf15d1bf2f43ed4ab764bf4a8910
2013,kma_asos:108,2013-06-17,2013-08-04,108,서울,0d7b8f1e7ca1054498102c876e9bab92c21ecf15d1bf2f43ed4ab764bf4a8910
2013,kma_asos:112,2013-06-17,2013-08-04,112,인천,0d7b8f1e7ca1054498102c876e9bab92c21ecf15d1bf2f43ed4ab764bf4a8910
2013,kma_asos:114,2013-06-17,2013-08-04,114,원주,0d7b8f1e7ca1054498102c876e9bab92c21ecf15d1bf2f43ed4ab764bf4a8910
2013,kma_asos:119,2013-06-17,2013-08-04,119,수원,0d7b8f1e7ca1054498102c876e9bab92c21ecf15d1bf2f43ed4ab764bf4a8910
2013,kma_asos:127,2013-06-17,2013-08-04,127,충주,0d7b8f1e7ca1054498102c876e9bab92c21ecf15d1bf2f43ed4ab764bf4a8910
2013,kma_asos:129,2013-06-17,2013-08-04,129,서산,0d7b8f1e7ca1054498102c876e9bab92c21ecf15d1bf2f43ed4ab764bf4a8910
2013,kma_asos:130,2013-06-18,2013-08-02,130,울진,0d7b8f1e7ca1054498102c876e9bab92c21ecf15d1bf2f43ed4ab764bf4a8910
2013,kma_asos:131,2013-06-17,2013-08-04,131,청주,0d7b8f1e7ca1054498102c876e9bab92c21ecf15d1bf2f43ed4ab764bf4a8910
2013,kma_asos:133,2013-06-17,2013-08-04,133,대전,0d7b8f1e7ca1054498102c876e9bab92c21ecf15d1bf2f43ed4ab764bf4a8910
2013,kma_asos:135,2013-06-17,2013-08-04,135,추풍령,0d7b8f1e7ca1054498102c876e9bab92c21ecf15d1bf2f43ed4ab764bf4a8910
2013,kma_asos:136,2013-06-18,2013-08-02,136,안동,0d7b8f1e7ca1054498102c876e9bab92c21ecf15d1bf2f43ed4ab764bf4a8910
2013,kma_asos:138,2013-06-18,2013-08-02,138,포항,0d7b8f1e7ca1054498102c876e9bab92c21ecf15d1bf2f43ed4ab764bf4a8910
2013,kma_asos:140,2013-06-18,2013-08-02,140,군산,0d7b8f1e7ca1054498102c876e9bab92c21ecf15d1bf2f43ed4ab764bf4a8910
2013,kma_asos:143,2013-06-18,2013-08-02,143,대구,0d7b8f1e7ca1054498102c876e9bab92c21ecf15d1bf2f43ed4ab764bf4a8910
2013,kma_asos:146,2013-06-18,2013-08-02,146,전주,0d7b8f1e7ca1054498102c876e9bab92c21ecf15d1bf2f43ed4ab764bf4a8910
2013,kma_asos:152,2013-06-18,2013-08-02,152,울산,0d7b8f1e7ca1054498102c876e9bab92c21ecf15d1bf2f43ed4ab764bf4a8910
2013,kma_asos:155,2013-06-18,2013-08-02,155,창원,0d7b8f1e7ca1054498102c876e9bab92c21ecf15d1bf2f43ed4ab764bf4a8910
2013,kma_asos:156,2013-06-18,2013-08-02,156,광주,0d7b8f1e7ca1054498102c876e9bab92c21ecf15d1bf2f43ed4ab764bf4a8910
2013,kma_asos:159,2013-06-18,2013-08-02,159,부산,0d7b8f1e7ca1054498102c876e9bab92c21ecf15d1bf2f43ed4ab764bf4a8910
2013,kma_asos:162,2013-06-18,2013-08-02,162,통영,0d7b8f1e7ca1054498102c876e9bab92c21ecf15d1bf2f43ed4ab764bf4a8910
2013,kma_asos:165,2013-06-18,2013-08-02,165,목포,0d7b8f1e7ca1054498102c876e9bab92c21ecf15d1bf2f43ed4ab764bf4a8910
2013,kma_asos:168,2013-06-18,2013-08-02,168,여수,0d7b8f1e7ca1054498102c876e9bab92c21ecf15d1bf2f43ed4ab764bf4a8910
2013,kma_asos:170,2013-06-18,2013-08-02,170,완도,0d7b8f1e7ca1054498102c876e9bab92c21ecf15d1bf2f43ed4ab764bf4a8910
2013,kma_asos:184,2013-06-18,2013-07-26,184,제주,0d7b8f1e7ca1054498102c876e9bab92c21ecf15d1bf2f43ed4ab764bf4a8910
2013,kma_asos:185,2013-06-18,2013-07-26,185,고산,0d7b8f1e7ca1054498102c876e9bab92c21ecf15d1bf2f43ed4ab764bf4a8910
2013,kma_asos:188,2013-06-18,2013-07-26,188,성산,0d7b8f1e7ca1054498102c876e9bab92c21ecf15d1bf2f43ed4ab764bf4a8910
2013,kma_asos:189,2013-06-18,2013-07-26,189,서귀포,0d7b8f1e7ca1054498102c876e9bab92c21ecf15d1bf2f43ed4ab764bf4a8910
2013,kma_asos:192,2013-06-18,2013-08-02,192,진주,0d7b8f1e7ca1054498102c876e9bab92c21ecf15d1bf2f43ed4ab764bf4a8910
2013,kma_asos:201,2013-06-17,2013-08-04,201,강화,0d7b8f1e7ca1054498102c876e9bab92c21ecf15d1bf2f43ed4ab764bf4a8910
2013,kma_asos:202,2013-06-17,2013-08-04,202,양평,0d7b8f1e7ca1054498102c876e9bab92c21ecf15d1bf2f43ed4ab764bf4a8910
2013,kma_asos:203,2013-06-17,2013-08-04,203,이천,0d7b8f1e7ca1054498102c876e9bab92c21ecf15d1bf2f43ed4ab764bf4a8910
2013,kma_asos:211,2013-06-17,2013-08-04,211,인제,0d7b8f1e7ca1054498102c876e9bab92c21ecf15d1bf2f43ed4ab764bf4a8910
2013,kma_asos:212,2013-06-17,2013-08-04,212,홍천,0d7b8f1e7ca1054498102c876e9bab92c21ecf15d1bf2f43ed4ab764bf4a8910
2013,kma_asos:216,2013-06-17,2013-08-04,216,태백,0d7b8f1e7ca1054498102c876e9bab92c21ecf15d1bf2f43ed4ab764bf4a8910
2013,kma_asos:221,2013-06-17,2013-08-04,221,제천,0d7b8f1e7ca1054498102c876e9bab92c21ecf15d1bf2f43ed4ab764bf4a8910
2013,kma_asos:226,2013-06-17,2013-08-04,226,보은,0d7b8f1e7ca1054498102c876e9bab92c21ecf15d1bf2f43ed4ab764bf4a8910
2013,kma_asos:232,2013-06-17,2013-08-04,232,천안,0d7b8f1e7ca1054498102c876e9bab92c21ecf15d1bf2f43ed4ab764bf4a8910
2013,kma_asos:235,2013-06-17,2013-08-04,235,보령,0d7b8f1e7ca1054498102c876e9bab92c21ecf15d1bf2f43ed4ab764bf4a8910
2013,kma_asos:236,2013-06-17,2013-08-04,236,부여,0d7b8f1e7ca1054498102c876e9bab92c21ecf15d1bf2f43ed4ab764bf4a8910
2013,kma_asos:238,2013-06-17,2013-08-04,238,금산,0d7b8f1e7ca1054498102c876e9bab92c21ecf15d1bf2f43ed4ab764bf4a8910
2013,kma_asos:243,2013-06-18,2013-08-02,243,부안,0d7b8f1e7ca1054498102c876e9bab92c21ecf15d1bf2f43ed4ab764bf4a8910
2013,kma_asos:244,2013-06-18,2013-08-02,244,임실,0d7b8f1e7ca1054498102c876e9bab92c21ecf15d1bf2f43ed4ab764bf4a8910
2013,kma_asos:245,2013-06-18,2013-08-02,245,정읍,0d7b8f1e7ca1054498102c876e9bab92c21ecf15d1bf2f43ed4ab764bf4a8910
2013,kma_asos:247,2013-06-18,2013-08-02,247,남원,0d7b8f1e7ca1054498102c876e9bab92c21ecf15d1bf2f43ed4ab764bf4a8910
2013,kma_asos:248,2013-06-18,2013-08-02,248,장수,0d7b8f1e7ca1054498102c876e9bab92c21ecf15d1bf2f43ed4ab764bf4a8910
2013,kma_asos:260,2013-06-18,2013-08-02,260,장흥,0d7b8f1e7ca1054498102c876e9bab92c21ecf15d1bf2f43ed4ab764bf4a8910
2013,kma_asos:261,2013-06-18,2013-08-02,261,해남,0d7b8f1e7ca1054498102c876e9bab92c21ecf15d1bf2f43ed4ab764bf4a8910
2013,kma_asos:262,2013-06-18,2013-08-02,262,고흥,0d7b8f1e7ca1054498102c876e9bab92c21ecf15d1bf2f43ed4ab764bf4a8910
2013,kma_asos:271,2013-06-18,2013-08-02,271,봉화,0d7b8f1e7ca1054498102c876e9bab92c21ecf15d1bf2f43ed4ab764bf4a8910
2013,kma_asos:272,2013-06-18,2013-08-02,272,영주,0d7b8f1e7ca1054498102c876e9bab92c21ecf15d1bf2f43ed4ab764bf4a8910
2013,kma_asos:273,2013-06-18,2013-08-02,273,문경,0d7b8f1e7ca1054498102c876e9bab92c21ecf15d1bf2f43ed4ab764bf4a8910
2013,kma_asos:277,2013-06-18,2013-08-02,277,영덕,0d7b8f1e7ca1054498102c876e9bab92c21ecf15d1bf2f43ed4ab764bf4a8910
2013,kma_asos:278,2013-06-18,2013-08-02,278,의성,0d7b8f1e7ca1054498102c876e9bab92c21ecf15d1bf2f43ed4ab764bf4a8910
2013,kma_asos:279,2013-06-18,2013-08-02,279,구미,0d7b8f1e7ca1054498102c876e9bab92c21ecf15d1bf2f43ed4ab764bf4a8910
2013,kma_asos:281,2013-06-18,2013-08-02,281,영천,0d7b8f1e7ca1054498102c876e9bab92c21ecf15d1bf2f43ed4ab764bf4a8910
2013,kma_asos:284,2013-06-18,2013-08-02,284,거창,0d7b8f1e7ca1054498102c876e9bab92c21ecf15d1bf2f43ed4ab764bf4a8910
2013,kma_asos:285,2013-06-18,2013-08-02,285,합천,0d7b8f1e7ca1054498102c876e9bab92c21ecf15d1bf2f43ed4ab764bf4a8910
2013,kma_asos:288,2013-06-18,2013-08-02,288,밀양,0d7b8f1e7ca1054498102c876e9bab92c21ecf15d1bf2f43ed4ab764bf4a8910
2013,kma_asos:289,2013-06-18,2013-08-02,289,산청,0d7b8f1e7ca1054498102c876e9bab92c21ecf15d1bf2f43ed4ab764bf4a8910
2013,kma_asos:294,2013-06-18,2013-08-02,294,거제,0d7b8f1e7ca1054498102c876e9bab92c21ecf15d1bf2f43ed4ab764bf4a8910
2013,kma_asos:295,2013-06-18,2013-08-02,295,남해,0d7b8f1e7ca1054498102c876e9bab92c21ecf15d1bf2f43ed4ab764bf4a8910
2014,kma_asos:90,2014-07-02,2014-07-29,90,속초,0d7b8f1e7ca1054498102c876e9bab92c21ecf15d1bf2f43ed4ab764bf4a8910
2014,kma_asos:95,2014-07-02,2014-07-29,95,철원,0d7b8f1e7ca1054498102c876e9bab92c21ecf15d1bf2f43ed4ab764bf4a8910
2014,kma_asos:100,2014-07-02,2014-07-29,100,대관령,0d7b8f1e7ca1054498102c876e9bab92c21ecf15d1bf2f43ed4ab764bf4a8910
2014,kma_asos:101,2014-07-02,2014-07-29,101,춘천,0d7b8f1e7ca1054498102c876e9bab92c21ecf15d1bf2f43ed4ab764bf4a8910
2014,kma_asos:105,2014-07-02,2014-07-29,105,강릉,0d7b8f1e7ca1054498102c876e9bab92c21ecf15d1bf2f43ed4ab764bf4a8910
2014,kma_asos:108,2014-07-02,2014-07-29,108,서울,0d7b8f1e7ca1054498102c876e9bab92c21ecf15d1bf2f43ed4ab764bf4a8910
2014,kma_asos:112,2014-07-02,2014-07-29,112,인천,0d7b8f1e7ca1054498102c876e9bab92c21ecf15d1bf2f43ed4ab764bf4a8910
2014,kma_asos:114,2014-07-02,2014-07-29,114,원주,0d7b8f1e7ca1054498102c876e9bab92c21ecf15d1bf2f43ed4ab764bf4a8910
2014,kma_asos:119,2014-07-02,2014-07-29,119,수원,0d7b8f1e7ca1054498102c876e9bab92c21ecf15d1bf2f43ed4ab764bf4a8910
2014,kma_asos:127,2014-07-02,2014-07-29,127,충주,0d7b8f1e7ca1054498102c876e9bab92c21ecf15d1bf2f43ed4ab764bf4a8910
2014,kma_asos:129,2014-07-02,2014-07-29,129,서산,0d7b8f1e7ca1054498102c876e9bab92c21ecf15d1bf2f43ed4ab764bf4a8910
2014,kma_asos:130,2014-07-02,2014-07-29,130,울진,0d7b8f1e7ca1054498102c876e9bab92c21ecf15d1bf2f43ed4ab764bf4a8910
2014,kma_asos:131,2014-07-02,2014-07-29,131,청주,0d7b8f1e7ca1054498102c876e9bab92c21ecf15d1bf2f43ed4ab764bf4a8910
2014,kma_asos:133,2014-07-02,2014-07-29,133,대전,0d7b8f1e7ca1054498102c876e9bab92c21ecf15d1bf2f43ed4ab764bf4a8910
2014,kma_asos:135,2014-07-02,2014-07-29,135,추풍령,0d7b8f1e7ca1054498102c876e9bab92c21ecf15d1bf2f43ed4ab764bf4a8910
2014,kma_asos:136,2014-07-02,2014-07-29,136,안동,0d7b8f1e7ca1054498102c876e9bab92c21ecf15d1bf2f43ed4ab764bf4a8910
2014,kma_asos:138,2014-07-02,2014-07-29,138,포항,0d7b8f1e7ca1054498102c876e9bab92c21ecf15d1bf2f43ed4ab764bf4a8910
2014,kma_asos:140,2014-07-02,2014-07-29,140,군산,0d7b8f1e7ca1054498102c876e9bab92c21ecf15d1bf2f43ed4ab764bf4a8910
2014,kma_asos:143,2014-07-02,2014-07-29,143,대구,0d7b8f1e7ca1054498102c876e9bab92c21ecf15d1bf2f43ed4ab764bf4a8910
2014,kma_asos:146,2014-07-02,2014-07-29,146,전주,0d7b8f1e7ca1054498102c876e9bab92c21ecf15d1bf2f43ed4ab764bf4a8910
2014,kma_asos:152,2014-07-02,2014-07-29,152,울산,0d7b8f1e7ca1054498102c876e9bab92c21ecf15d1bf2f43ed4ab764bf4a8910
2014,kma_asos:155,2014-07-02,2014-07-29,155,창원,0d7b8f1e7ca1054498102c876e9bab92c21ecf15d1bf2f43ed4ab764bf4a8910
2014,kma_asos:156,2014-07-02,2014-07-29,156,광주,0d7b8f1e7ca1054498102c876e9bab92c21ecf15d1bf2f43ed4ab764bf4a8910
2014,kma_asos:159,2014-07-02,2014-07-29,159,부산,0d7b8f1e7ca1054498102c876e9bab92c21ecf15d1bf2f43ed4ab764bf4a8910
2014,kma_asos:162,2014-07-02,2014-07-29,162,통영,0d7b8f1e7ca1054498102c876e9bab92c21ecf15d1bf2f43ed4ab764bf4a8910
2014,kma_asos:165,2014-07-02,2014-07-29,165,목포,0d7b8f1e7ca1054498102c876e9bab92c21ecf15d1bf2f43ed4ab764bf4a8910
2014,kma_asos:168,2014-07-02,2014-07-29,168,여수,0d7b8f1e7ca1054498102c876e9bab92c21ecf15d1bf2f43ed4ab764bf4a8910
2014,kma_asos:170,2014-07-02,2014-07-29,170,완도,0d7b8f1e7ca1054498102c876e9bab92c21ecf15d1bf2f43ed4ab764bf4a8910
2014,kma_asos:184,2014-06-17,2014-07-28,184,제주,0d7b8f1e7ca1054498102c876e9bab92c21ecf15d1bf2f43ed4ab764bf4a8910
2014,kma_asos:185,2014-06-17,2014-07-28,185,고산,0d7b8f1e7ca1054498102c876e9bab92c21ecf15d1bf2f43ed4ab764bf4a8910
2014,kma_asos:188,2014-06-17,2014-07-28,188,성산,0d7b8f1e7ca1054498102c876e9bab92c21ecf15d1bf2f43ed4ab764bf4a8910
2014,kma_asos:189,2014-06-17,2014-07-28,189,서귀포,0d7b8f1e7ca1054498102c876e9bab92c21ecf15d1bf2f43ed4ab764bf4a8910
2014,kma_asos:192,2014-07-02,2014-07-29,192,진주,0d7b8f1e7ca1054498102c876e9bab92c21ecf15d1bf2f43ed4ab764bf4a8910
2014,kma_asos:201,2014-07-02,2014-07-29,201,강화,0d7b8f1e7ca1054498102c876e9bab92c21ecf15d1bf2f43ed4ab764bf4a8910
2014,kma_asos:202,2014-07-02,2014-07-29,202,양평,0d7b8f1e7ca1054498102c876e9bab92c21ecf15d1bf2f43ed4ab764bf4a8910
2014,kma_asos:203,2014-07-02,2014-07-29,203,이천,0d7b8f1e7ca1054498102c876e9bab92c21ecf15d1bf2f43ed4ab764bf4a8910
2014,kma_asos:211,2014-07-02,2014-07-29,211,인제,0d7b8f1e7ca1054498102c876e9bab92c21ecf15d1bf2f43ed4ab764bf4a8910
2014,kma_asos:212,2014-07-02,2014-07-29,212,홍천,0d7b8f1e7ca1054498102c876e9bab92c21ecf15d1bf2f43ed4ab764bf4a8910
2014,kma_asos:216,2014-07-02,2014-07-29,216,태백,0d7b8f1e7ca1054498102c876e9bab92c21ecf15d1bf2f43ed4ab764bf4a8910
2014,kma_asos:221,2014-07-02,2014-07-29,221,제천,0d7b8f1e7ca1054498102c876e9bab92c21ecf15d1bf2f43ed4ab764bf4a8910
2014,kma_asos:226,2014-07-02,2014-07-29,226,보은,0d7b8f1e7ca1054498102c876e9bab92c21ecf15d1bf2f43ed4ab764bf4a8910
2014,kma_asos:232,2014-07-02,2014-07-29,232,천안,0d7b8f1e7ca1054498102c876e9bab92c21ecf15d1bf2f43ed4ab764bf4a8910
2014,kma_asos:235,2014-07-02,2014-07-29,235,보령,0d7b8f1e7ca1054498102c876e9bab92c21ecf15d1bf2f43ed4ab764bf4a8910
2014,kma_asos:236,2014-07-02,2014-07-29,236,부여,0d7b8f1e7ca1054498102c876e9bab92c21ecf15d1bf2f43ed4ab764bf4a8910
2014,kma_asos:238,2014-07-02,2014-07-29,238,금산,0d7b8f1e7ca1054498102c876e9bab92c21ecf15d1bf2f43ed4ab764bf4a8910
2014,kma_asos:243,2014-07-02,2014-07-29,243,부안,0d7b8f1e7ca1054498102c876e9bab92c21ecf15d1bf2f43ed4ab764bf4a8910
2014,kma_asos:244,2014-07-02,2014-07-29,244,임실,0d7b8f1e7ca1054498102c876e9bab92c21ecf15d1bf2f43ed4ab764bf4a8910
2014,kma_asos:245,2014-07-02,2014-07-29,245,정읍,0d7b8f1e7ca1054498102c876e9bab92c21ecf15d1bf2f43ed4ab764bf4a8910
2014,kma_asos:247,2014-07-02,2014-07-29,247,남원,0d7b8f1e7ca1054498102c876e9bab92c21ecf15d1bf2f43ed4ab764bf4a8910
2014,kma_asos:248,2014-07-02,2014-07-29,248,장수,0d7b8f1e7ca1054498102c876e9bab92c21ecf15d1bf2f43ed4ab764bf4a8910
2014,kma_asos:260,2014-07-02,2014-07-29,260,장흥,0d7b8f1e7ca1054498102c876e9bab92c21ecf15d1bf2f43ed4ab764bf4a8910
2014,kma_asos:261,2014-07-02,2014-07-29,261,해남,0d7b8f1e7ca1054498102c876e9bab92c21ecf15d1bf2f43ed4ab764bf4a8910
2014,kma_asos:262,2014-07-02,2014-07-29,262,고흥,0d7b8f1e7ca1054498102c876e9bab92c21ecf15d1bf2f43ed4ab764bf4a8910
2014,kma_asos:271,2014-07-02,2014-07-29,271,봉화,0d7b8f1e7ca1054498102c876e9bab92c21ecf15d1bf2f43ed4ab764bf4a8910
2014,kma_asos:272,2014-07-02,2014-07-29,272,영주,0d7b8f1e7ca1054498102c876e9bab92c21ecf15d1bf2f43ed4ab764bf4a8910
2014,kma_asos:273,2014-07-02,2014-07-29,273,문경,0d7b8f1e7ca1054498102c876e9bab92c21ecf15d1bf2f43ed4ab764bf4a8910
2014,kma_asos:277,2014-07-02,2014-07-29,277,영덕,0d7b8f1e7ca1054498102c876e9bab92c21ecf15d1bf2f43ed4ab764bf4a8910
2014,kma_asos:278,2014-07-02,2014-07-29,278,의성,0d7b8f1e7ca1054498102c876e9bab92c21ecf15d1bf2f43ed4ab764bf4a8910
2014,kma_asos:279,2014-07-02,2014-07-29,279,구미,0d7b8f1e7ca1054498102c876e9bab92c21ecf15d1bf2f43ed4ab764bf4a8910
2014,kma_asos:281,2014-07-02,2014-07-29,281,영천,0d7b8f1e7ca1054498102c876e9bab92c21ecf15d1bf2f43ed4ab764bf4a8910
2014,kma_asos:284,2014-07-02,2014-07-29,284,거창,0d7b8f1e7ca1054498102c876e9bab92c21ecf15d1bf2f43ed4ab764bf4a8910
2014,kma_asos:285,2014-07-02,2014-07-29,285,합천,0d7b8f1e7ca1054498102c876e9bab92c21ecf15d1bf2f43ed4ab764bf4a8910
2014,kma_asos:288,2014-07-02,2014-07-29,288,밀양,0d7b8f1e7ca1054498102c876e9bab92c21ecf15d1bf2f43ed4ab764bf4a8910
2014,kma_asos:289,2014-07-02,2014-07-29,289,산청,0d7b8f1e7ca1054498102c876e9bab92c21ecf15d1bf2f43ed4ab764bf4a8910
2014,kma_asos:294,2014-07-02,2014-07-29,294,거제,0d7b8f1e7ca1054498102c876e9bab92c21ecf15d1bf2f43ed4ab764bf4a8910
2014,kma_asos:295,2014-07-02,2014-07-29,295,남해,0d7b8f1e7ca1054498102c876e9bab92c21ecf15d1bf2f43ed4ab764bf4a8910
2015,kma_asos:90,2015-06-25,2015-07-29,90,속초,0d7b8f1e7ca1054498102c876e9bab92c21ecf15d1bf2f43ed4ab764bf4a8910
2015,kma_asos:95,2015-06-25,2015-07-29,95,철원,0d7b8f1e7ca1054498102c876e9bab92c21ecf15d1bf2f43ed4ab764bf4a8910
2015,kma_asos:100,2015-06-25,2015-07-29,100,대관령,0d7b8f1e7ca1054498102c876e9bab92c21ecf15d1bf2f43ed4ab764bf4a8910
2015,kma_asos:101,2015-06-25,2015-07-29,101,춘천,0d7b8f1e7ca1054498102c876e9bab92c21ecf15d1bf2f43ed4ab764bf4a8910
2015,kma_asos:105,2015-06-25,2015-07-29,105,강릉,0d7b8f1e7ca1054498102c876e9bab92c21ecf15d1bf2f43ed4ab764bf4a8910
2015,kma_asos:108,2015-06-25,2015-07-29,108,서울,0d7b8f1e7ca1054498102c876e9bab92c21ecf15d1bf2f43ed4ab764bf4a8910
2015,kma_asos:112,2015-06-25,2015-07-29,112,인천,0d7b8f1e7ca1054498102c876e9bab92c21ecf15d1bf2f43ed4ab764bf4a8910
2015,kma_asos:114,2015-06-25,2015-07-29,114,원주,0d7b8f1e7ca1054498102c876e9bab92c21ecf15d1bf2f43ed4ab764bf4a8910
2015,kma_asos:119,2015-06-25,2015-07-29,119,수원,0d7b8f1e7ca1054498102c876e9bab92c21ecf15d1bf2f43ed4ab764bf4a8910
2015,kma_asos:127,2015-06-25,2015-07-29,127,충주,0d7b8f1e7ca1054498102c876e9bab92c21ecf15d1bf2f43ed4ab764bf4a8910
2015,kma_asos:129,2015-06-25,2015-07-29,129,서산,0d7b8f1e7ca1054498102c876e9bab92c21ecf15d1bf2f43ed4ab764bf4a8910
2015,kma_asos:130,2015-06-24,2015-07-29,130,울진,0d7b8f1e7ca1054498102c876e9bab92c21ecf15d1bf2f43ed4ab764bf4a8910
2015,kma_asos:131,2015-06-25,2015-07-29,131,청주,0d7b8f1e7ca1054498102c876e9bab92c21ecf15d1bf2f43ed4ab764bf4a8910
2015,kma_asos:133,2015-06-25,2015-07-29,133,대전,0d7b8f1e7ca1054498102c876e9bab92c21ecf15d1bf2f43ed4ab764bf4a8910
2015,kma_asos:135,2015-06-25,2015-07-29,135,추풍령,0d7b8f1e7ca1054498102c876e9bab92c21ecf15d1bf2f43ed4ab764bf4a8910
2015,kma_asos:136,2015-06-24,2015-07-29,136,안동,0d7b8f1e7ca1054498102c876e9bab92c21ecf15d1bf2f43ed4ab764bf4a8910
2015,kma_asos:138,2015-06-24,2015-07-29,138,포항,0d7b8f1e7ca1054498102c876e9bab92c21ecf15d1bf2f43ed4ab764bf4a8910
2015,kma_asos:140,2015-06-24,2015-07-29,140,군산,0d7b8f1e7ca1054498102c876e9bab92c21ecf15d1bf2f43ed4ab764bf4a8910
2015,kma_asos:143,2015-06-24,2015-07-29,143,대구,0d7b8f1e7ca1054498102c876e9bab92c21ecf15d1bf2f43ed4ab764bf4a8910
2015,kma_asos:146,2015-06-24,2015-07-29,146,전주,0d7b8f1e7ca1054498102c876e9bab92c21ecf15d1bf2f43ed4ab764bf4a8910
2015,kma_asos:152,2015-06-24,2015-07-29,152,울산,0d7b8f1e7ca1054498102c876e9bab92c21ecf15d1bf2f43ed4ab764bf4a8910
2015,kma_asos:155,2015-06-24,2015-07-29,155,창원,0d7b8f1e7ca1054498102c876e9bab92c21ecf15d1bf2f43ed4ab764bf4a8910
2015,kma_asos:156,2015-06-24,2015-07-29,156,광주,0d7b8f1e7ca1054498102c876e9bab92c21ecf15d1bf2f43ed4ab764bf4a8910
2015,kma_asos:159,2015-06-24,2015-07-29,159,부산,0d7b8f1e7ca1054498102c876e9bab92c21ecf15d1bf2f43ed4ab764bf4a8910
2015,kma_asos:162,2015-06-24,2015-07-29,162,통영,0d7b8f1e7ca1054498102c876e9bab92c21ecf15d1bf2f43ed4ab764bf4a8910
2015,kma_asos:165,2015-06-24,2015-07-29,165,목포,0d7b8f1e7ca1054498102c876e9bab92c21ecf15d1bf2f43ed4ab764bf4a8910
2015,kma_asos:168,2015-06-24,2015-07-29,168,여수,0d7b8f1e7ca1054498102c876e9bab92c21ecf15d1bf2f43ed4ab764bf4a8910
2015,kma_asos:170,2015-06-24,2015-07-29,170,완도,0d7b8f1e7ca1054498102c876e9bab92c21ecf15d1bf2f43ed4ab764bf4a8910
2015,kma_asos:184,2015-06-24,2015-07-23,184,제주,0d7b8f1e7ca1054498102c876e9bab92c21ecf15d1bf2f43ed4ab764bf4a8910
2015,kma_asos:185,2015-06-24,2015-07-23,185,고산,0d7b8f1e7ca1054498102c876e9bab92c21ecf15d1bf2f43ed4ab764bf4a8910
2015,kma_asos:188,2015-06-24,2015-07-23,188,성산,0d7b8f1e7ca1054498102c876e9bab92c21ecf15d1bf2f43ed4ab764bf4a8910
2015,kma_asos:189,2015-06-24,2015-07-23,189,서귀포,0d7b8f1e7ca1054498102c876e9bab92c21ecf15d1bf2f43ed4ab764bf4a8910
2015,kma_asos:192,2015-06-24,2015-07-29,192,진주,0d7b8f1e7ca1054498102c876e9bab92c21ecf15d1bf2f43ed4ab764bf4a8910
2015,kma_asos:201,2015-06-25,2015-07-29,201,강화,0d7b8f1e7ca1054498102c876e9bab92c21ecf15d1bf2f43ed4ab764bf4a8910
2015,kma_asos:202,2015-06-25,2015-07-29,202,양평,0d7b8f1e7ca1054498102c876e9bab92c21ecf15d1bf2f43ed4ab764bf4a8910
2015,kma_asos:203,2015-06-25,2015-07-29,203,이천,0d7b8f1e7ca1054498102c876e9bab92c21ecf15d1bf2f43ed4ab764bf4a8910
2015,kma_asos:211,2015-06-25,2015-07-29,211,인제,0d7b8f1e7ca1054498102c876e9bab92c21ecf15d1bf2f43ed4ab764bf4a8910
2015,kma_asos:212,2015-06-25,2015-07-29,212,홍천,0d7b8f1e7ca1054498102c876e9bab92c21ecf15d1bf2f43ed4ab764bf4a8910
2015,kma_asos:216,2015-06-25,2015-07-29,216,태백,0d7b8f1e7ca1054498102c876e9bab92c21ecf15d1bf2f43ed4ab764bf4a8910
2015,kma_asos:221,2015-06-25,2015-07-29,221,제천,0d7b8f1e7ca1054498102c876e9bab92c21ecf15d1bf2f43ed4ab764bf4a8910
2015,kma_asos:226,2015-06-25,2015-07-29,226,보은,0d7b8f1e7ca1054498102c876e9bab92c21ecf15d1bf2f43ed4ab764bf4a8910
2015,kma_asos:232,2015-06-25,2015-07-29,232,천안,0d7b8f1e7ca1054498102c876e9bab92c21ecf15d1bf2f43ed4ab764bf4a8910
2015,kma_asos:235,2015-06-25,2015-07-29,235,보령,0d7b8f1e7ca1054498102c876e9bab92c21ecf15d1bf2f43ed4ab764bf4a8910
2015,kma_asos:236,2015-06-25,2015-07-29,236,부여,0d7b8f1e7ca1054498102c876e9bab92c21ecf15d1bf2f43ed4ab764bf4a8910
2015,kma_asos:238,2015-06-25,2015-07-29,238,금산,0d7b8f1e7ca1054498102c876e9bab92c21ecf15d1bf2f43ed4ab764bf4a8910
2015,kma_asos:243,2015-06-24,2015-07-29,243,부안,0d7b8f1e7ca1054498102c876e9bab92c21ecf15d1bf2f43ed4ab764bf4a8910
2015,kma_asos:244,2015-06-24,2015-07-29,244,임실,0d7b8f1e7ca1054498102c876e9bab92c21ecf15d1bf2f43ed4ab764bf4a8910
2015,kma_asos:245,2015-06-24,2015-07-29,245,정읍,0d7b8f1e7ca1054498102c876e9bab92c21ecf15d1bf2f43ed4ab764bf4a8910
2015,kma_asos:247,2015-06-24,2015-07-29,247,남원,0d7b8f1e7ca1054498102c876e9bab92c21ecf15d1bf2f43ed4ab764bf4a8910
2015,kma_asos:248,2015-06-24,2015-07-29,248,장수,0d7b8f1e7ca1054498102c876e9bab92c21ecf15d1bf2f43ed4ab764bf4a8910
2015,kma_asos:260,2015-06-24,2015-07-29,260,장흥,0d7b8f1e7ca1054498102c876e9bab92c21ecf15d1bf2f43ed4ab764bf4a8910
2015,kma_asos:261,2015-06-24,2015-07-29,261,해남,0d7b8f1e7ca1054498102c876e9bab92c21ecf15d1bf2f43ed4ab764bf4a8910
2015,kma_asos:262,2015-06-24,2015-07-29,262,고흥,0d7b8f1e7ca1054498102c876e9bab92c21ecf15d1bf2f43ed4ab764bf4a8910
2015,kma_asos:271,2015-06-24,2015-07-29,271,봉화,0d7b8f1e7ca1054498102c876e9bab92c21ecf15d1bf2f43ed4ab764bf4a8910
2015,kma_asos:272,2015-06-24,2015-07-29,272,영주,0d7b8f1e7ca1054498102c876e9bab92c21ecf15d1bf2f43ed4ab764bf4a8910
2015,kma_asos:273,2015-06-24,2015-07-29,273,문경,0d7b8f1e7ca1054498102c876e9bab92c21ecf15d1bf2f43ed4ab764bf4a8910
2015,kma_asos:277,2015-06-24,2015-07-29,277,영덕,0d7b8f1e7ca1054498102c876e9bab92c21ecf15d1bf2f43ed4ab764bf4a8910
2015,kma_asos:278,2015-06-24,2015-07-29,278,의성,0d7b8f1e7ca1054498102c876e9bab92c21ecf15d1bf2f43ed4ab764bf4a8910
2015,kma_asos:279,2015-06-24,2015-07-29,279,구미,0d7b8f1e7ca1054498102c876e9bab92c21ecf15d1bf2f43ed4ab764bf4a8910
2015,kma_asos:281,2015-06-24,2015-07-29,281,영천,0d7b8f1e7ca1054498102c876e9bab92c21ecf15d1bf2f43ed4ab764bf4a8910
2015,kma_asos:284,2015-06-24,2015-07-29,284,거창,0d7b8f1e7ca1054498102c876e9bab92c21ecf15d1bf2f43ed4ab764bf4a8910
2015,kma_asos:285,2015-06-24,2015-07-29,285,합천,0d7b8f1e7ca1054498102c876e9bab92c21ecf15d1bf2f43ed4ab764bf4a8910
2015,kma_asos:288,2015-06-24,2015-07-29,288,밀양,0d7b8f1e7ca1054498102c876e9bab92c21ecf15d1bf2f43ed4ab764bf4a8910
2015,kma_asos:289,2015-06-24,2015-07-29,289,산청,0d7b8f1e7ca1054498102c876e9bab92c21ecf15d1bf2f43ed4ab764bf4a8910
2015,kma_asos:294,2015-06-24,2015-07-29,294,거제,0d7b8f1e7ca1054498102c876e9bab92c21ecf15d1bf2f43ed4ab764bf4a8910
2015,kma_asos:295,2015-06-24,2015-07-29,295,남해,0d7b8f1e7ca1054498102c876e9bab92c21ecf15d1bf2f43ed4ab764bf4a8910
2016,kma_asos:90,2016-06-24,2016-07-30,90,속초,0d7b8f1e7ca1054498102c876e9bab92c21ecf15d1bf2f43ed4ab764bf4a8910
2016,kma_asos:95,2016-06-24,2016-07-30,95,철원,0d7b8f1e7ca1054498102c876e9bab92c21ecf15d1bf2f43ed4ab764bf4a8910
2016,kma_asos:100,2016-06-24,2016-07-30,100,대관령,0d7b8f1e7ca1054498102c876e9bab92c21ecf15d1bf2f43ed4ab764bf4a8910
2016,kma_asos:101,2016-06-24,2016-07-30,101,춘천,0d7b8f1e7ca1054498102c876e9bab92c21ecf15d1bf2f43ed4ab764bf4a8910
2016,kma_asos:105,2016-06-24,2016-07-30,105,강릉,0d7b8f1e7ca1054498102c876e9bab92c21ecf15d1bf2f43ed4ab764bf4a8910
2016,kma_asos:108,2016-06-24,2016-07-30,108,서울,0d7b8f1e7ca1054498102c876e9bab92c21ecf15d1bf2f43ed4ab764bf4a8910
2016,kma_asos:112,2016-06-24,2016-07-30,112,인천,0d7b8f1e7ca1054498102c876e9bab92c21ecf15d1bf2f43ed4ab764bf4a8910
2016,kma_asos:114,2016-06-24,2016-07-30,114,원주,0d7b8f1e7ca1054498102c876e9bab92c21ecf15d1bf2f43ed4ab764bf4a8910
2016,kma_asos:119,2016-06-24,2016-07-30,119,수원,0d7b8f1e7ca1054498102c876e9bab92c21ecf15d1bf2f43ed4ab764bf4a8910
2016,kma_asos:127,2016-06-24,2016-07-30,127,충주,0d7b8f1e7ca1054498102c876e9bab92c21ecf15d1bf2f43ed4ab764bf4a8910
2016,kma_asos:129,2016-06-24,2016-07-30,129,서산,0d7b8f1e7ca1054498102c876e9bab92c21ecf15d1bf2f43ed4ab764bf4a8910
2016,kma_asos:130,2016-06-18,2016-07-16,130,울진,0d7b8f1e7ca1054498102c876e9bab92c21ecf15d1bf2f43ed4ab764bf4a8910
2016,kma_asos:131,2016-06-24,2016-07-30,131,청주,0d7b8f1e7ca1054498102c876e9bab92c21ecf15d1bf2f43ed4ab764bf4a8910
2016,kma_asos:133,2016-06-24,2016-07-30,133,대전,0d7b8f1e7ca1054498102c876e9bab92c21ecf15d1bf2f43ed4ab764bf4a8910
2016,kma_asos:135,2016-06-24,2016-07-30,135,추풍령,0d7b8f1e7ca1054498102c876e9bab92c21ecf15d1bf2f43ed4ab764bf4a8910
2016,kma_asos:136,2016-06-18,2016-07-16,136,안동,0d7b8f1e7ca1054498102c876e9bab92c21ecf15d1bf2f43ed4ab764bf4a8910
2016,kma_asos:138,2016-06-18,2016-07-16,138,포항,0d7b8f1e7ca1054498102c876e9bab92c21ecf15d1bf2f43ed4ab764bf4a8910
2016,kma_asos:140,2016-06-18,2016-07-16,140,군산,0d7b8f1e7ca1054498102c876e9bab92c21ecf15d1bf2f43ed4ab764bf4a8910
2016,kma_asos:143,2016-06-18,2016-07-16,143,대구,0d7b8f1e7ca1054498102c876e9bab92c21ecf15d1bf2f43ed4ab764bf4a8910
2016,kma_asos:146,2016-06-18,2016-07-16,146,전주,0d7b8f1e7ca1054498102c876e9bab92c21ecf15d1bf2f43ed4ab764bf4a8910
2016,kma_asos:152,2016-06-18,2016-07-16,152,울산,0d7b8f1e7ca1054498102c876e9bab92c21ecf15d1bf2f43ed4ab764bf4a8910
2016,kma_asos:155,2016-06-18,2016-07-16,155,창원,0d7b8f1e7ca1054498102c876e9bab92c21ecf15d1bf2f43ed4ab764bf4a8910
2016,kma_asos:156,2016-06-18,2016-07-16,156,광주,0d7b8f1e7ca1054498102c876e9bab92c21ecf15d1bf2f43ed4ab764bf4a8910
2016,kma_asos:159,2016-06-18,2016-07-16,159,부산,0d7b8f1e7ca1054498102c876e9bab92c21ecf15d1bf2f43ed4ab764bf4a8910
2016,kma_asos:162,2016-06-18,2016-07-16,162,통영,0d7b8f1e7ca1054498102c876e9bab92c21ecf15d1bf2f43ed4ab764bf4a8910
2016,kma_asos:165,2016-06-18,2016-07-16,165,목포,0d7b8f1e7ca1054498102c876e9bab92c21ecf15d1bf2f43ed4ab764bf4a8910
2016,kma_asos:168,2016-06-18,2016-07-16,168,여수,0d7b8f1e7ca1054498102c876e9bab92c21ecf15d1bf2f43ed4ab764bf4a8910
2016,kma_asos:170,2016-06-18,2016-07-16,170,완도,0d7b8f1e7ca1054498102c876e9bab92c21ecf15d1bf2f43ed4ab764bf4a8910
2016,kma_asos:184,2016-06-18,2016-07-16,184,제주,0d7b8f1e7ca1054498102c876e9bab92c21ecf15d1bf2f43ed4ab764bf4a8910
2016,kma_asos:185,2016-06-18,2016-07-16,185,고산,0d7b8f1e7ca1054498102c876e9bab92c21ecf15d1bf2f43ed4ab764bf4a8910
2016,kma_asos:188,2016-06-18,2016-07-16,188,성산,0d7b8f1e7ca1054498102c876e9bab92c21ecf15d1bf2f43ed4ab764bf4a8910
2016,kma_asos:189,2016-06-18,2016-07-16,189,서귀포,0d7b8f1e7ca1054498102c876e9bab92c21ecf15d1bf2f43ed4ab764bf4a8910
2016,kma_asos:192,2016-06-18,2016-07-16,192,진주,0d7b8f1e7ca1054498102c876e9bab92c21ecf15d1bf2f43ed4ab764bf4a8910
2016,kma_asos:201,2016-06-24,2016-07-30,201,강화,0d7b8f1e7ca1054498102c876e9bab92c21ecf15d1bf2f43ed4ab764bf4a8910
2016,kma_asos:202,2016-06-24,2016-07-30,202,양평,0d7b8f1e7ca1054498102c876e9bab92c21ecf15d1bf2f43ed4ab764bf4a8910
2016,kma_asos:203,2016-06-24,2016-07-30,203,이천,0d7b8f1e7ca1054498102c876e9bab92c21ecf15d1bf2f43ed4ab764bf4a8910
2016,kma_asos:211,2016-06-24,2016-07-30,211,인제,0d7b8f1e7ca1054498102c876e9bab92c21ecf15d1bf2f43ed4ab764bf4a8910
2016,kma_asos:212,2016-06-24,2016-07-30,212,홍천,0d7b8f1e7ca1054498102c876e9bab92c21ecf15d1bf2f43ed4ab764bf4a8910
2016,kma_asos:216,2016-06-24,2016-07-30,216,태백,0d7b8f1e7ca1054498102c876e9bab92c21ecf15d1bf2f43ed4ab764bf4a8910
2016,kma_asos:221,2016-06-24,2016-07-30,221,제천,0d7b8f1e7ca1054498102c876e9bab92c21ecf15d1bf2f43ed4ab764bf4a8910
2016,kma_asos:226,2016-06-24,2016-07-30,226,보은,0d7b8f1e7ca1054498102c876e9bab92c21ecf15d1bf2f43ed4ab764bf4a8910
2016,kma_asos:232,2016-06-24,2016-07-30,232,천안,0d7b8f1e7ca1054498102c876e9bab92c21ecf15d1bf2f43ed4ab764bf4a8910
2016,kma_asos:235,2016-06-24,2016-07-30,235,보령,0d7b8f1e7ca1054498102c876e9bab92c21ecf15d1bf2f43ed4ab764bf4a8910
2016,kma_asos:236,2016-06-24,2016-07-30,236,부여,0d7b8f1e7ca1054498102c876e9bab92c21ecf15d1bf2f43ed4ab764bf4a8910
2016,kma_asos:238,2016-06-24,2016-07-30,238,금산,0d7b8f1e7ca1054498102c876e9bab92c21ecf15d1bf2f43ed4ab764bf4a8910
2016,kma_asos:243,2016-06-18,2016-07-16,243,부안,0d7b8f1e7ca1054498102c876e9bab92c21ecf15d1bf2f43ed4ab764bf4a8910
2016,kma_asos:244,2016-06-18,2016-07-16,244,임실,0d7b8f1e7ca1054498102c876e9bab92c21ecf15d1bf2f43ed4ab764bf4a8910
2016,kma_asos:245,2016-06-18,2016-07-16,245,정읍,0d7b8f1e7ca1054498102c876e9bab92c21ecf15d1bf2f43ed4ab764bf4a8910
2016,kma_asos:247,2016-06-18,2016-07-16,247,남원,0d7b8f1e7ca1054498102c876e9bab92c21ecf15d1bf2f43ed4ab764bf4a8910
2016,kma_asos:248,2016-06-18,2016-07-16,248,장수,0d7b8f1e7ca1054498102c876e9bab92c21ecf15d1bf2f43ed4ab764bf4a8910
2016,kma_asos:260,2016-06-18,2016-07-16,260,장흥,0d7b8f1e7ca1054498102c876e9bab92c21ecf15d1bf2f43ed4ab764bf4a8910
2016,kma_asos:261,2016-06-18,2016-07-16,261,해남,0d7b8f1e7ca1054498102c876e9bab92c21ecf15d1bf2f43ed4ab764bf4a8910
2016,kma_asos:262,2016-06-18,2016-07-16,262,고흥,0d7b8f1e7ca1054498102c876e9bab92c21ecf15d1bf2f43ed4ab764bf4a8910
2016,kma_asos:271,2016-06-18,2016-07-16,271,봉화,0d7b8f1e7ca1054498102c876e9bab92c21ecf15d1bf2f43ed4ab764bf4a8910
2016,kma_asos:272,2016-06-18,2016-07-16,272,영주,0d7b8f1e7ca1054498102c876e9bab92c21ecf15d1bf2f43ed4ab764bf4a8910
2016,kma_asos:273,2016-06-18,2016-07-16,273,문경,0d7b8f1e7ca1054498102c876e9bab92c21ecf15d1bf2f43ed4ab764bf4a8910
2016,kma_asos:277,2016-06-18,2016-07-16,277,영덕,0d7b8f1e7ca1054498102c876e9bab92c21ecf15d1bf2f43ed4ab764bf4a8910
2016,kma_asos:278,2016-06-18,2016-07-16,278,의성,0d7b8f1e7ca1054498102c876e9bab92c21ecf15d1bf2f43ed4ab764bf4a8910
2016,kma_asos:279,2016-06-18,2016-07-16,279,구미,0d7b8f1e7ca1054498102c876e9bab92c21ecf15d1bf2f43ed4ab764bf4a8910
2016,kma_asos:281,2016-06-18,2016-07-16,281,영천,0d7b8f1e7ca1054498102c876e9bab92c21ecf15d1bf2f43ed4ab764bf4a8910
2016,kma_asos:284,2016-06-18,2016-07-16,284,거창,0d7b8f1e7ca1054498102c876e9bab92c21ecf15d1bf2f43ed4ab764bf4a8910
2016,kma_asos:285,2016-06-18,2016-07-16,285,합천,0d7b8f1e7ca1054498102c876e9bab92c21ecf15d1bf2f43ed4ab764bf4a8910
2016,kma_asos:288,2016-06-18,2016-07-16,288,밀양,0d7b8f1e7ca1054498102c876e9bab92c21ecf15d1bf2f43ed4ab764bf4a8910
2016,kma_asos:289,2016-06-18,2016-07-16,289,산청,0d7b8f1e7ca1054498102c876e9bab92c21ecf15d1bf2f43ed4ab764bf4a8910
2016,kma_asos:294,2016-06-18,2016-07-16,294,거제,0d7b8f1e7ca1054498102c876e9bab92c21ecf15d1bf2f43ed4ab764bf4a8910
2016,kma_asos:295,2016-06-18,2016-07-16,295,남해,0d7b8f1e7ca1054498102c876e9bab92c21ecf15d1bf2f43ed4ab764bf4a8910
2017,kma_asos:90,2017-07-01,2017-07-29,90,속초,0d7b8f1e7ca1054498102c876e9bab92c21ecf15d1bf2f43ed4ab764bf4a8910
2017,kma_asos:95,2017-07-01,2017-07-29,95,철원,0d7b8f1e7ca1054498102c876e9bab92c21ecf15d1bf2f43ed4ab764bf4a8910
2017,kma_asos:100,2017-07-01,2017-07-29,100,대관령,0d7b8f1e7ca1054498102c876e9bab92c21ecf15d1bf2f43ed4ab764bf4a8910
2017,kma_asos:101,2017-07-01,2017-07-29,101,춘천,0d7b8f1e7ca1054498102c876e9bab92c21ecf15d1bf2f43ed4ab764bf4a8910
2017,kma_asos:105,2017-07-01,2017-07-29,105,강릉,0d7b8f1e7ca1054498102c876e9bab92c21ecf15d1bf2f43ed4ab764bf4a8910
2017,kma_asos:108,2017-07-01,2017-07-29,108,서울,0d7b8f1e7ca1054498102c876e9bab92c21ecf15d1bf2f43ed4ab764bf4a8910
2017,kma_asos:112,2017-07-01,2017-07-29,112,인천,0d7b8f1e7ca1054498102c876e9bab92c21ecf15d1bf2f43ed4ab764bf4a8910
2017,kma_asos:114,2017-07-01,2017-07-29,114,원주,0d7b8f1e7ca1054498102c876e9bab92c21ecf15d1bf2f43ed4ab764bf4a8910
2017,kma_asos:119,2017-07-01,2017-07-29,119,수원,0d7b8f1e7ca1054498102c876e9bab92c21ecf15d1bf2f43ed4ab764bf4a8910
2017,kma_asos:127,2017-07-01,2017-07-29,127,충주,0d7b8f1e7ca1054498102c876e9bab92c21ecf15d1bf2f43ed4ab764bf4a8910
2017,kma_asos:129,2017-07-01,2017-07-29,129,서산,0d7b8f1e7ca1054498102c876e9bab92c21ecf15d1bf2f43ed4ab764bf4a8910
2017,kma_asos:130,2017-06-29,2017-07-29,130,울진,0d7b8f1e7ca1054498102c876e9bab92c21ecf15d1bf2f43ed4ab764bf4a8910
2017,kma_asos:131,2017-07-01,2017-07-29,131,청주,0d7b8f1e7ca1054498102c876e9bab92c21ecf15d1bf2f43ed4ab764bf4a8910
2017,kma_asos:133,2017-07-01,2017-07-29,133,대전,0d7b8f1e7ca1054498102c876e9bab92c21ecf15d1bf2f43ed4ab764bf4a8910
2017,kma_asos:135,2017-07-01,2017-07-29,135,추풍령,0d7b8f1e7ca1054498102c876e9bab92c21ecf15d1bf2f43ed4ab764bf4a8910
2017,kma_asos:136,2017-06-29,2017-07-29,136,안동,0d7b8f1e7ca1054498102c876e9bab92c21ecf15d1bf2f43ed4ab764bf4a8910
2017,kma_asos:138,2017-06-29,2017-07-29,138,포항,0d7b8f1e7ca1054498102c876e9bab92c21ecf15d1bf2f43ed4ab764bf4a8910
2017,kma_asos:140,2017-06-29,2017-07-29,140,군산,0d7b8f1e7ca1054498102c876e9bab92c21ecf15d1bf2f43ed4ab764bf4a8910
2017,kma_asos:143,2017-06-29,2017-07-29,143,대구,0d7b8f1e7ca1054498102c876e9bab92c21ecf15d1bf2f43ed4ab764bf4a8910
2017,kma_asos:146,2017-06-29,2017-07-29,146,전주,0d7b8f1e7ca1054498102c876e9bab92c21ecf15d1bf2f43ed4ab764bf4a8910
2017,kma_asos:152,2017-06-29,2017-07-29,152,울산,0d7b8f1e7ca1054498102c876e9bab92c21ecf15d1bf2f43ed4ab764bf4a8910
2017,kma_asos:155,2017-06-29,2017-07-29,155,창원,0d7b8f1e7ca1054498102c876e9bab92c21ecf15d1bf2f43ed4ab764bf4a8910
2017,kma_asos:156,2017-06-29,2017-07-29,156,광주,0d7b8f1e7ca1054498102c876e9bab92c21ecf15d1bf2f43ed4ab764bf4a8910
2017,kma_asos:159,2017-06-29,2017-07-29,159,부산,0d7b8f1e7ca1054498102c876e9bab92c21ecf15d1bf2f43ed4ab764bf4a8910
2017,kma_asos:162,2017-06-29,2017-07-29,162,통영,0d7b8f1e7ca1054498102c876e9bab92c21ecf15d1bf2f43ed4ab764bf4a8910
2017,kma_asos:165,2017-06-29,2017-07-29,165,목포,0d7b8f1e7ca1054498102c876e9bab92c21ecf15d1bf2f43ed4ab764bf4a8910
2017,kma_asos:168,2017-06-29,2017-07-29,168,여수,0d7b8f1e7ca1054498102c876e9bab92c21ecf15d1bf2f43ed4ab764bf4a8910
2017,kma_asos:170,2017-06-29,2017-07-29,170,완도,0d7b8f1e7ca1054498102c876e9bab92c21ecf15d1bf2f43ed4ab764bf4a8910
2017,kma_asos:184,2017-06-24,2017-07-26,184,제주,0d7b8f1e7ca1054498102c876e9bab92c21ecf15d1bf2f43ed4ab764bf4a8910
2017,kma_asos:185,2017-06-24,2017-07-26,185,고산,0d7b8f1e7ca1054498102c876e9bab92c21ecf15d1bf2f43ed4ab764bf4a8910
2017,kma_asos:188,2017-06-24,2017-07-26,188,성산,0d7b8f1e7ca1054498102c876e9bab92c21ecf15d1bf2f43ed4ab764bf4a8910
2017,kma_asos:189,2017-06-24,2017-07-26,189,서귀포,0d7b8f1e7ca1054498102c876e9bab92c21ecf15d1bf2f43ed4ab764bf4a8910
2017,kma_asos:192,2017-06-29,2017-07-29,192,진주,0d7b8f1e7ca1054498102c876e9bab92c21ecf15d1bf2f43ed4ab764bf4a8910
2017,kma_asos:201,2017-07-01,2017-07-29,201,강화,0d7b8f1e7ca1054498102c876e9bab92c21ecf15d1bf2f43ed4ab764bf4a8910
2017,kma_asos:202,2017-07-01,2017-07-29,202,양평,0d7b8f1e7ca1054498102c876e9bab92c21ecf15d1bf2f43ed4ab764bf4a8910
2017,kma_asos:203,2017-07-01,2017-07-29,203,이천,0d7b8f1e7ca1054498102c876e9bab92c21ecf15d1bf2f43ed4ab764bf4a8910
2017,kma_asos:211,2017-07-01,2017-07-29,211,인제,0d7b8f1e7ca1054498102c876e9bab92c21ecf15d1bf2f43ed4ab764bf4a8910
2017,kma_asos:212,2017-07-01,2017-07-29,212,홍천,0d7b8f1e7ca1054498102c876e9bab92c21ecf15d1bf2f43ed4ab764bf4a8910
2017,kma_asos:216,2017-07-01,2017-07-29,216,태백,0d7b8f1e7ca1054498102c876e9bab92c21ecf15d1bf2f43ed4ab764bf4a8910
2017,kma_asos:221,2017-07-01,2017-07-29,221,제천,0d7b8f1e7ca1054498102c876e9bab92c21ecf15d1bf2f43ed4ab764bf4a8910
2017,kma_asos:226,2017-07-01,2017-07-29,226,보은,0d7b8f1e7ca1054498102c876e9bab92c21ecf15d1bf2f43ed4ab764bf4a8910
2017,kma_asos:232,2017-07-01,2017-07-29,232,천안,0d7b8f1e7ca1054498102c876e9bab92c21ecf15d1bf2f43ed4ab764bf4a8910
2017,kma_asos:235,2017-07-01,2017-07-29,235,보령,0d7b8f1e7ca1054498102c876e9bab92c21ecf15d1bf2f43ed4ab764bf4a8910
2017,kma_asos:236,2017-07-01,2017-07-29,236,부여,0d7b8f1e7ca1054498102c876e9bab92c21ecf15d1bf2f43ed4ab764bf4a8910
2017,kma_asos:238,2017-07-01,2017-07-29,238,금산,0d7b8f1e7ca1054498102c876e9bab92c21ecf15d1bf2f43ed4ab764bf4a8910
2017,kma_asos:243,2017-06-29,2017-07-29,243,부안,0d7b8f1e7ca1054498102c876e9bab92c21ecf15d1bf2f43ed4ab764bf4a8910
2017,kma_asos:244,2017-06-29,2017-07-29,244,임실,0d7b8f1e7ca1054498102c876e9bab92c21ecf15d1bf2f43ed4ab764bf4a8910
2017,kma_asos:245,2017-06-29,2017-07-29,245,정읍,0d7b8f1e7ca1054498102c876e9bab92c21ecf15d1bf2f43ed4ab764bf4a8910
2017,kma_asos:247,2017-06-29,2017-07-29,247,남원,0d7b8f1e7ca1054498102c876e9bab92c21ecf15d1bf2f43ed4ab764bf4a8910
2017,kma_asos:248,2017-06-29,2017-07-29,248,장수,0d7b8f1e7ca1054498102c876e9bab92c21ecf15d1bf2f43ed4ab764bf4a8910
2017,kma_asos:260,2017-06-29,2017-07-29,260,장흥,0d7b8f1e7ca1054498102c876e9bab92c21ecf15d1bf2f43ed4ab764bf4a8910
2017,kma_asos:261,2017-06-29,2017-07-29,261,해남,0d7b8f1e7ca1054498102c876e9bab92c21ecf15d1bf2f43ed4ab764bf4a8910
2017,kma_asos:262,2017-06-29,2017-07-29,262,고흥,0d7b8f1e7ca1054498102c876e9bab92c21ecf15d1bf2f43ed4ab764bf4a8910
2017,kma_asos:271,2017-06-29,2017-07-29,271,봉화,0d7b8f1e7ca1054498102c876e9bab92c21ecf15d1bf2f43ed4ab764bf4a8910
2017,kma_asos:272,2017-06-29,2017-07-29,272,영주,0d7b8f1e7ca1054498102c876e9bab92c21ecf15d1bf2f43ed4ab764bf4a8910
2017,kma_asos:273,2017-06-29,2017-07-29,273,문경,0d7b8f1e7ca1054498102c876e9bab92c21ecf15d1bf2f43ed4ab764bf4a8910
2017,kma_asos:277,2017-06-29,2017-07-29,277,영덕,0d7b8f1e7ca1054498102c876e9bab92c21ecf15d1bf2f43ed4ab764bf4a8910
2017,kma_asos:278,2017-06-29,2017-07-29,278,의성,0d7b8f1e7ca1054498102c876e9bab92c21ecf15d1bf2f43ed4ab764bf4a8910
2017,kma_asos:279,2017-06-29,2017-07-29,279,구미,0d7b8f1e7ca1054498102c876e9bab92c21ecf15d1bf2f43ed4ab764bf4a8910
2017,kma_asos:281,2017-06-29,2017-07-29,281,영천,0d7b8f1e7ca1054498102c876e9bab92c21ecf15d1bf2f43ed4ab764bf4a8910
2017,kma_asos:284,2017-06-29,2017-07-29,284,거창,0d7b8f1e7ca1054498102c876e9bab92c21ecf15d1bf2f43ed4ab764bf4a8910
2017,kma_asos:285,2017-06-29,2017-07-29,285,합천,0d7b8f1e7ca1054498102c876e9bab92c21ecf15d1bf2f43ed4ab764bf4a8910
2017,kma_asos:288,2017-06-29,2017-07-29,288,밀양,0d7b8f1e7ca1054498102c876e9bab92c21ecf15d1bf2f43ed4ab764bf4a8910
2017,kma_asos:289,2017-06-29,2017-07-29,289,산청,0d7b8f1e7ca1054498102c876e9bab92c21ecf15d1bf2f43ed4ab764bf4a8910
2017,kma_asos:294,2017-06-29,2017-07-29,294,거제,0d7b8f1e7ca1054498102c876e9bab92c21ecf15d1bf2f43ed4ab764bf4a8910
2017,kma_asos:295,2017-06-29,2017-07-29,295,남해,0d7b8f1e7ca1054498102c876e9bab92c21ecf15d1bf2f43ed4ab764bf4a8910
2018,kma_asos:90,2018-06-26,2018-07-11,90,속초,0d7b8f1e7ca1054498102c876e9bab92c21ecf15d1bf2f43ed4ab764bf4a8910
2018,kma_asos:95,2018-06-26,2018-07-11,95,철원,0d7b8f1e7ca1054498102c876e9bab92c21ecf15d1bf2f43ed4ab764bf4a8910
2018,kma_asos:100,2018-06-26,2018-07-11,100,대관령,0d7b8f1e7ca1054498102c876e9bab92c21ecf15d1bf2f43ed4ab764bf4a8910
2018,kma_asos:101,2018-06-26,2018-07-11,101,춘천,0d7b8f1e7ca1054498102c876e9bab92c21ecf15d1bf2f43ed4ab764bf4a8910
2018,kma_asos:105,2018-06-26,2018-07-11,105,강릉,0d7b8f1e7ca1054498102c876e9bab92c21ecf15d1bf2f43ed4ab764bf4a8910
2018,kma_asos:108,2018-06-26,2018-07-11,108,서울,0d7b8f1e7ca1054498102c876e9bab92c21ecf15d1bf2f43ed4ab764bf4a8910
2018,kma_asos:112,2018-06-26,2018-07-11,112,인천,0d7b8f1e7ca1054498102c876e9bab92c21ecf15d1bf2f43ed4ab764bf4a8910
2018,kma_asos:114,2018-06-26,2018-07-11,114,원주,0d7b8f1e7ca1054498102c876e9bab92c21ecf15d1bf2f43ed4ab764bf4a8910
2018,kma_asos:119,2018-06-26,2018-07-11,119,수원,0d7b8f1e7ca1054498102c876e9bab92c21ecf15d1bf2f43ed4ab764bf4a8910
2018,kma_asos:127,2018-06-26,2018-07-11,127,충주,0d7b8f1e7ca1054498102c876e9bab92c21ecf15d1bf2f43ed4ab764bf4a8910
2018,kma_asos:129,2018-06-26,2018-07-11,129,서산,0d7b8f1e7ca1054498102c876e9bab92c21ecf15d1bf2f43ed4ab764bf4a8910
2018,kma_asos:130,2018-06-26,2018-07-09,130,울진,0d7b8f1e7ca1054498102c876e9bab92c21ecf15d1bf2f43ed4ab764bf4a8910
2018,kma_asos:131,2018-06-26,2018-07-11,131,청주,0d7b8f1e7ca1054498102c876e9bab92c21ecf15d1bf2f43ed4ab764bf4a8910
2018,kma_asos:133,2018-06-26,2018-07-11,133,대전,0d7b8f1e7ca1054498102c876e9bab92c21ecf15d1bf2f43ed4ab764bf4a8910
2018,kma_asos:135,2018-06-26,2018-07-11,135,추풍령,0d7b8f1e7ca1054498102c876e9bab92c21ecf15d1bf2f43ed4ab764bf4a8910
2018,kma_asos:136,2018-06-26,2018-07-09,136,안동,0d7b8f1e7ca1054498102c876e9bab92c21ecf15d1bf2f43ed4ab764bf4a8910
2018,kma_asos:138,2018-06-26,2018-07-09,138,포항,0d7b8f1e7ca1054498102c876e9bab92c21ecf15d1bf2f43ed4ab764bf4a8910
2018,kma_asos:140,2018-06-26,2018-07-09,140,군산,0d7b8f1e7ca1054498102c876e9bab92c21ecf15d1bf2f43ed4ab764bf4a8910
2018,kma_asos:143,2018-06-26,2018-07-09,143,대구,0d7b8f1e7ca1054498102c876e9bab92c21ecf15d1bf2f43ed4ab764bf4a8910
2018,kma_asos:146,2018-06-26,2018-07-09,146,전주,0d7b8f1e7ca1054498102c876e9bab92c21ecf15d1bf2f43ed4ab764bf4a8910
2018,kma_asos:152,2018-06-26,2018-07-09,152,울산,0d7b8f1e7ca1054498102c876e9bab92c21ecf15d1bf2f43ed4ab764bf4a8910
2018,kma_asos:155,2018-06-26,2018-07-09,155,창원,0d7b8f1e7ca1054498102c876e9bab92c21ecf15d1bf2f43ed4ab764bf4a8910
2018,kma_asos:156,2018-06-26,2018-07-09,156,광주,0d7b8f1e7ca1054498102c876e9bab92c21ecf15d1bf2f43ed4ab764bf4a8910
2018,kma_asos:159,2018-06-26,2018-07-09,159,부산,0d7b8f1e7ca1054498102c876e9bab92c21ecf15d1bf2f43ed4ab764bf4a8910
2018,kma_asos:162,2018-06-26,2018-07-09,162,통영,0d7b8f1e7ca1054498102c876e9bab92c21ecf15d1bf2f43ed4ab764bf4a8910
2018,kma_asos:165,2018-06-26,2018-07-09,165,목포,0d7b8f1e7ca1054498102c876e9bab92c21ecf15d1bf2f43ed4ab764bf4a8910
2018,kma_asos:168,2018-06-26,2018-07-09,168,여수,0d7b8f1e7ca1054498102c876e9bab92c21ecf15d1bf2f43ed4ab764bf4a8910
2018,kma_asos:170,2018-06-26,2018-07-09,170,완도,0d7b8f1e7ca1054498102c876e9bab92c21ecf15d1bf2f43ed4ab764bf4a8910
2018,kma_asos:184,2018-06-19,2018-07-09,184,제주,0d7b8f1e7ca1054498102c876e9bab92c21ecf15d1bf2f43ed4ab764bf4a8910
2018,kma_asos:185,2018-06-19,2018-07-09,185,고산,0d7b8f1e7ca1054498102c876e9bab92c21ecf15d1bf2f43ed4ab764bf4a8910
2018,kma_asos:188,2018-06-19,2018-07-09,188,성산,0d7b8f1e7ca1054498102c876e9bab92c21ecf15d1bf2f43ed4ab764bf4a8910
2018,kma_asos:189,2018-06-19,2018-07-09,189,서귀포,0d7b8f1e7ca1054498102c876e9bab92c21ecf15d1bf2f43ed4ab764bf4a8910
2018,kma_asos:192,2018-06-26,2018-07-09,192,진주,0d7b8f1e7ca1054498102c876e9bab92c21ecf15d1bf2f43ed4ab764bf4a8910
2018,kma_asos:201,2018-06-26,2018-07-11,201,강화,0d7b8f1e7ca1054498102c876e9bab92c21ecf15d1bf2f43ed4ab764bf4a8910
2018,kma_asos:202,2018-06-26,2018-07-11,202,양평,0d7b8f1e7ca1054498102c876e9bab92c21ecf15d1bf2f43ed4ab764bf4a8910
2018,kma_asos:203,2018-06-26,2018-07-11,203,이천,0d7b8f1e7ca1054498102c876e9bab92c21ecf15d1bf2f43ed4ab764bf4a8910
2018,kma_asos:211,2018-06-26,2018-07-11,211,인제,0d7b8f1e7ca1054498102c876e9bab92c21ecf15d1bf2f43ed4ab764bf4a8910
2018,kma_asos:212,2018-06-26,2018-07-11,212,홍천,0d7b8f1e7ca1054498102c876e9bab92c21ecf15d1bf2f43ed4ab764bf4a8910
2018,kma_asos:216,2018-06-26,2018-07-11,216,태백,0d7b8f1e7ca1054498102c876e9bab92c21ecf15d1bf2f43ed4ab764bf4a8910
2018,kma_asos:221,2018-06-26,2018-07-11,221,제천,0d7b8f1e7ca1054498102c876e9bab92c21ecf15d1bf2f43ed4ab764bf4a8910
2018,kma_asos:226,2018-06-26,2018-07-11,226,보은,0d7b8f1e7ca1054498102c876e9bab92c21ecf15d1bf2f43ed4ab764bf4a8910
2018,kma_asos:232,2018-06-26,2018-07-11,232,천안,0d7b8f1e7ca1054498102c876e9bab92c21ecf15d1bf2f43ed4ab764bf4a8910
2018,kma_asos:235,2018-06-26,2018-07-11,235,보령,0d7b8f1e7ca1054498102c876e9bab92c21ecf15d1bf2f43ed4ab764bf4a8910
2018,kma_asos:236,2018-06-26,2018-07-11,236,부여,0d7b8f1e7ca1054498102c876e9bab92c21ecf15d1bf2f43ed4ab764bf4a8910
2018,kma_asos:238,2018-06-26,2018-07-11,238,금산,0d7b8f1e7ca1054498102c876e9bab92c21ecf15d1bf2f43ed4ab764bf4a8910
2018,kma_asos:243,2018-06-26,2018-07-09,243,부안,0d7b8f1e7ca1054498102c876e9bab92c21ecf15d1bf2f43ed4ab764bf4a8910
2018,kma_asos:244,2018-06-26,2018-07-09,244,임실,0d7b8f1e7ca1054498102c876e9bab92c21ecf15d1bf2f43ed4ab764bf4a8910
2018,kma_asos:245,2018-06-26,2018-07-09,245,정읍,0d7b8f1e7ca1054498102c876e9bab92c21ecf15d1bf2f43ed4ab764bf4a8910
2018,kma_asos:247,2018-06-26,2018-07-09,247,남원,0d7b8f1e7ca1054498102c876e9bab92c21ecf15d1bf2f43ed4ab764bf4a8910
2018,kma_asos:248,2018-06-26,2018-07-09,248,장수,0d7b8f1e7ca1054498102c876e9bab92c21ecf15d1bf2f43ed4ab764bf4a8910
2018,kma_asos:260,2018-06-26,2018-07-09,260,장흥,0d7b8f1e7ca1054498102c876e9bab92c21ecf15d1bf2f43ed4ab764bf4a8910
2018,kma_asos:261,2018-06-26,2018-07-09,261,해남,0d7b8f1e7ca1054498102c876e9bab92c21ecf15d1bf2f43ed4ab764bf4a8910
2018,kma_asos:262,2018-06-26,2018-07-09,262,고흥,0d7b8f1e7ca1054498102c876e9bab92c21ecf15d1bf2f43ed4ab764bf4a8910
2018,kma_asos:271,2018-06-26,2018-07-09,271,봉화,0d7b8f1e7ca1054498102c876e9bab92c21ecf15d1bf2f43ed4ab764bf4a8910
2018,kma_asos:272,2018-06-26,2018-07-09,272,영주,0d7b8f1e7ca1054498102c876e9bab92c21ecf15d1bf2f43ed4ab764bf4a8910
2018,kma_asos:273,2018-06-26,2018-07-09,273,문경,0d7b8f1e7ca1054498102c876e9bab92c21ecf15d1bf2f43ed4ab764bf4a8910
2018,kma_asos:277,2018-06-26,2018-07-09,277,영덕,0d7b8f1e7ca1054498102c876e9bab92c21ecf15d1bf2f43ed4ab764bf4a8910
2018,kma_asos:278,2018-06-26,2018-07-09,278,의성,0d7b8f1e7ca1054498102c876e9bab92c21ecf15d1bf2f43ed4ab764bf4a8910
2018,kma_asos:279,2018-06-26,2018-07-09,279,구미,0d7b8f1e7ca1054498102c876e9bab92c21ecf15d1bf2f43ed4ab764bf4a8910
2018,kma_asos:281,2018-06-26,2018-07-09,281,영천,0d7b8f1e7ca1054498102c876e9bab92c21ecf15d1bf2f43ed4ab764bf4a8910
2018,kma_asos:284,2018-06-26,2018-07-09,284,거창,0d7b8f1e7ca1054498102c876e9bab92c21ecf15d1bf2f43ed4ab764bf4a8910
2018,kma_asos:285,2018-06-26,2018-07-09,285,합천,0d7b8f1e7ca1054498102c876e9bab92c21ecf15d1bf2f43ed4ab764bf4a8910
2018,kma_asos:288,2018-06-26,2018-07-09,288,밀양,0d7b8f1e7ca1054498102c876e9bab92c21ecf15d1bf2f43ed4ab764bf4a8910
2018,kma_asos:289,2018-06-26,2018-07-09,289,산청,0d7b8f1e7ca1054498102c876e9bab92c21ecf15d1bf2f43ed4ab764bf4a8910
2018,kma_asos:294,2018-06-26,2018-07-09,294,거제,0d7b8f1e7ca1054498102c876e9bab92c21ecf15d1bf2f43ed4ab764bf4a8910
2018,kma_asos:295,2018-06-26,2018-07-09,295,남해,0d7b8f1e7ca1054498102c876e9bab92c21ecf15d1bf2f43ed4ab764bf4a8910
2019,kma_asos:90,2019-06-26,2019-07-29,90,속초,0d7b8f1e7ca1054498102c876e9bab92c21ecf15d1bf2f43ed4ab764bf4a8910
2019,kma_asos:95,2019-06-26,2019-07-29,95,철원,0d7b8f1e7ca1054498102c876e9bab92c21ecf15d1bf2f43ed4ab764bf4a8910
2019,kma_asos:100,2019-06-26,2019-07-29,100,대관령,0d7b8f1e7ca1054498102c876e9bab92c21ecf15d1bf2f43ed4ab764bf4a8910
2019,kma_asos:101,2019-06-26,2019-07-29,101,춘천,0d7b8f1e7ca1054498102c876e9bab92c21ecf15d1bf2f43ed4ab764bf4a8910
2019,kma_asos:105,2019-06-26,2019-07-29,105,강릉,0d7b8f1e7ca1054498102c876e9bab92c21ecf15d1bf2f43ed4ab764bf4a8910
2019,kma_asos:108,2019-06-26,2019-07-29,108,서울,0d7b8f1e7ca1054498102c876e9bab92c21ecf15d1bf2f43ed4ab764bf4a8910
2019,kma_asos:112,2019-06-26,2019-07-29,112,인천,0d7b8f1e7ca1054498102c876e9bab92c21ecf15d1bf2f43ed4ab764bf4a8910
2019,kma_asos:114,2019-06-26,2019-07-29,114,원주,0d7b8f1e7ca1054498102c876e9bab92c21ecf15d1bf2f43ed4ab764bf4a8910
2019,kma_asos:119,2019-06-26,2019-07-29,119,수원,0d7b8f1e7ca1054498102c876e9bab92c21ecf15d1bf2f43ed4ab764bf4a8910
2019,kma_asos:127,2019-06-26,2019-07-29,127,충주,0d7b8f1e7ca1054498102c876e9bab92c21ecf15d1bf2f43ed4ab764bf4a8910
2019,kma_asos:129,2019-06-26,2019-07-29,129,서산,0d7b8f1e7ca1054498102c876e9bab92c21ecf15d1bf2f43ed4ab764bf4a8910
2019,kma_asos:130,2019-06-26,2019-07-28,130,울진,0d7b8f1e7ca1054498102c876e9bab92c21ecf15d1bf2f43ed4ab764bf4a8910
2019,kma_asos:131,2019-06-26,2019-07-29,131,청주,0d7b8f1e7ca1054498102c876e9bab92c21ecf15d1bf2f43ed4ab764bf4a8910
2019,kma_asos:133,2019-06-26,2019-07-29,133,대전,0d7b8f1e7ca1054498102c876e9bab92c21ecf15d1bf2f43ed4ab764bf4a8910
2019,kma_asos:135,2019-06-26,2019-07-29,135,추풍령,0d7b8f1e7ca1054498102c876e9bab92c21ecf15d1bf2f43ed4ab764bf4a8910
2019,kma_asos:136,2019-06-26,2019-07-28,136,안동,0d7b8f1e7ca1054498102c876e9bab92c21ecf15d1bf2f43ed4ab764bf4a8910
2019,kma_asos:138,2019-06-26,2019-07-28,138,포항,0d7b8f1e7ca1054498102c876e9bab92c21ecf15d1bf2f43ed4ab764bf4a8910
2019,kma_asos:140,2019-06-26,2019-07-28,140,군산,0d7b8f1e7ca1054498102c876e9bab92c21ecf15d1bf2f43ed4ab764bf4a8910
2019,kma_asos:143,2019-06-26,2019-07-28,143,대구,0d7b8f1e7ca1054498102c876e9bab92c21ecf15d1bf2f43ed4ab764bf4a8910
2019,kma_asos:146,2019-06-26,2019-07-28,146,전주,0d7b8f1e7ca1054498102c876e9bab92c21ecf15d1bf2f43ed4ab764bf4a8910
2019,kma_asos:152,2019-06-26,2019-07-28,152,울산,0d7b8f1e7ca1054498102c876e9bab92c21ecf15d1bf2f43ed4ab764bf4a8910
2019,kma_asos:155,2019-06-26,2019-07-28,155,창원,0d7b8f1e7ca1054498102c876e9bab92c21ecf15d1bf2f43ed4ab764bf4a8910
2019,kma_asos:156,2019-06-26,2019-07-28,156,광주,0d7b8f1e7ca1054498102c876e9bab92c21ecf15d1bf2f43ed4ab764bf4a8910
2019,kma_asos:159,2019-06-26,2019-07-28,159,부산,0d7b8f1e7ca1054498102c876e9bab92c21ecf15d1bf2f43ed4ab764bf4a8910
2019,kma_asos:162,2019-06-26,2019-07-28,162,통영,0d7b8f1e7ca1054498102c876e9bab92c21ecf15d1bf2f43ed4ab764bf4a8910
2019,kma_asos:165,2019-06-26,2019-07-28,165,목포,0d7b8f1e7ca1054498102c876e9bab92c21ecf15d1bf2f43ed4ab764bf4a8910
2019,kma_asos:168,2019-06-26,2019-07-28,168,여수,0d7b8f1e7ca1054498102c876e9bab92c21ecf15d1bf2f43ed4ab764bf4a8910
2019,kma_asos:170,2019-06-26,2019-07-28,170,완도,0d7b8f1e7ca1054498102c876e9bab92c21ecf15d1bf2f43ed4ab764bf4a8910
2019,kma_asos:184,2019-06-26,2019-07-19,184,제주,0d7b8f1e7ca1054498102c876e9bab92c21ecf15d1bf2f43ed4ab764bf4a8910
2019,kma_asos:185,2019-06-26,2019-07-19,185,고산,0d7b8f1e7ca1054498102c876e9bab92c21ecf15d1bf2f43ed4ab764bf4a8910
2019,kma_asos:188,2019-06-26,2019-07-19,188,성산,0d7b8f1e7ca1054498102c876e9bab92c21ecf15d1bf2f43ed4ab764bf4a8910
2019,kma_asos:189,2019-06-26,2019-07-19,189,서귀포,0d7b8f1e7ca1054498102c876e9bab92c21ecf15d1bf2f43ed4ab764bf4a8910
2019,kma_asos:192,2019-06-26,2019-07-28,192,진주,0d7b8f1e7ca1054498102c876e9bab92c21ecf15d1bf2f43ed4ab764bf4a8910
2019,kma_asos:201,2019-06-26,2019-07-29,201,강화,0d7b8f1e7ca1054498102c876e9bab92c21ecf15d1bf2f43ed4ab764bf4a8910
2019,kma_asos:202,2019-06-26,2019-07-29,202,양평,0d7b8f1e7ca1054498102c876e9bab92c21ecf15d1bf2f43ed4ab764bf4a8910
2019,kma_asos:203,2019-06-26,2019-07-29,203,이천,0d7b8f1e7ca1054498102c876e9bab92c21ecf15d1bf2f43ed4ab764bf4a8910
2019,kma_asos:211,2019-06-26,2019-07-29,211,인제,0d7b8f1e7ca1054498102c876e9bab92c21ecf15d1bf2f43ed4ab764bf4a8910
2019,kma_asos:212,2019-06-26,2019-07-29,212,홍천,0d7b8f1e7ca1054498102c876e9bab92c21ecf15d1bf2f43ed4ab764bf4a8910
2019,kma_asos:216,2019-06-26,2019-07-29,216,태백,0d7b8f1e7ca1054498102c876e9bab92c21ecf15d1bf2f43ed4ab764bf4a8910
2019,kma_asos:221,2019-06-26,2019-07-29,221,제천,0d7b8f1e7ca1054498102c876e9bab92c21ecf15d1bf2f43ed4ab764bf4a8910
2019,kma_asos:226,2019-06-26,2019-07-29,226,보은,0d7b8f1e7ca1054498102c876e9bab92c21ecf15d1bf2f43ed4ab764bf4a8910
2019,kma_asos:232,2019-06-26,2019-07-29,232,천안,0d7b8f1e7ca1054498102c876e9bab92c21ecf15d1bf2f43ed4ab764bf4a8910
2019,kma_asos:235,2019-06-26,2019-07-29,235,보령,0d7b8f1e7ca1054498102c876e9bab92c21ecf15d1bf2f43ed4ab764bf4a8910
2019,kma_asos:236,2019-06-26,2019-07-29,236,부여,0d7b8f1e7ca1054498102c876e9bab92c21ecf15d1bf2f43ed4ab764bf4a8910
2019,kma_asos:238,2019-06-26,2019-07-29,238,금산,0d7b8f1e7ca1054498102c876e9bab92c21ecf15d1bf2f43ed4ab764bf4a8910
2019,kma_asos:243,2019-06-26,2019-07-28,243,부안,0d7b8f1e7ca1054498102c876e9bab92c21ecf15d1bf2f43ed4ab764bf4a8910
2019,kma_asos:244,2019-06-26,2019-07-28,244,임실,0d7b8f1e7ca1054498102c876e9bab92c21ecf15d1bf2f43ed4ab764bf4a8910
2019,kma_asos:245,2019-06-26,2019-07-28,245,정읍,0d7b8f1e7ca1054498102c876e9bab92c21ecf15d1bf2f43ed4ab764bf4a8910
2019,kma_asos:247,2019-06-26,2019-07-28,247,남원,0d7b8f1e7ca1054498102c876e9bab92c21ecf15d1bf2f43ed4ab764bf4a8910
2019,kma_asos:248,2019-06-26,2019-07-28,248,장수,0d7b8f1e7ca1054498102c876e9bab92c21ecf15d1bf2f43ed4ab764bf4a8910
2019,kma_asos:260,2019-06-26,2019-07-28,260,장흥,0d7b8f1e7ca1054498102c876e9bab92c21ecf15d1bf2f43ed4ab764bf4a8910
2019,kma_asos:261,2019-06-26,2019-07-28,261,해남,0d7b8f1e7ca1054498102c876e9bab92c21ecf15d1bf2f43ed4ab764bf4a8910
2019,kma_asos:262,2019-06-26,2019-07-28,262,고흥,0d7b8f1e7ca1054498102c876e9bab92c21ecf15d1bf2f43ed4ab764bf4a8910
2019,kma_asos:271,2019-06-26,2019-07-28,271,봉화,0d7b8f1e7ca1054498102c876e9bab92c21ecf15d1bf2f43ed4ab764bf4a8910
2019,kma_asos:272,2019-06-26,2019-07-28,272,영주,0d7b8f1e7ca1054498102c876e9bab92c21ecf15d1bf2f43ed4ab764bf4a8910
2019,kma_asos:273,2019-06-26,2019-07-28,273,문경,0d7b8f1e7ca1054498102c876e9bab92c21ecf15d1bf2f43ed4ab764bf4a8910
2019,kma_asos:277,2019-06-26,2019-07-28,277,영덕,0d7b8f1e7ca1054498102c876e9bab92c21ecf15d1bf2f43ed4ab764bf4a8910
2019,kma_asos:278,2019-06-26,2019-07-28,278,의성,0d7b8f1e7ca1054498102c876e9bab92c21ecf15d1bf2f43ed4ab764bf4a8910
2019,kma_asos:279,2019-06-26,2019-07-28,279,구미,0d7b8f1e7ca1054498102c876e9bab92c21ecf15d1bf2f43ed4ab764bf4a8910
2019,kma_asos:281,2019-06-26,2019-07-28,281,영천,0d7b8f1e7ca1054498102c876e9bab92c21ecf15d1bf2f43ed4ab764bf4a8910
2019,kma_asos:284,2019-06-26,2019-07-28,284,거창,0d7b8f1e7ca1054498102c876e9bab92c21ecf15d1bf2f43ed4ab764bf4a8910
2019,kma_asos:285,2019-06-26,2019-07-28,285,합천,0d7b8f1e7ca1054498102c876e9bab92c21ecf15d1bf2f43ed4ab764bf4a8910
2019,kma_asos:288,2019-06-26,2019-07-28,288,밀양,0d7b8f1e7ca1054498102c876e9bab92c21ecf15d1bf2f43ed4ab764bf4a8910
2019,kma_asos:289,2019-06-26,2019-07-28,289,산청,0d7b8f1e7ca1054498102c876e9bab92c21ecf15d1bf2f43ed4ab764bf4a8910
2019,kma_asos:294,2019-06-26,2019-07-28,294,거제,0d7b8f1e7ca1054498102c876e9bab92c21ecf15d1bf2f43ed4ab764bf4a8910
2019,kma_asos:295,2019-06-26,2019-07-28,295,남해,0d7b8f1e7ca1054498102c876e9bab92c21ecf15d1bf2f43ed4ab764bf4a8910
2020,kma_asos:90,2020-06-24,2020-08-16,90,속초,0d7b8f1e7ca1054498102c876e9bab92c21ecf15d1bf2f43ed4ab764bf4a8910
2020,kma_asos:95,2020-06-24,2020-08-16,95,철원,0d7b8f1e7ca1054498102c876e9bab92c21ecf15d1bf2f43ed4ab764bf4a8910
2020,kma_asos:100,2020-06-24,2020-08-16,100,대관령,0d7b8f1e7ca1054498102c876e9bab92c21ecf15d1bf2f43ed4ab764bf4a8910
2020,kma_asos:101,2020-06-24,2020-08-16,101,춘천,0d7b8f1e7ca1054498102c876e9bab92c21ecf15d1bf2f43ed4ab764bf4a8910
2020,kma_asos:105,2020-06-24,2020-08-16,105,강릉,0d7b8f1e7ca1054498102c876e9bab92c21ecf15d1bf2f43ed4ab764bf4a8910
2020,kma_asos:108,2020-06-24,2020-08-16,108,서울,0d7b8f1e7ca1054498102c876e9bab92c21ecf15d1bf2f43ed4ab764bf4a8910
2020,kma_asos:112,2020-06-24,2020-08-16,112,인천,0d7b8f1e7ca1054498102c876e9bab92c21ecf15d1bf2f43ed4ab764bf4a8910
2020,kma_asos:114,2020-06-24,2020-08-16,114,원주,0d7b8f1e7ca1054498102c876e9bab92c21ecf15d1bf2f43ed4ab764bf4a8910
2020,kma_asos:119,2020-06-24,2020-08-16,119,수원,0d7b8f1e7ca1054498102c876e9bab92c21ecf15d1bf2f43ed4ab764bf4a8910
2020,kma_asos:127,2020-06-24,2020-08-16,127,충주,0d7b8f1e7ca1054498102c876e9bab92c21ecf15d1bf2f43ed4ab764bf4a8910
2020,kma_asos:129,2020-06-24,2020-08-16,129,서산,0d7b8f1e7ca1054498102c876e9bab92c21ecf15d1bf2f43ed4ab764bf4a8910
2020,kma_asos:130,2020-06-24,2020-07-31,130,울진,0d7b8f1e7ca1054498102c876e9bab92c21ecf15d1bf2f43ed4ab764bf4a8910
2020,kma_asos:131,2020-06-24,2020-08-16,131,청주,0d7b8f1e7ca1054498102c876e9bab92c21ecf15d1bf2f43ed4ab764bf4a8910
2020,kma_asos:133,2020-06-24,2020-08-16,133,대전,0d7b8f1e7ca1054498102c876e9bab92c21ecf15d1bf2f43ed4ab764bf4a8910
2020,kma_asos:135,2020-06-24,2020-08-16,135,추풍령,0d7b8f1e7ca1054498102c876e9bab92c21ecf15d1bf2f43ed4ab764bf4a8910
2020,kma_asos:136,2020-06-24,2020-07-31,136,안동,0d7b8f1e7ca1054498102c876e9bab92c21ecf15d1bf2f43ed4ab764bf4a8910
2020,kma_asos:138,2020-06-24,2020-07-31,138,포항,0d7b8f1e7ca1054498102c876e9bab92c21ecf15d1bf2f43ed4ab764bf4a8910
2020,kma_asos:140,2020-06-24,2020-07-31,140,군산,0d7b8f1e7ca1054498102c876e9bab92c21ecf15d1bf2f43ed4ab764bf4a8910
2020,kma_asos:143,2020-06-24,2020-07-31,143,대구,0d7b8f1e7ca1054498102c876e9bab92c21ecf15d1bf2f43ed4ab764bf4a8910
2020,kma_asos:146,2020-06-24,2020-07-31,146,전주,0d7b8f1e7ca1054498102c876e9bab92c21ecf15d1bf2f43ed4ab764bf4a8910
2020,kma_asos:152,2020-06-24,2020-07-31,152,울산,0d7b8f1e7ca1054498102c876e9bab92c21ecf15d1bf2f43ed4ab764bf4a8910
2020,kma_asos:155,2020-06-24,2020-07-31,155,창원,0d7b8f1e7ca1054498102c876e9bab92c21ecf15d1bf2f43ed4ab764bf4a8910
2020,kma_asos:156,2020-06-24,2020-07-31,156,광주,0d7b8f1e7ca1054498102c876e9bab92c21ecf15d1bf2f43ed4ab764bf4a8910
2020,kma_asos:159,2020-06-24,2020-07-31,159,부산,0d7b8f1e7ca1054498102c876e9bab92c21ecf15d1bf2f43ed4ab764bf4a8910
2020,kma_asos:162,2020-06-24,2020-07-31,162,통영,0d7b8f1e7ca1054498102c876e9bab92c21ecf15d1bf2f43ed4ab764bf4a8910
2020,kma_asos:165,2020-06-24,2020-07-31,165,목포,0d7b8f1e7ca1054498102c876e9bab92c21ecf15d1bf2f43ed4ab764bf4a8910
2020,kma_asos:168,2020-06-24,2020-07-31,168,여수,0d7b8f1e7ca1054498102c876e9bab92c21ecf15d1bf2f43ed4ab764bf4a8910
2020,kma_asos:170,2020-06-24,2020-07-31,170,완도,0d7b8f1e7ca1054498102c876e9bab92c21ecf15d1bf2f43ed4ab764bf4a8910
2020,kma_asos:184,2020-06-10,2020-07-28,184,제주,0d7b8f1e7ca1054498102c876e9bab92c21ecf15d1bf2f43ed4ab764bf4a8910
2020,kma_asos:185,2020-06-10,2020-07-28,185,고산,0d7b8f1e7ca1054498102c876e9bab92c21ecf15d1bf2f43ed4ab764bf4a8910
2020,kma_asos:188,2020-06-10,2020-07-28,188,성산,0d7b8f1e7ca1054498102c876e9bab92c21ecf15d1bf2f43ed4ab764bf4a8910
2020,kma_asos:189,2020-06-10,2020-07-28,189,서귀포,0d7b8f1e7ca1054498102c876e9bab92c21ecf15d1bf2f43ed4ab764bf4a8910
2020,kma_asos:192,2020-06-24,2020-07-31,192,진주,0d7b8f1e7ca1054498102c876e9bab92c21ecf15d1bf2f43ed4ab764bf4a8910
2020,kma_asos:201,2020-06-24,2020-08-16,201,강화,0d7b8f1e7ca1054498102c876e9bab92c21ecf15d1bf2f43ed4ab764bf4a8910
2020,kma_asos:202,2020-06-24,2020-08-16,202,양평,0d7b8f1e7ca1054498102c876e9bab92c21ecf15d1bf2f43ed4ab764bf4a8910
2020,kma_asos:203,2020-06-24,2020-08-16,203,이천,0d7b8f1e7ca1054498102c876e9bab92c21ecf15d1bf2f43ed4ab764bf4a8910
2020,kma_asos:211,2020-06-24,2020-08-16,211,인제,0d7b8f1e7ca1054498102c876e9bab92c21ecf15d1bf2f43ed4ab764bf4a8910
2020,kma_asos:212,2020-06-24,2020-08-16,212,홍천,0d7b8f1e7ca1054498102c876e9bab92c21ecf15d1bf2f43ed4ab764bf4a8910
2020,kma_asos:216,2020-06-24,2020-08-16,216,태백,0d7b8f1e7ca1054498102c876e9bab92c21ecf15d1bf2f43ed4ab764bf4a8910
2020,kma_asos:221,2020-06-24,2020-08-16,221,제천,0d7b8f1e7ca1054498102c876e9bab92c21ecf15d1bf2f43ed4ab764bf4a8910
2020,kma_asos:226,2020-06-24,2020-08-16,226,보은,0d7b8f1e7ca1054498102c876e9bab92c21ecf15d1bf2f43ed4ab764bf4a8910
2020,kma_asos:232,2020-06-24,2020-08-16,232,천안,0d7b8f1e7ca1054498102c876e9bab92c21ecf15d1bf2f43ed4ab764bf4a8910
2020,kma_asos:235,2020-06-24,2020-08-16,235,보령,0d7b8f1e7ca1054498102c876e9bab92c21ecf15d1bf2f43ed4ab764bf4a8910
2020,kma_asos:236,2020-06-24,2020-08-16,236,부여,0d7b8f1e7ca1054498102c876e9bab92c21ecf15d1bf2f43ed4ab764bf4a8910
2020,kma_asos:238,2020-06-24,2020-08-16,238,금산,0d7b8f1e7ca1054498102c876e9bab92c21ecf15d1bf2f43ed4ab764bf4a8910
2020,kma_asos:243,2020-06-24,2020-07-31,243,부안,0d7b8f1e7ca1054498102c876e9bab92c21ecf15d1bf2f43ed4ab764bf4a8910
2020,kma_asos:244,2020-06-24,2020-07-31,244,임실,0d7b8f1e7ca1054498102c876e9bab92c21ecf15d1bf2f43ed4ab764bf4a8910
2020,kma_asos:245,2020-06-24,2020-07-31,245,정읍,0d7b8f1e7ca1054498102c876e9bab92c21ecf15d1bf2f43ed4ab764bf4a8910
2020,kma_asos:247,2020-06-24,2020-07-31,247,남원,0d7b8f1e7ca1054498102c876e9bab92c21ecf15d1bf2f43ed4ab764bf4a8910
2020,kma_asos:248,2020-06-24,2020-07-31,248,장수,0d7b8f1e7ca1054498102c876e9bab92c21ecf15d1bf2f43ed4ab764bf4a8910
2020,kma_asos:260,2020-06-24,2020-07-31,260,장흥,0d7b8f1e7ca1054498102c876e9bab92c21ecf15d1bf2f43ed4ab764bf4a8910
2020,kma_asos:261,2020-06-24,2020-07-31,261,해남,0d7b8f1e7ca1054498102c876e9bab92c21ecf15d1bf2f43ed4ab764bf4a8910
2020,kma_asos:262,2020-06-24,2020-07-31,262,고흥,0d7b8f1e7ca1054498102c876e9bab92c21ecf15d1bf2f43ed4ab764bf4a8910
2020,kma_asos:271,2020-06-24,2020-07-31,271,봉화,0d7b8f1e7ca1054498102c876e9bab92c21ecf15d1bf2f43ed4ab764bf4a8910
2020,kma_asos:272,2020-06-24,2020-07-31,272,영주,0d7b8f1e7ca1054498102c876e9bab92c21ecf15d1bf2f43ed4ab764bf4a8910
2020,kma_asos:273,2020-06-24,2020-07-31,273,문경,0d7b8f1e7ca1054498102c876e9bab92c21ecf15d1bf2f43ed4ab764bf4a8910
2020,kma_asos:277,2020-06-24,2020-07-31,277,영덕,0d7b8f1e7ca1054498102c876e9bab92c21ecf15d1bf2f43ed4ab764bf4a8910
2020,kma_asos:278,2020-06-24,2020-07-31,278,의성,0d7b8f1e7ca1054498102c876e9bab92c21ecf15d1bf2f43ed4ab764bf4a8910
2020,kma_asos:279,2020-06-24,2020-07-31,279,구미,0d7b8f1e7ca1054498102c876e9bab92c21ecf15d1bf2f43ed4ab764bf4a8910
2020,kma_asos:281,2020-06-24,2020-07-31,281,영천,0d7b8f1e7ca1054498102c876e9bab92c21ecf15d1bf2f43ed4ab764bf4a8910
2020,kma_asos:284,2020-06-24,2020-07-31,284,거창,0d7b8f1e7ca1054498102c876e9bab92c21ecf15d1bf2f43ed4ab764bf4a8910
2020,kma_asos:285,2020-06-24,2020-07-31,285,합천,0d7b8f1e7ca1054498102c876e9bab92c21ecf15d1bf2f43ed4ab764bf4a8910
2020,kma_asos:288,2020-06-24,2020-07-31,288,밀양,0d7b8f1e7ca1054498102c876e9bab92c21ecf15d1bf2f43ed4ab764bf4a8910
2020,kma_asos:289,2020-06-24,2020-07-31,289,산청,0d7b8f1e7ca1054498102c876e9bab92c21ecf15d1bf2f43ed4ab764bf4a8910
2020,kma_asos:294,2020-06-24,2020-07-31,294,거제,0d7b8f1e7ca1054498102c876e9bab92c21ecf15d1bf2f43ed4ab764bf4a8910
2020,kma_asos:295,2020-06-24,2020-07-31,295,남해,0d7b8f1e7ca1054498102c876e9bab92c21ecf15d1bf2f43ed4ab764bf4a8910
2021,kma_asos:90,2021-07-03,2021-07-19,90,속초,0d7b8f1e7ca1054498102c876e9bab92c21ecf15d1bf2f43ed4ab764bf4a8910
2021,kma_asos:95,2021-07-03,2021-07-19,95,철원,0d7b8f1e7ca1054498102c876e9bab92c21ecf15d1bf2f43ed4ab764bf4a8910
2021,kma_asos:100,2021-07-03,2021-07-19,100,대관령,0d7b8f1e7ca1054498102c876e9bab92c21ecf15d1bf2f43ed4ab764bf4a8910
2021,kma_asos:101,2021-07-03,2021-07-19,101,춘천,0d7b8f1e7ca1054498102c876e9bab92c21ecf15d1bf2f43ed4ab764bf4a8910
2021,kma_asos:105,2021-07-03,2021-07-19,105,강릉,0d7b8f1e7ca1054498102c876e9bab92c21ecf15d1bf2f43ed4ab764bf4a8910
2021,kma_asos:108,2021-07-03,2021-07-19,108,서울,0d7b8f1e7ca1054498102c876e9bab92c21ecf15d1bf2f43ed4ab764bf4a8910
2021,kma_asos:112,2021-07-03,2021-07-19,112,인천,0d7b8f1e7ca1054498102c876e9bab92c21ecf15d1bf2f43ed4ab764bf4a8910
2021,kma_asos:114,2021-07-03,2021-07-19,114,원주,0d7b8f1e7ca1054498102c876e9bab92c21ecf15d1bf2f43ed4ab764bf4a8910
2021,kma_asos:119,2021-07-03,2021-07-19,119,수원,0d7b8f1e7ca1054498102c876e9bab92c21ecf15d1bf2f43ed4ab764bf4a8910
2021,kma_asos:127,2021-07-03,2021-07-19,127,충주,0d7b8f1e7ca1054498102c876e9bab92c21ecf15d1bf2f43ed4ab764bf4a8910
2021,kma_asos:129,2021-07-03,2021-07-19,129,서산,0d7b8f1e7ca1054498102c876e9bab92c21ecf15d1bf2f43ed4ab764bf4a8910
2021,kma_asos:130,2021-07-03,2021-07-19,130,울진,0d7b8f1e7ca1054498102c876e9bab92c21ecf15d1bf2f43ed4ab764bf4a8910
2021,kma_asos:131,2021-07-03,2021-07-19,131,청주,0d7b8f1e7ca1054498102c876e9bab92c21ecf15d1bf2f43ed4ab764bf4a8910
2021,kma_asos:133,2021-07-03,2021-07-19,133,대전,0d7b8f1e7ca1054498102c876e9bab92c21ecf15d1bf2f43ed4ab764bf4a8910
2021,kma_asos:135,2021-07-03,2021-07-19,135,추풍령,0d7b8f1e7ca1054498102c876e9bab92c21ecf15d1bf2f43ed4ab764bf4a8910
2021,kma_asos:136,2021-07-03,2021-07-19,136,안동,0d7b8f1e7ca1054498102c876e9bab92c21ecf15d1bf2f43ed4ab764bf4a8910
2021,kma_asos:138,2021-07-03,2021-07-19,138,포항,0d7b8f1e7ca1054498102c876e9bab92c21ecf15d1bf2f43ed4ab764bf4a8910
2021,kma_asos:140,2021-07-03,2021-07-19,140,군산,0d7b8f1e7ca1054498102c876e9bab92c21ecf15d1bf2f43ed4ab764bf4a8910
2021,kma_asos:143,2021-07-03,2021-07-19,143,대구,0d7b8f1e7ca1054498102c876e9bab92c21ecf15d1bf2f43ed4ab764bf4a8910
2021,kma_asos:146,2021-07-03,2021-07-19,146,전주,0d7b8f1e7ca1054498102c876e9bab92c21ecf15d1bf2f43ed4ab764bf4a8910
2021,kma_asos:152,2021-07-03,2021-07-19,152,울산,0d7b8f1e7ca1054498102c876e9bab92c21ecf15d1bf2f43ed4ab764bf4a8910
2021,kma_asos:155,2021-07-03,2021-07-19,155,창원,0d7b8f1e7ca1054498102c876e9bab92c21ecf15d1bf2f43ed4ab764bf4a8910
2021,kma_asos:156,2021-07-03,2021-07-19,156,광주,0d7b8f1e7ca1054498102c876e9bab92c21ecf15d1bf2f43ed4ab764bf4a8910
2021,kma_asos:159,2021-07-03,2021-07-19,159,부산,0d7b8f1e7ca1054498102c876e9bab92c21ecf15d1bf2f43ed4ab764bf4a8910
2021,kma_asos:162,2021-07-03,2021-07-19,162,통영,0d7b8f1e7ca1054498102c876e9bab92c21ecf15d1bf2f43ed4ab764bf4a8910
2021,kma_asos:165,2021-07-03,2021-07-19,165,목포,0d7b8f1e7ca1054498102c876e9bab92c21ecf15d1bf2f43ed4ab764bf4a8910
2021,kma_asos:168,2021-07-03,2021-07-19,168,여수,0d7b8f1e7ca1054498102c876e9bab92c21ecf15d1bf2f43ed4ab764bf4a8910
2021,kma_asos:170,2021-07-03,2021-07-19,170,완도,0d7b8f1e7ca1054498102c876e9bab92c21ecf15d1bf2f43ed4ab764bf4a8910
2021,kma_asos:184,2021-07-03,2021-07-19,184,제주,0d7b8f1e7ca1054498102c876e9bab92c21ecf15d1bf2f43ed4ab764bf4a8910
2021,kma_asos:185,2021-07-03,2021-07-19,185,고산,0d7b8f1e7ca1054498102c876e9bab92c21ecf15d1bf2f43ed4ab764bf4a8910
2021,kma_asos:188,2021-07-03,2021-07-19,188,성산,0d7b8f1e7ca1054498102c876e9bab92c21ecf15d1bf2f43ed4ab764bf4a8910
2021,kma_asos:189,2021-07-03,2021-07-19,189,서귀포,0d7b8f1e7ca1054498102c876e9bab92c21ecf15d1bf2f43ed4ab764bf4a8910
2021,kma_asos:192,2021-07-03,2021-07-19,192,진주,0d7b8f1e7ca1054498102c876e9bab92c21ecf15d1bf2f43ed4ab764bf4a8910
2021,kma_asos:201,2021-07-03,2021-07-19,201,강화,0d7b8f1e7ca1054498102c876e9bab92c21ecf15d1bf2f43ed4ab764bf4a8910
2021,kma_asos:202,2021-07-03,2021-07-19,202,양평,0d7b8f1e7ca1054498102c876e9bab92c21ecf15d1bf2f43ed4ab764bf4a8910
2021,kma_asos:203,2021-07-03,2021-07-19,203,이천,0d7b8f1e7ca1054498102c876e9bab92c21ecf15d1bf2f43ed4ab764bf4a8910
2021,kma_asos:211,2021-07-03,2021-07-19,211,인제,0d7b8f1e7ca1054498102c876e9bab92c21ecf15d1bf2f43ed4ab764bf4a8910
2021,kma_asos:212,2021-07-03,2021-07-19,212,홍천,0d7b8f1e7ca1054498102c876e9bab92c21ecf15d1bf2f43ed4ab764bf4a8910
2021,kma_asos:216,2021-07-03,2021-07-19,216,태백,0d7b8f1e7ca1054498102c876e9bab92c21ecf15d1bf2f43ed4ab764bf4a8910
2021,kma_asos:221,2021-07-03,2021-07-19,221,제천,0d7b8f1e7ca1054498102c876e9bab92c21ecf15d1bf2f43ed4ab764bf4a8910
2021,kma_asos:226,2021-07-03,2021-07-19,226,보은,0d7b8f1e7ca1054498102c876e9bab92c21ecf15d1bf2f43ed4ab764bf4a8910
2021,kma_asos:232,2021-07-03,2021-07-19,232,천안,0d7b8f1e7ca1054498102c876e9bab92c21ecf15d1bf2f43ed4ab764bf4a8910
2021,kma_asos:235,2021-07-03,2021-07-19,235,보령,0d7b8f1e7ca1054498102c876e9bab92c21ecf15d1bf2f43ed4ab764bf4a8910
2021,kma_asos:236,2021-07-03,2021-07-19,236,부여,0d7b8f1e7ca1054498102c876e9bab92c21ecf15d1bf2f43ed4ab764bf4a8910
2021,kma_asos:238,2021-07-03,2021-07-19,238,금산,0d7b8f1e7ca1054498102c876e9bab92c21ecf15d1bf2f43ed4ab764bf4a8910
2021,kma_asos:243,2021-07-03,2021-07-19,243,부안,0d7b8f1e7ca1054498102c876e9bab92c21ecf15d1bf2f43ed4ab764bf4a8910
2021,kma_asos:244,2021-07-03,2021-07-19,244,임실,0d7b8f1e7ca1054498102c876e9bab92c21ecf15d1bf2f43ed4ab764bf4a8910
2021,kma_asos:245,2021-07-03,2021-07-19,245,정읍,0d7b8f1e7ca1054498102c876e9bab92c21ecf15d1bf2f43ed4ab764bf4a8910
2021,kma_asos:247,2021-07-03,2021-07-19,247,남원,0d7b8f1e7ca1054498102c876e9bab92c21ecf15d1bf2f43ed4ab764bf4a8910
2021,kma_asos:248,2021-07-03,2021-07-19,248,장수,0d7b8f1e7ca1054498102c876e9bab92c21ecf15d1bf2f43ed4ab764bf4a8910
2021,kma_asos:260,2021-07-03,2021-07-19,260,장흥,0d7b8f1e7ca1054498102c876e9bab92c21ecf15d1bf2f43ed4ab764bf4a8910
2021,kma_asos:261,2021-07-03,2021-07-19,261,해남,0d7b8f1e7ca1054498102c876e9bab92c21ecf15d1bf2f43ed4ab764bf4a8910
2021,kma_asos:262,2021-07-03,2021-07-19,262,고흥,0d7b8f1e7ca1054498102c876e9bab92c21ecf15d1bf2f43ed4ab764bf4a8910
2021,kma_asos:271,2021-07-03,2021-07-19,271,봉화,0d7b8f1e7ca1054498102c876e9bab92c21ecf15d1bf2f43ed4ab764bf4a8910
2021,kma_asos:272,2021-07-03,2021-07-19,272,영주,0d7b8f1e7ca1054498102c876e9bab92c21ecf15d1bf2f43ed4ab764bf4a8910
2021,kma_asos:273,2021-07-03,2021-07-19,273,문경,0d7b8f1e7ca1054498102c876e9bab92c21ecf15d1bf2f43ed4ab764bf4a8910
2021,kma_asos:277,2021-07-03,2021-07-19,277,영덕,0d7b8f1e7ca1054498102c876e9bab92c21ecf15d1bf2f43ed4ab764bf4a8910
2021,kma_asos:278,2021-07-03,2021-07-19,278,의성,0d7b8f1e7ca1054498102c876e9bab92c21ecf15d1bf2f43ed4ab764bf4a8910
2021,kma_asos:279,2021-07-03,2021-07-19,279,구미,0d7b8f1e7ca1054498102c876e9bab92c21ecf15d1bf2f43ed4ab764bf4a8910
2021,kma_asos:281,2021-07-03,2021-07-19,281,영천,0d7b8f1e7ca1054498102c876e9bab92c21ecf15d1bf2f43ed4ab764bf4a8910
2021,kma_asos:284,2021-07-03,2021-07-19,284,거창,0d7b8f1e7ca1054498102c876e9bab92c21ecf15d1bf2f43ed4ab764bf4a8910
2021,kma_asos:285,2021-07-03,2021-07-19,285,합천,0d7b8f1e7ca1054498102c876e9bab92c21ecf15d1bf2f43ed4ab764bf4a8910
2021,kma_asos:288,2021-07-03,2021-07-19,288,밀양,0d7b8f1e7ca1054498102c876e9bab92c21ecf15d1bf2f43ed4ab764bf4a8910
2021,kma_asos:289,2021-07-03,2021-07-19,289,산청,0d7b8f1e7ca1054498102c876e9bab92c21ecf15d1bf2f43ed4ab764bf4a8910
2021,kma_asos:294,2021-07-03,2021-07-19,294,거제,0d7b8f1e7ca1054498102c876e9bab92c21ecf15d1bf2f43ed4ab764bf4a8910
2021,kma_asos:295,2021-07-03,2021-07-19,295,남해,0d7b8f1e7ca1054498102c876e9bab92c21ecf15d1bf2f43ed4ab764bf4a8910
2022,kma_asos:90,2022-06-23,2022-07-25,90,속초,0d7b8f1e7ca1054498102c876e9bab92c21ecf15d1bf2f43ed4ab764bf4a8910
2022,kma_asos:95,2022-06-23,2022-07-25,95,철원,0d7b8f1e7ca1054498102c876e9bab92c21ecf15d1bf2f43ed4ab764bf4a8910
2022,kma_asos:100,2022-06-23,2022-07-25,100,대관령,0d7b8f1e7ca1054498102c876e9bab92c21ecf15d1bf2f43ed4ab764bf4a8910
2022,kma_asos:101,2022-06-23,2022-07-25,101,춘천,0d7b8f1e7ca1054498102c876e9bab92c21ecf15d1bf2f43ed4ab764bf4a8910
2022,kma_asos:105,2022-06-23,2022-07-25,105,강릉,0d7b8f1e7ca1054498102c876e9bab92c21ecf15d1bf2f43ed4ab764bf4a8910
2022,kma_asos:108,2022-06-23,2022-07-25,108,서울,0d7b8f1e7ca1054498102c876e9bab92c21ecf15d1bf2f43ed4ab764bf4a8910
2022,kma_asos:112,2022-06-23,2022-07-25,112,인천,0d7b8f1e7ca1054498102c876e9bab92c21ecf15d1bf2f43ed4ab764bf4a8910
2022,kma_asos:114,2022-06-23,2022-07-25,114,원주,0d7b8f1e7ca1054498102c876e9bab92c21ecf15d1bf2f43ed4ab764bf4a8910
2022,kma_asos:119,2022-06-23,2022-07-25,119,수원,0d7b8f1e7ca1054498102c876e9bab92c21ecf15d1bf2f43ed4ab764bf4a8910
2022,kma_asos:127,2022-06-23,2022-07-25,127,충주,0d7b8f1e7ca1054498102c876e9bab92c21ecf15d1bf2f43ed4ab764bf4a8910
2022,kma_asos:129,2022-06-23,2022-07-25,129,서산,0d7b8f1e7ca1054498102c876e9bab92c21ecf15d1bf2f43ed4ab764bf4a8910
2022,kma_asos:130,2022-06-23,2022-07-25,130,울진,0d7b8f1e7ca1054498102c876e9bab92c21ecf15d1bf2f43ed4ab764bf4a8910
2022,kma_asos:131,2022-06-23,2022-07-25,131,청주,0d7b8f1e7ca1054498102c876e9bab92c21ecf15d1bf2f43ed4ab764bf4a8910
2022,kma_asos:133,2022-06-23,2022-07-25,133,대전,0d7b8f1e7ca1054498102c876e9bab92c21ecf15d1bf2f43ed4ab764bf4a8910
2022,kma_asos:135,2022-06-23,2022-07-25,135,추풍령,0d7b8f1e7ca1054498102c876e9bab92c21ecf15d1bf2f43ed4ab764bf4a8910
2022,kma_asos:136,2022-06-23,2022-07-25,136,안동,0d7b8f1e7ca1054498102c876e9bab92c21ecf15d1bf2f43ed4ab764bf4a8910
2022,kma_asos:138,2022-06-23,2022-07-25,138,포항,0d7b8f1e7ca1054498102c876e9bab92c21ecf15d1bf2f43ed4ab764bf4a8910
2022,kma_asos:140,2022-06-23,2022-07-25,140,군산,0d7b8f1e7ca1054498102c876e9bab92c21ecf15d1bf2f43ed4ab764bf4a8910
2022,kma_asos:143,2022-06-23,2022-07-25,143,대구,0d7b8f1e7ca1054498102c876e9bab92c21ecf15d1bf2f43ed4ab764bf4a8910
2022,kma_asos:146,2022-06-23,2022-07-25,146,전주,0d7b8f1e7ca1054498102c876e9bab92c21ecf15d1bf2f43ed4ab764bf4a8910
2022,kma_asos:152,2022-06-23,2022-07-25,152,울산,0d7b8f1e7ca1054498102c876e9bab92c21ecf15d1bf2f43ed4ab764bf4a8910
2022,kma_asos:155,2022-06-23,2022-07-25,155,창원,0d7b8f1e7ca1054498102c876e9bab92c21ecf15d1bf2f43ed4ab764bf4a8910
2022,kma_asos:156,2022-06-23,2022-07-25,156,광주,0d7b8f1e7ca1054498102c876e9bab92c21ecf15d1bf2f43ed4ab764bf4a8910
2022,kma_asos:159,2022-06-23,2022-07-25,159,부산,0d7b8f1e7ca1054498102c876e9bab92c21ecf15d1bf2f43ed4ab764bf4a8910
2022,kma_asos:162,2022-06-23,2022-07-25,162,통영,0d7b8f1e7ca1054498102c876e9bab92c21ecf15d1bf2f43ed4ab764bf4a8910
2022,kma_asos:165,2022-06-23,2022-07-25,165,목포,0d7b8f1e7ca1054498102c876e9bab92c21ecf15d1bf2f43ed4ab764bf4a8910
2022,kma_asos:168,2022-06-23,2022-07-25,168,여수,0d7b8f1e7ca1054498102c876e9bab92c21ecf15d1bf2f43ed4ab764bf4a8910
2022,kma_asos:170,2022-06-23,2022-07-25,170,완도,0d7b8f1e7ca1054498102c876e9bab92c21ecf15d1bf2f43ed4ab764bf4a8910
2022,kma_asos:184,2022-06-21,2022-07-24,184,제주,0d7b8f1e7ca1054498102c876e9bab92c21ecf15d1bf2f43ed4ab764bf4a8910
2022,kma_asos:185,2022-06-21,2022-07-24,185,고산,0d7b8f1e7ca1054498102c876e9bab92c21ecf15d1bf2f43ed4ab764bf4a8910
2022,kma_asos:188,2022-06-21,2022-07-24,188,성산,0d7b8f1e7ca1054498102c876e9bab92c21ecf15d1bf2f43ed4ab764bf4a8910
2022,kma_asos:189,2022-06-21,2022-07-24,189,서귀포,0d7b8f1e7ca1054498102c876e9bab92c21ecf15d1bf2f43ed4ab764bf4a8910
2022,kma_asos:192,2022-06-23,2022-07-25,192,진주,0d7b8f1e7ca1054498102c876e9bab92c21ecf15d1bf2f43ed4ab764bf4a8910
2022,kma_asos:201,2022-06-23,2022-07-25,201,강화,0d7b8f1e7ca1054498102c876e9bab92c21ecf15d1bf2f43ed4ab764bf4a8910
2022,kma_asos:202,2022-06-23,2022-07-25,202,양평,0d7b8f1e7ca1054498102c876e9bab92c21ecf15d1bf2f43ed4ab764bf4a8910
2022,kma_asos:203,2022-06-23,2022-07-25,203,이천,0d7b8f1e7ca1054498102c876e9bab92c21ecf15d1bf2f43ed4ab764bf4a8910
2022,kma_asos:211,2022-06-23,2022-07-25,211,인제,0d7b8f1e7ca1054498102c876e9bab92c21ecf15d1bf2f43ed4ab764bf4a8910
2022,kma_asos:212,2022-06-23,2022-07-25,212,홍천,0d7b8f1e7ca1054498102c876e9bab92c21ecf15d1bf2f43ed4ab764bf4a8910
2022,kma_asos:216,2022-06-23,2022-07-25,216,태백,0d7b8f1e7ca1054498102c876e9bab92c21ecf15d1bf2f43ed4ab764bf4a8910
2022,kma_asos:221,2022-06-23,2022-07-25,221,제천,0d7b8f1e7ca1054498102c876e9bab92c21ecf15d1bf2f43ed4ab764bf4a8910
2022,kma_asos:226,2022-06-23,2022-07-25,226,보은,0d7b8f1e7ca1054498102c876e9bab92c21ecf15d1bf2f43ed4ab764bf4a8910
2022,kma_asos:232,2022-06-23,2022-07-25,232,천안,0d7b8f1e7ca1054498102c876e9bab92c21ecf15d1bf2f43ed4ab764bf4a8910
2022,kma_asos:235,2022-06-23,2022-07-25,235,보령,0d7b8f1e7ca1054498102c876e9bab92c21ecf15d1bf2f43ed4ab764bf4a8910
2022,kma_asos:236,2022-06-23,2022-07-25,236,부여,0d7b8f1e7ca1054498102c876e9bab92c21ecf15d1bf2f43ed4ab764bf4a8910
2022,kma_asos:238,2022-06-23,2022-07-25,238,금산,0d7b8f1e7ca1054498102c876e9bab92c21ecf15d1bf2f43ed4ab764bf4a8910
2022,kma_asos:243,2022-06-23,2022-07-25,243,부안,0d7b8f1e7ca1054498102c876e9bab92c21ecf15d1bf2f43ed4ab764bf4a8910
2022,kma_asos:244,2022-06-23,2022-07-25,244,임실,0d7b8f1e7ca1054498102c876e9bab92c21ecf15d1bf2f43ed4ab764bf4a8910
2022,kma_asos:245,2022-06-23,2022-07-25,245,정읍,0d7b8f1e7ca1054498102c876e9bab92c21ecf15d1bf2f43ed4ab764bf4a8910
2022,kma_asos:247,2022-06-23,2022-07-25,247,남원,0d7b8f1e7ca1054498102c876e9bab92c21ecf15d1bf2f43ed4ab764bf4a8910
2022,kma_asos:248,2022-06-23,2022-07-25,248,장수,0d7b8f1e7ca1054498102c876e9bab92c21ecf15d1bf2f43ed4ab764bf4a8910
2022,kma_asos:260,2022-06-23,2022-07-25,260,장흥,0d7b8f1e7ca1054498102c876e9bab92c21ecf15d1bf2f43ed4ab764bf4a8910
2022,kma_asos:261,2022-06-23,2022-07-25,261,해남,0d7b8f1e7ca1054498102c876e9bab92c21ecf15d1bf2f43ed4ab764bf4a8910
2022,kma_asos:262,2022-06-23,2022-07-25,262,고흥,0d7b8f1e7ca1054498102c876e9bab92c21ecf15d1bf2f43ed4ab764bf4a8910
2022,kma_asos:271,2022-06-23,2022-07-25,271,봉화,0d7b8f1e7ca1054498102c876e9bab92c21ecf15d1bf2f43ed4ab764bf4a8910
2022,kma_asos:272,2022-06-23,2022-07-25,272,영주,0d7b8f1e7ca1054498102c876e9bab92c21ecf15d1bf2f43ed4ab764bf4a8910
2022,kma_asos:273,2022-06-23,2022-07-25,273,문경,0d7b8f1e7ca1054498102c876e9bab92c21ecf15d1bf2f43ed4ab764bf4a8910
2022,kma_asos:277,2022-06-23,2022-07-25,277,영덕,0d7b8f1e7ca1054498102c876e9bab92c21ecf15d1bf2f43ed4ab764bf4a8910
2022,kma_asos:278,2022-06-23,2022-07-25,278,의성,0d7b8f1e7ca1054498102c876e9bab92c21ecf15d1bf2f43ed4ab764bf4a8910
2022,kma_asos:279,2022-06-23,2022-07-25,279,구미,0d7b8f1e7ca1054498102c876e9bab92c21ecf15d1bf2f43ed4ab764bf4a8910
2022,kma_asos:281,2022-06-23,2022-07-25,281,영천,0d7b8f1e7ca1054498102c876e9bab92c21ecf15d1bf2f43ed4ab764bf4a8910
2022,kma_asos:284,2022-06-23,2022-07-25,284,거창,0d7b8f1e7ca1054498102c876e9bab92c21ecf15d1bf2f43ed4ab764bf4a8910
2022,kma_asos:285,2022-06-23,2022-07-25,285,합천,0d7b8f1e7ca1054498102c876e9bab92c21ecf15d1bf2f43ed4ab764bf4a8910
2022,kma_asos:288,2022-06-23,2022-07-25,288,밀양,0d7b8f1e7ca1054498102c876e9bab92c21ecf15d1bf2f43ed4ab764bf4a8910
2022,kma_asos:289,2022-06-23,2022-07-25,289,산청,0d7b8f1e7ca1054498102c876e9bab92c21ecf15d1bf2f43ed4ab764bf4a8910
2022,kma_asos:294,2022-06-23,2022-07-25,294,거제,0d7b8f1e7ca1054498102c876e9bab92c21ecf15d1bf2f43ed4ab764bf4a8910
2022,kma_asos:295,2022-06-23,2022-07-25,295,남해,0d7b8f1e7ca1054498102c876e9bab92c21ecf15d1bf2f43ed4ab764bf4a8910
2023,kma_asos:90,2023-06-26,2023-07-26,90,속초,0d7b8f1e7ca1054498102c876e9bab92c21ecf15d1bf2f43ed4ab764bf4a8910
2023,kma_asos:95,2023-06-26,2023-07-26,95,철원,0d7b8f1e7ca1054498102c876e9bab92c21ecf15d1bf2f43ed4ab764bf4a8910
2023,kma_asos:100,2023-06-26,2023-07-26,100,대관령,0d7b8f1e7ca1054498102c876e9bab92c21ecf15d1bf2f43ed4ab764bf4a8910
2023,kma_asos:101,2023-06-26,2023-07-26,101,춘천,0d7b8f1e7ca1054498102c876e9bab92c21ecf15d1bf2f43ed4ab764bf4a8910
2023,kma_asos:105,2023-06-26,2023-07-26,105,강릉,0d7b8f1e7ca1054498102c876e9bab92c21ecf15d1bf2f43ed4ab764bf4a8910
2023,kma_asos:108,2023-06-26,2023-07-26,108,서울,0d7b8f1e7ca1054498102c876e9bab92c21ecf15d1bf2f43ed4ab764bf4a8910
2023,kma_asos:112,2023-06-26,2023-07-26,112,인천,0d7b8f1e7ca1054498102c876e9bab92c21ecf15d1bf2f43ed4ab764bf4a8910
2023,kma_asos:114,2023-06-26,2023-07-26,114,원주,0d7b8f1e7ca1054498102c876e9bab92c21ecf15d1bf2f43ed4ab764bf4a8910
2023,kma_asos:119,2023-06-26,2023-07-26,119,수원,0d7b8f1e7ca1054498102c876e9bab92c21ecf15d1bf2f43ed4ab764bf4a8910
2023,kma_asos:127,2023-06-26,2023-07-26,127,충주,0d7b8f1e7ca1054498102c876e9bab92c21ecf15d1bf2f43ed4ab764bf4a8910
2023,kma_asos:129,2023-06-26,2023-07-26,129,서산,0d7b8f1e7ca1054498102c876e9bab92c21ecf15d1bf2f43ed4ab764bf4a8910
2023,kma_asos:130,2023-06-25,2023-07-26,130,울진,0d7b8f1e7ca1054498102c876e9bab92c21ecf15d1bf2f43ed4ab764bf4a8910
2023,kma_asos:131,2023-06-26,2023-07-26,131,청주,0d7b8f1e7ca1054498102c876e9bab92c21ecf15d1bf2f43ed4ab764bf4a8910
2023,kma_asos:133,2023-06-26,2023-07-26,133,대전,0d7b8f1e7ca1054498102c876e9bab92c21ecf15d1bf2f43ed4ab764bf4a8910
2023,kma_asos:135,2023-06-26,2023-07-26,135,추풍령,0d7b8f1e7ca1054498102c876e9bab92c21ecf15d1bf2f43ed4ab764bf4a8910
2023,kma_asos:136,2023-06-25,2023-07-26,136,안동,0d7b8f1e7ca1054498102c876e9bab92c21ecf15d1bf2f43ed4ab764bf4a8910
2023,kma_asos:138,2023-06-25,2023-07-26,138,포항,0d7b8f1e7ca1054498102c876e9bab92c21ecf15d1bf2f43ed4ab764bf4a8910
2023,kma_asos:140,2023-06-25,2023-07-26,140,군산,0d7b8f1e7ca1054498102c876e9bab92c21ecf15d1bf2f43ed4ab764bf4a8910
2023,kma_asos:143,2023-06-25,2023-07-26,143,대구,0d7b8f1e7ca1054498102c876e9bab92c21ecf15d1bf2f43ed4ab764bf4a8910
2023,kma_asos:146,2023-06-25,2023-07-26,146,전주,0d7b8f1e7ca1054498102c876e9bab92c21ecf15d1bf2f43ed4ab764bf4a8910
2023,kma_asos:152,2023-06-25,2023-07-26,152,울산,0d7b8f1e7ca1054498102c876e9bab92c21ecf15d1bf2f43ed4ab764bf4a8910
2023,kma_asos:155,2023-06-25,2023-07-26,155,창원,0d7b8f1e7ca1054498102c876e9bab92c21ecf15d1bf2f43ed4ab764bf4a8910
2023,kma_asos:156,2023-06-25,2023-07-26,156,광주,0d7b8f1e7ca1054498102c876e9bab92c21ecf15d1bf2f43ed4ab764bf4a8910
2023,kma_asos:159,2023-06-25,2023-07-26,159,부산,0d7b8f1e7ca1054498102c876e9bab92c21ecf15d1bf2f43ed4ab764bf4a8910
2023,kma_asos:162,2023-06-25,2023-07-26,162,통영,0d7b8f1e7ca1054498102c876e9bab92c21ecf15d1bf2f43ed4ab764bf4a8910
2023,kma_asos:165,2023-06-25,2023-07-26,165,목포,0d7b8f1e7ca1054498102c876e9bab92c21ecf15d1bf2f43ed4ab764bf4a8910
2023,kma_asos:168,2023-06-25,2023-07-26,168,여수,0d7b8f1e7ca1054498102c876e9bab92c21ecf15d1bf2f43ed4ab764bf4a8910
2023,kma_asos:170,2023-06-25,2023-07-26,170,완도,0d7b8f1e7ca1054498102c876e9bab92c21ecf15d1bf2f43ed4ab764bf4a8910
2023,kma_asos:184,2023-06-25,2023-07-25,184,제주,0d7b8f1e7ca1054498102c876e9bab92c21ecf15d1bf2f43ed4ab764bf4a8910
2023,kma_asos:185,2023-06-25,2023-07-25,185,고산,0d7b8f1e7ca1054498102c876e9bab92c21ecf15d1bf2f43ed4ab764bf4a8910
2023,kma_asos:188,2023-06-25,2023-07-25,188,성산,0d7b8f1e7ca1054498102c876e9bab92c21ecf15d1bf2f43ed4ab764bf4a8910
2023,kma_asos:189,2023-06-25,2023-07-25,189,서귀포,0d7b8f1e7ca1054498102c876e9bab92c21ecf15d1bf2f43ed4ab764bf4a8910
2023,kma_asos:192,2023-06-25,2023-07-26,192,진주,0d7b8f1e7ca1054498102c876e9bab92c21ecf15d1bf2f43ed4ab764bf4a8910
2023,kma_asos:201,2023-06-26,2023-07-26,201,강화,0d7b8f1e7ca1054498102c876e9bab92c21ecf15d1bf2f43ed4ab764bf4a8910
2023,kma_asos:202,2023-06-26,2023-07-26,202,양평,0d7b8f1e7ca1054498102c876e9bab92c21ecf15d1bf2f43ed4ab764bf4a8910
2023,kma_asos:203,2023-06-26,2023-07-26,203,이천,0d7b8f1e7ca1054498102c876e9bab92c21ecf15d1bf2f43ed4ab764bf4a8910
2023,kma_asos:211,2023-06-26,2023-07-26,211,인제,0d7b8f1e7ca1054498102c876e9bab92c21ecf15d1bf2f43ed4ab764bf4a8910
2023,kma_asos:212,2023-06-26,2023-07-26,212,홍천,0d7b8f1e7ca1054498102c876e9bab92c21ecf15d1bf2f43ed4ab764bf4a8910
2023,kma_asos:216,2023-06-26,2023-07-26,216,태백,0d7b8f1e7ca1054498102c876e9bab92c21ecf15d1bf2f43ed4ab764bf4a8910
2023,kma_asos:221,2023-06-26,2023-07-26,221,제천,0d7b8f1e7ca1054498102c876e9bab92c21ecf15d1bf2f43ed4ab764bf4a8910
2023,kma_asos:226,2023-06-26,2023-07-26,226,보은,0d7b8f1e7ca1054498102c876e9bab92c21ecf15d1bf2f43ed4ab764bf4a8910
2023,kma_asos:232,2023-06-26,2023-07-26,232,천안,0d7b8f1e7ca1054498102c876e9bab92c21ecf15d1bf2f43ed4ab764bf4a8910
2023,kma_asos:235,2023-06-26,2023-07-26,235,보령,0d7b8f1e7ca1054498102c876e9bab92c21ecf15d1bf2f43ed4ab764bf4a8910
2023,kma_asos:236,2023-06-26,2023-07-26,236,부여,0d7b8f1e7ca1054498102c876e9bab92c21ecf15d1bf2f43ed4ab764bf4a8910
2023,kma_asos:238,2023-06-26,2023-07-26,238,금산,0d7b8f1e7ca1054498102c876e9bab92c21ecf15d1bf2f43ed4ab764bf4a8910
2023,kma_asos:243,2023-06-25,2023-07-26,243,부안,0d7b8f1e7ca1054498102c876e9bab92c21ecf15d1bf2f43ed4ab764bf4a8910
2023,kma_asos:244,2023-06-25,2023-07-26,244,임실,0d7b8f1e7ca1054498102c876e9bab92c21ecf15d1bf2f43ed4ab764bf4a8910
2023,kma_asos:245,2023-06-25,2023-07-26,245,정읍,0d7b8f1e7ca1054498102c876e9bab92c21ecf15d1bf2f43ed4ab764bf4a8910
2023,kma_asos:247,2023-06-25,2023-07-26,247,남원,0d7b8f1e7ca1054498102c876e9bab92c21ecf15d1bf2f43ed4ab764bf4a8910
2023,kma_asos:248,2023-06-25,2023-07-26,248,장수,0d7b8f1e7ca1054498102c876e9bab92c21ecf15d1bf2f43ed4ab764bf4a8910
2023,kma_asos:260,2023-06-25,2023-07-26,260,장흥,0d7b8f1e7ca1054498102c876e9bab92c21ecf15d1bf2f43ed4ab764bf4a8910
2023,kma_asos:261,2023-06-25,2023-07-26,261,해남,0d7b8f1e7ca1054498102c876e9bab92c21ecf15d1bf2f43ed4ab764bf4a8910
2023,kma_asos:262,2023-06-25,2023-07-26,262,고흥,0d7b8f1e7ca1054498102c876e9bab92c21ecf15d1bf2f43ed4ab764bf4a8910
2023,kma_asos:271,2023-06-25,2023-07-26,271,봉화,0d7b8f1e7ca1054498102c876e9bab92c21ecf15d1bf2f43ed4ab764bf4a8910
2023,kma_asos:272,2023-06-25,2023-07-26,272,영주,0d7b8f1e7ca1054498102c876e9bab92c21ecf15d1bf2f43ed4ab764bf4a8910
2023,kma_asos:273,2023-06-25,2023-07-26,273,문경,0d7b8f1e7ca1054498102c876e9bab92c21ecf15d1bf2f43ed4ab764bf4a8910
2023,kma_asos:277,2023-06-25,2023-07-26,277,영덕,0d7b8f1e7ca1054498102c876e9bab92c21ecf15d1bf2f43ed4ab764bf4a8910
2023,kma_asos:278,2023-06-25,2023-07-26,278,의성,0d7b8f1e7ca1054498102c876e9bab92c21ecf15d1bf2f43ed4ab764bf4a8910
2023,kma_asos:279,2023-06-25,2023-07-26,279,구미,0d7b8f1e7ca1054498102c876e9bab92c21ecf15d1bf2f43ed4ab764bf4a8910
2023,kma_asos:281,2023-06-25,2023-07-26,281,영천,0d7b8f1e7ca1054498102c876e9bab92c21ecf15d1bf2f43ed4ab764bf4a8910
2023,kma_asos:284,2023-06-25,2023-07-26,284,거창,0d7b8f1e7ca1054498102c876e9bab92c21ecf15d1bf2f43ed4ab764bf4a8910
2023,kma_asos:285,2023-06-25,2023-07-26,285,합천,0d7b8f1e7ca1054498102c876e9bab92c21ecf15d1bf2f43ed4ab764bf4a8910
2023,kma_asos:288,2023-06-25,2023-07-26,288,밀양,0d7b8f1e7ca1054498102c876e9bab92c21ecf15d1bf2f43ed4ab764bf4a8910
2023,kma_asos:289,2023-06-25,2023-07-26,289,산청,0d7b8f1e7ca1054498102c876e9bab92c21ecf15d1bf2f43ed4ab764bf4a8910
2023,kma_asos:294,2023-06-25,2023-07-26,294,거제,0d7b8f1e7ca1054498102c876e9bab92c21ecf15d1bf2f43ed4ab764bf4a8910
2023,kma_asos:295,2023-06-25,2023-07-26,295,남해,0d7b8f1e7ca1054498102c876e9bab92c21ecf15d1bf2f43ed4ab764bf4a8910
2024,kma_asos:90,2024-06-29,2024-07-27,90,속초,0d7b8f1e7ca1054498102c876e9bab92c21ecf15d1bf2f43ed4ab764bf4a8910
2024,kma_asos:95,2024-06-29,2024-07-27,95,철원,0d7b8f1e7ca1054498102c876e9bab92c21ecf15d1bf2f43ed4ab764bf4a8910
2024,kma_asos:100,2024-06-29,2024-07-27,100,대관령,0d7b8f1e7ca1054498102c876e9bab92c21ecf15d1bf2f43ed4ab764bf4a8910
2024,kma_asos:101,2024-06-29,2024-07-27,101,춘천,0d7b8f1e7ca1054498102c876e9bab92c21ecf15d1bf2f43ed4ab764bf4a8910
2024,kma_asos:105,2024-06-29,2024-07-27,105,강릉,0d7b8f1e7ca1054498102c876e9bab92c21ecf15d1bf2f43ed4ab764bf4a8910
2024,kma_asos:108,2024-06-29,2024-07-27,108,서울,0d7b8f1e7ca1054498102c876e9bab92c21ecf15d1bf2f43ed4ab764bf4a8910
2024,kma_asos:112,2024-06-29,2024-07-27,112,인천,0d7b8f1e7ca1054498102c876e9bab92c21ecf15d1bf2f43ed4ab764bf4a8910
2024,kma_asos:114,2024-06-29,2024-07-27,114,원주,0d7b8f1e7ca1054498102c876e9bab92c21ecf15d1bf2f43ed4ab764bf4a8910
2024,kma_asos:119,2024-06-29,2024-07-27,119,수원,0d7b8f1e7ca1054498102c876e9bab92c21ecf15d1bf2f43ed4ab764bf4a8910
2024,kma_asos:127,2024-06-29,2024-07-27,127,충주,0d7b8f1e7ca1054498102c876e9bab92c21ecf15d1bf2f43ed4ab764bf4a8910
2024,kma_asos:129,2024-06-29,2024-07-27,129,서산,0d7b8f1e7ca1054498102c876e9bab92c21ecf15d1bf2f43ed4ab764bf4a8910
2024,kma_asos:130,2024-06-22,2024-07-27,130,울진,0d7b8f1e7ca1054498102c876e9bab92c21ecf15d1bf2f43ed4ab764bf4a8910
2024,kma_asos:131,2024-06-29,2024-07-27,131,청주,0d7b8f1e7ca1054498102c876e9bab92c21ecf15d1bf2f43ed4ab764bf4a8910
2024,kma_asos:133,2024-06-29,2024-07-27,133,대전,0d7b8f1e7ca1054498102c876e9bab92c21ecf15d1bf2f43ed4ab764bf4a8910
2024,kma_asos:135,2024-06-29,2024-07-27,135,추풍령,0d7b8f1e7ca1054498102c876e9bab92c21ecf15d1bf2f43ed4ab764bf4a8910
2024,kma_asos:136,2024-06-22,2024-07-27,136,안동,0d7b8f1e7ca1054498102c876e9bab92c21ecf15d1bf2f43ed4ab764bf4a8910
2024,kma_asos:138,2024-06-22,2024-07-27,138,포항,0d7b8f1e7ca1054498102c876e9bab92c21ecf15d1bf2f43ed4ab764bf4a8910
2024,kma_asos:140,2024-06-22,2024-07-27,140,군산,0d7b8f1e7ca1054498102c876e9bab92c21ecf15d1bf2f43ed4ab764bf4a8910
2024,kma_asos:143,2024-06-22,2024-07-27,143,대구,0d7b8f1e7ca1054498102c876e9bab92c21ecf15d1bf2f43ed4ab764bf4a8910
2024,kma_asos:146,2024-06-22,2024-07-27,146,전주,0d7b8f1e7ca1054498102c876e9bab92c21ecf15d1bf2f43ed4ab764bf4a8910
2024,kma_asos:152,2024-06-22,2024-07-27,152,울산,0d7b8f1e7ca1054498102c876e9bab92c21ecf15d1bf2f43ed4ab764bf4a8910
2024,kma_asos:155,2024-06-22,2024-07-27,155,창원,0d7b8f1e7ca1054498102c876e9bab92c21ecf15d1bf2f43ed4ab764bf4a8910
2024,kma_asos:156,2024-06-22,2024-07-27,156,광주,0d7b8f1e7ca1054498102c876e9bab92c21ecf15d1bf2f43ed4ab764bf4a8910
2024,kma_asos:159,2024-06-22,2024-07-27,159,부산,0d7b8f1e7ca1054498102c876e9bab92c21ecf15d1bf2f43ed4ab764bf4a8910
2024,kma_asos:162,2024-06-22,2024-07-27,162,통영,0d7b8f1e7ca1054498102c876e9bab92c21ecf15d1bf2f43ed4ab764bf4a8910
2024,kma_asos:165,2024-06-22,2024-07-27,165,목포,0d7b8f1e7ca1054498102c876e9bab92c21ecf15d1bf2f43ed4ab764bf4a8910
2024,kma_asos:168,2024-06-22,2024-07-27,168,여수,0d7b8f1e7ca1054498102c876e9bab92c21ecf15d1bf2f43ed4ab764bf4a8910
2024,kma_asos:170,2024-06-22,2024-07-27,170,완도,0d7b8f1e7ca1054498102c876e9bab92c21ecf15d1bf2f43ed4ab764bf4a8910
2024,kma_asos:184,2024-06-19,2024-07-27,184,제주,0d7b8f1e7ca1054498102c876e9bab92c21ecf15d1bf2f43ed4ab764bf4a8910
2024,kma_asos:185,2024-06-19,2024-07-27,185,고산,0d7b8f1e7ca1054498102c876e9bab92c21ecf15d1bf2f43ed4ab764bf4a8910
2024,kma_asos:188,2024-06-19,2024-07-27,188,성산,0d7b8f1e7ca1054498102c876e9bab92c21ecf15d1bf2f43ed4ab764bf4a8910
2024,kma_asos:189,2024-06-19,2024-07-27,189,서귀포,0d7b8f1e7ca1054498102c876e9bab92c21ecf15d1bf2f43ed4ab764bf4a8910
2024,kma_asos:192,2024-06-22,2024-07-27,192,진주,0d7b8f1e7ca1054498102c876e9bab92c21ecf15d1bf2f43ed4ab764bf4a8910
2024,kma_asos:201,2024-06-29,2024-07-27,201,강화,0d7b8f1e7ca1054498102c876e9bab92c21ecf15d1bf2f43ed4ab764bf4a8910
2024,kma_asos:202,2024-06-29,2024-07-27,202,양평,0d7b8f1e7ca1054498102c876e9bab92c21ecf15d1bf2f43ed4ab764bf4a8910
2024,kma_asos:203,2024-06-29,2024-07-27,203,이천,0d7b8f1e7ca1054498102c876e9bab92c21ecf15d1bf2f43ed4ab764bf4a8910
2024,kma_asos:211,2024-06-29,2024-07-27,211,인제,0d7b8f1e7ca1054498102c876e9bab92c21ecf15d1bf2f43ed4ab764bf4a8910
2024,kma_asos:212,2024-06-29,2024-07-27,212,홍천,0d7b8f1e7ca1054498102c876e9bab92c21ecf15d1bf2f43ed4ab764bf4a8910
2024,kma_asos:216,2024-06-29,2024-07-27,216,태백,0d7b8f1e7ca1054498102c876e9bab92c21ecf15d1bf2f43ed4ab764bf4a8910
2024,kma_asos:221,2024-06-29,2024-07-27,221,제천,0d7b8f1e7ca1054498102c876e9bab92c21ecf15d1bf2f43ed4ab764bf4a8910
2024,kma_asos:226,2024-06-29,2024-07-27,226,보은,0d7b8f1e7ca1054498102c876e9bab92c21ecf15d1bf2f43ed4ab764bf4a8910
2024,kma_asos:232,2024-06-29,2024-07-27,232,천안,0d7b8f1e7ca1054498102c876e9bab92c21ecf15d1bf2f43ed4ab764bf4a8910
2024,kma_asos:235,2024-06-29,2024-07-27,235,보령,0d7b8f1e7ca1054498102c876e9bab92c21ecf15d1bf2f43ed4ab764bf4a8910
2024,kma_asos:236,2024-06-29,2024-07-27,236,부여,0d7b8f1e7ca1054498102c876e9bab92c21ecf15d1bf2f43ed4ab764bf4a8910
2024,kma_asos:238,2024-06-29,2024-07-27,238,금산,0d7b8f1e7ca1054498102c876e9bab92c21ecf15d1bf2f43ed4ab764bf4a8910
2024,kma_asos:243,2024-06-22,2024-07-27,243,부안,0d7b8f1e7ca1054498102c876e9bab92c21ecf15d1bf2f43ed4ab764bf4a8910
2024,kma_asos:244,2024-06-22,2024-07-27,244,임실,0d7b8f1e7ca1054498102c876e9bab92c21ecf15d1bf2f43ed4ab764bf4a8910
2024,kma_asos:245,2024-06-22,2024-07-27,245,정읍,0d7b8f1e7ca1054498102c876e9bab92c21ecf15d1bf2f43ed4ab764bf4a8910
2024,kma_asos:247,2024-06-22,2024-07-27,247,남원,0d7b8f1e7ca1054498102c876e9bab92c21ecf15d1bf2f43ed4ab764bf4a8910
2024,kma_asos:248,2024-06-22,2024-07-27,248,장수,0d7b8f1e7ca1054498102c876e9bab92c21ecf15d1bf2f43ed4ab764bf4a8910
2024,kma_asos:260,2024-06-22,2024-07-27,260,장흥,0d7b8f1e7ca1054498102c876e9bab92c21ecf15d1bf2f43ed4ab764bf4a8910
2024,kma_asos:261,2024-06-22,2024-07-27,261,해남,0d7b8f1e7ca1054498102c876e9bab92c21ecf15d1bf2f43ed4ab764bf4a8910
2024,kma_asos:262,2024-06-22,2024-07-27,262,고흥,0d7b8f1e7ca1054498102c876e9bab92c21ecf15d1bf2f43ed4ab764bf4a8910
2024,kma_asos:271,2024-06-22,2024-07-27,271,봉화,0d7b8f1e7ca1054498102c876e9bab92c21ecf15d1bf2f43ed4ab764bf4a8910
2024,kma_asos:272,2024-06-22,2024-07-27,272,영주,0d7b8f1e7ca1054498102c876e9bab92c21ecf15d1bf2f43ed4ab764bf4a8910
2024,kma_asos:273,2024-06-22,2024-07-27,273,문경,0d7b8f1e7ca1054498102c876e9bab92c21ecf15d1bf2f43ed4ab764bf4a8910
2024,kma_asos:277,2024-06-22,2024-07-27,277,영덕,0d7b8f1e7ca1054498102c876e9bab92c21ecf15d1bf2f43ed4ab764bf4a8910
2024,kma_asos:278,2024-06-22,2024-07-27,278,의성,0d7b8f1e7ca1054498102c876e9bab92c21ecf15d1bf2f43ed4ab764bf4a8910
2024,kma_asos:279,2024-06-22,2024-07-27,279,구미,0d7b8f1e7ca1054498102c876e9bab92c21ecf15d1bf2f43ed4ab764bf4a8910
2024,kma_asos:281,2024-06-22,2024-07-27,281,영천,0d7b8f1e7ca1054498102c876e9bab92c21ecf15d1bf2f43ed4ab764bf4a8910
2024,kma_asos:284,2024-06-22,2024-07-27,284,거창,0d7b8f1e7ca1054498102c876e9bab92c21ecf15d1bf2f43ed4ab764bf4a8910
2024,kma_asos:285,2024-06-22,2024-07-27,285,합천,0d7b8f1e7ca1054498102c876e9bab92c21ecf15d1bf2f43ed4ab764bf4a8910
2024,kma_asos:288,2024-06-22,2024-07-27,288,밀양,0d7b8f1e7ca1054498102c876e9bab92c21ecf15d1bf2f43ed4ab764bf4a8910
2024,kma_asos:289,2024-06-22,2024-07-27,289,산청,0d7b8f1e7ca1054498102c876e9bab92c21ecf15d1bf2f43ed4ab764bf4a8910
2024,kma_asos:294,2024-06-22,2024-07-27,294,거제,0d7b8f1e7ca1054498102c876e9bab92c21ecf15d1bf2f43ed4ab764bf4a8910
2024,kma_asos:295,2024-06-22,2024-07-27,295,남해,0d7b8f1e7ca1054498102c876e9bab92c21ecf15d1bf2f43ed4ab764bf4a8910
2025,kma_asos:90,2025-06-19,2025-07-20,90,속초,0d7b8f1e7ca1054498102c876e9bab92c21ecf15d1bf2f43ed4ab764bf4a8910
2025,kma_asos:95,2025-06-19,2025-07-20,95,철원,0d7b8f1e7ca1054498102c876e9bab92c21ecf15d1bf2f43ed4ab764bf4a8910
2025,kma_asos:100,2025-06-19,2025-07-20,100,대관령,0d7b8f1e7ca1054498102c876e9bab92c21ecf15d1bf2f43ed4ab764bf4a8910
2025,kma_asos:101,2025-06-19,2025-07-20,101,춘천,0d7b8f1e7ca1054498102c876e9bab92c21ecf15d1bf2f43ed4ab764bf4a8910
2025,kma_asos:105,2025-06-19,2025-07-20,105,강릉,0d7b8f1e7ca1054498102c876e9bab92c21ecf15d1bf2f43ed4ab764bf4a8910
2025,kma_asos:108,2025-06-19,2025-07-20,108,서울,0d7b8f1e7ca1054498102c876e9bab92c21ecf15d1bf2f43ed4ab764bf4a8910
2025,kma_asos:112,2025-06-19,2025-07-20,112,인천,0d7b8f1e7ca1054498102c876e9bab92c21ecf15d1bf2f43ed4ab764bf4a8910
2025,kma_asos:114,2025-06-19,2025-07-20,114,원주,0d7b8f1e7ca1054498102c876e9bab92c21ecf15d1bf2f43ed4ab764bf4a8910
2025,kma_asos:119,2025-06-19,2025-07-20,119,수원,0d7b8f1e7ca1054498102c876e9bab92c21ecf15d1bf2f43ed4ab764bf4a8910
2025,kma_asos:127,2025-06-19,2025-07-20,127,충주,0d7b8f1e7ca1054498102c876e9bab92c21ecf15d1bf2f43ed4ab764bf4a8910
2025,kma_asos:129,2025-06-19,2025-07-20,129,서산,0d7b8f1e7ca1054498102c876e9bab92c21ecf15d1bf2f43ed4ab764bf4a8910
2025,kma_asos:130,2025-06-19,2025-07-01,130,울진,0d7b8f1e7ca1054498102c876e9bab92c21ecf15d1bf2f43ed4ab764bf4a8910
2025,kma_asos:131,2025-06-19,2025-07-20,131,청주,0d7b8f1e7ca1054498102c876e9bab92c21ecf15d1bf2f43ed4ab764bf4a8910
2025,kma_asos:133,2025-06-19,2025-07-20,133,대전,0d7b8f1e7ca1054498102c876e9bab92c21ecf15d1bf2f43ed4ab764bf4a8910
2025,kma_asos:135,2025-06-19,2025-07-20,135,추풍령,0d7b8f1e7ca1054498102c876e9bab92c21ecf15d1bf2f43ed4ab764bf4a8910
2025,kma_asos:136,2025-06-19,2025-07-01,136,안동,0d7b8f1e7ca1054498102c876e9bab92c21ecf15d1bf2f43ed4ab764bf4a8910
2025,kma_asos:138,2025-06-19,2025-07-01,138,포항,0d7b8f1e7ca1054498102c876e9bab92c21ecf15d1bf2f43ed4ab764bf4a8910
2025,kma_asos:140,2025-06-19,2025-07-01,140,군산,0d7b8f1e7ca1054498102c876e9bab92c21ecf15d1bf2f43ed4ab764bf4a8910
2025,kma_asos:143,2025-06-19,2025-07-01,143,대구,0d7b8f1e7ca1054498102c876e9bab92c21ecf15d1bf2f43ed4ab764bf4a8910
2025,kma_asos:146,2025-06-19,2025-07-01,146,전주,0d7b8f1e7ca1054498102c876e9bab92c21ecf15d1bf2f43ed4ab764bf4a8910
2025,kma_asos:152,2025-06-19,2025-07-01,152,울산,0d7b8f1e7ca1054498102c876e9bab92c21ecf15d1bf2f43ed4ab764bf4a8910
2025,kma_asos:155,2025-06-19,2025-07-01,155,창원,0d7b8f1e7ca1054498102c876e9bab92c21ecf15d1bf2f43ed4ab764bf4a8910
2025,kma_asos:156,2025-06-19,2025-07-01,156,광주,0d7b8f1e7ca1054498102c876e9bab92c21ecf15d1bf2f43ed4ab764bf4a8910
2025,kma_asos:159,2025-06-19,2025-07-01,159,부산,0d7b8f1e7ca1054498102c876e9bab92c21ecf15d1bf2f43ed4ab764bf4a8910
2025,kma_asos:162,2025-06-19,2025-07-01,162,통영,0d7b8f1e7ca1054498102c876e9bab92c21ecf15d1bf2f43ed4ab764bf4a8910
2025,kma_asos:165,2025-06-19,2025-07-01,165,목포,0d7b8f1e7ca1054498102c876e9bab92c21ecf15d1bf2f43ed4ab764bf4a8910
2025,kma_asos:168,2025-06-19,2025-07-01,168,여수,0d7b8f1e7ca1054498102c876e9bab92c21ecf15d1bf2f43ed4ab764bf4a8910
2025,kma_asos:170,2025-06-19,2025-07-01,170,완도,0d7b8f1e7ca1054498102c876e9bab92c21ecf15d1bf2f43ed4ab764bf4a8910
2025,kma_asos:184,2025-06-12,2025-06-26,184,제주,0d7b8f1e7ca1054498102c876e9bab92c21ecf15d1bf2f43ed4ab764bf4a8910
2025,kma_asos:185,2025-06-12,2025-06-26,185,고산,0d7b8f1e7ca1054498102c876e9bab92c21ecf15d1bf2f43ed4ab764bf4a8910
2025,kma_asos:188,2025-06-12,2025-06-26,188,성산,0d7b8f1e7ca1054498102c876e9bab92c21ecf15d1bf2f43ed4ab764bf4a8910
2025,kma_asos:189,2025-06-12,2025-06-26,189,서귀포,0d7b8f1e7ca1054498102c876e9bab92c21ecf15d1bf2f43ed4ab764bf4a8910
2025,kma_asos:192,2025-06-19,2025-07-01,192,진주,0d7b8f1e7ca1054498102c876e9bab92c21ecf15d1bf2f43ed4ab764bf4a8910
2025,kma_asos:201,2025-06-19,2025-07-20,201,강화,0d7b8f1e7ca1054498102c876e9bab92c21ecf15d1bf2f43ed4ab764bf4a8910
2025,kma_asos:202,2025-06-19,2025-07-20,202,양평,0d7b8f1e7ca1054498102c876e9bab92c21ecf15d1bf2f43ed4ab764bf4a8910
2025,kma_asos:203,2025-06-19,2025-07-20,203,이천,0d7b8f1e7ca1054498102c876e9bab92c21ecf15d1bf2f43ed4ab764bf4a8910
2025,kma_asos:211,2025-06-19,2025-07-20,211,인제,0d7b8f1e7ca1054498102c876e9bab92c21ecf15d1bf2f43ed4ab764bf4a8910
2025,kma_asos:212,2025-06-19,2025-07-20,212,홍천,0d7b8f1e7ca1054498102c876e9bab92c21ecf15d1bf2f43ed4ab764bf4a8910
2025,kma_asos:216,2025-06-19,2025-07-20,216,태백,0d7b8f1e7ca1054498102c876e9bab92c21ecf15d1bf2f43ed4ab764bf4a8910
2025,kma_asos:221,2025-06-19,2025-07-20,221,제천,0d7b8f1e7ca1054498102c876e9bab92c21ecf15d1bf2f43ed4ab764bf4a8910
2025,kma_asos:226,2025-06-19,2025-07-20,226,보은,0d7b8f1e7ca1054498102c876e9bab92c21ecf15d1bf2f43ed4ab764bf4a8910
2025,kma_asos:232,2025-06-19,2025-07-20,232,천안,0d7b8f1e7ca1054498102c876e9bab92c21ecf15d1bf2f43ed4ab764bf4a8910
2025,kma_asos:235,2025-06-19,2025-07-20,235,보령,0d7b8f1e7ca1054498102c876e9bab92c21ecf15d1bf2f43ed4ab764bf4a8910
2025,kma_asos:236,2025-06-19,2025-07-20,236,부여,0d7b8f1e7ca1054498102c876e9bab92c21ecf15d1bf2f43ed4ab764bf4a8910
2025,kma_asos:238,2025-06-19,2025-07-20,238,금산,0d7b8f1e7ca1054498102c876e9bab92c21ecf15d1bf2f43ed4ab764bf4a8910
2025,kma_asos:243,2025-06-19,2025-07-01,243,부안,0d7b8f1e7ca1054498102c876e9bab92c21ecf15d1bf2f43ed4ab764bf4a8910
2025,kma_asos:244,2025-06-19,2025-07-01,244,임실,0d7b8f1e7ca1054498102c876e9bab92c21ecf15d1bf2f43ed4ab764bf4a8910
2025,kma_asos:245,2025-06-19,2025-07-01,245,정읍,0d7b8f1e7ca1054498102c876e9bab92c21ecf15d1bf2f43ed4ab764bf4a8910
2025,kma_asos:247,2025-06-19,2025-07-01,247,남원,0d7b8f1e7ca1054498102c876e9bab92c21ecf15d1bf2f43ed4ab764bf4a8910
2025,kma_asos:248,2025-06-19,2025-07-01,248,장수,0d7b8f1e7ca1054498102c876e9bab92c21ecf15d1bf2f43ed4ab764bf4a8910
2025,kma_asos:260,2025-06-19,2025-07-01,260,장흥,0d7b8f1e7ca1054498102c876e9bab92c21ecf15d1bf2f43ed4ab764bf4a8910
2025,kma_asos:261,2025-06-19,2025-07-01,261,해남,0d7b8f1e7ca1054498102c876e9bab92c21ecf15d1bf2f43ed4ab764bf4a8910
2025,kma_asos:262,2025-06-19,2025-07-01,262,고흥,0d7b8f1e7ca1054498102c876e9bab92c21ecf15d1bf2f43ed4ab764bf4a8910
2025,kma_asos:271,2025-06-19,2025-07-01,271,봉화,0d7b8f1e7ca1054498102c876e9bab92c21ecf15d1bf2f43ed4ab764bf4a8910
2025,kma_asos:272,2025-06-19,2025-07-01,272,영주,0d7b8f1e7ca1054498102c876e9bab92c21ecf15d1bf2f43ed4ab764bf4a8910
2025,kma_asos:273,2025-06-19,2025-07-01,273,문경,0d7b8f1e7ca1054498102c876e9bab92c21ecf15d1bf2f43ed4ab764bf4a8910
2025,kma_asos:277,2025-06-19,2025-07-01,277,영덕,0d7b8f1e7ca1054498102c876e9bab92c21ecf15d1bf2f43ed4ab764bf4a8910
2025,kma_asos:278,2025-06-19,2025-07-01,278,의성,0d7b8f1e7ca1054498102c876e9bab92c21ecf15d1bf2f43ed4ab764bf4a8910
2025,kma_asos:279,2025-06-19,2025-07-01,279,구미,0d7b8f1e7ca1054498102c876e9bab92c21ecf15d1bf2f43ed4ab764bf4a8910
2025,kma_asos:281,2025-06-19,2025-07-01,281,영천,0d7b8f1e7ca1054498102c876e9bab92c21ecf15d1bf2f43ed4ab764bf4a8910
2025,kma_asos:284,2025-06-19,2025-07-01,284,거창,0d7b8f1e7ca1054498102c876e9bab92c21ecf15d1bf2f43ed4ab764bf4a8910
2025,kma_asos:285,2025-06-19,2025-07-01,285,합천,0d7b8f1e7ca1054498102c876e9bab92c21ecf15d1bf2f43ed4ab764bf4a8910
2025,kma_asos:288,2025-06-19,2025-07-01,288,밀양,0d7b8f1e7ca1054498102c876e9bab92c21ecf15d1bf2f43ed4ab764bf4a8910
2025,kma_asos:289,2025-06-19,2025-07-01,289,산청,0d7b8f1e7ca1054498102c876e9bab92c21ecf15d1bf2f43ed4ab764bf4a8910
2025,kma_asos:294,2025-06-19,2025-07-01,294,거제,0d7b8f1e7ca1054498102c876e9bab92c21ecf15d1bf2f43ed4ab764bf4a8910
2025,kma_asos:295,2025-06-19,2025-07-01,295,남해,0d7b8f1e7ca1054498102c876e9bab92c21ecf15d1bf2f43ed4ab764bf4a8910
2026,kma_asos:90,2026-07-01,2026-07-26,90,속초,0d7b8f1e7ca1054498102c876e9bab92c21ecf15d1bf2f43ed4ab764bf4a8910
2026,kma_asos:95,2026-07-01,2026-07-26,95,철원,0d7b8f1e7ca1054498102c876e9bab92c21ecf15d1bf2f43ed4ab764bf4a8910
2026,kma_asos:100,2026-07-01,2026-07-26,100,대관령,0d7b8f1e7ca1054498102c876e9bab92c21ecf15d1bf2f43ed4ab764bf4a8910
2026,kma_asos:101,2026-07-01,2026-07-26,101,춘천,0d7b8f1e7ca1054498102c876e9bab92c21ecf15d1bf2f43ed4ab764bf4a8910
2026,kma_asos:105,2026-07-01,2026-07-26,105,강릉,0d7b8f1e7ca1054498102c876e9bab92c21ecf15d1bf2f43ed4ab764bf4a8910
2026,kma_asos:108,2026-07-01,2026-07-26,108,서울,0d7b8f1e7ca1054498102c876e9bab92c21ecf15d1bf2f43ed4ab764bf4a8910
2026,kma_asos:112,2026-07-01,2026-07-26,112,인천,0d7b8f1e7ca1054498102c876e9bab92c21ecf15d1bf2f43ed4ab764bf4a8910
2026,kma_asos:114,2026-07-01,2026-07-26,114,원주,0d7b8f1e7ca1054498102c876e9bab92c21ecf15d1bf2f43ed4ab764bf4a8910
2026,kma_asos:119,2026-07-01,2026-07-26,119,수원,0d7b8f1e7ca1054498102c876e9bab92c21ecf15d1bf2f43ed4ab764bf4a8910
2026,kma_asos:127,2026-07-01,2026-07-26,127,충주,0d7b8f1e7ca1054498102c876e9bab92c21ecf15d1bf2f43ed4ab764bf4a8910
2026,kma_asos:129,2026-07-01,2026-07-26,129,서산,0d7b8f1e7ca1054498102c876e9bab92c21ecf15d1bf2f43ed4ab764bf4a8910
2026,kma_asos:130,2026-06-30,2026-07-25,130,울진,0d7b8f1e7ca1054498102c876e9bab92c21ecf15d1bf2f43ed4ab764bf4a8910
2026,kma_asos:131,2026-07-01,2026-07-26,131,청주,0d7b8f1e7ca1054498102c876e9bab92c21ecf15d1bf2f43ed4ab764bf4a8910
2026,kma_asos:133,2026-07-01,2026-07-26,133,대전,0d7b8f1e7ca1054498102c876e9bab92c21ecf15d1bf2f43ed4ab764bf4a8910
2026,kma_asos:135,2026-07-01,2026-07-26,135,추풍령,0d7b8f1e7ca1054498102c876e9bab92c21ecf15d1bf2f43ed4ab764bf4a8910
2026,kma_asos:136,2026-06-30,2026-07-25,136,안동,0d7b8f1e7ca1054498102c876e9bab92c21ecf15d1bf2f43ed4ab764bf4a8910
2026,kma_asos:138,2026-06-30,2026-07-25,138,포항,0d7b8f1e7ca1054498102c876e9bab92c21ecf15d1bf2f43ed4ab764bf4a8910
2026,kma_asos:140,2026-06-30,2026-07-25,140,군산,0d7b8f1e7ca1054498102c876e9bab92c21ecf15d1bf2f43ed4ab764bf4a8910
2026,kma_asos:143,2026-06-30,2026-07-25,143,대구,0d7b8f1e7ca1054498102c876e9bab92c21ecf15d1bf2f43ed4ab764bf4a8910
2026,kma_asos:146,2026-06-30,2026-07-25,146,전주,0d7b8f1e7ca1054498102c876e9bab92c21ecf15d1bf2f43ed4ab764bf4a8910
2026,kma_asos:152,2026-06-30,2026-07-25,152,울산,0d7b8f1e7ca1054498102c876e9bab92c21ecf15d1bf2f43ed4ab764bf4a8910
2026,kma_asos:155,2026-06-30,2026-07-25,155,창원,0d7b8f1e7ca1054498102c876e9bab92c21ecf15d1bf2f43ed4ab764bf4a8910
2026,kma_asos:156,2026-06-30,2026-07-25,156,광주,0d7b8f1e7ca1054498102c876e9bab92c21ecf15d1bf2f43ed4ab764bf4a8910
2026,kma_asos:159,2026-06-30,2026-07-25,159,부산,0d7b8f1e7ca1054498102c876e9bab92c21ecf15d1bf2f43ed4ab764bf4a8910
2026,kma_asos:162,2026-06-30,2026-07-25,162,통영,0d7b8f1e7ca1054498102c876e9bab92c21ecf15d1bf2f43ed4ab764bf4a8910
2026,kma_asos:165,2026-06-30,2026-07-25,165,목포,0d7b8f1e7ca1054498102c876e9bab92c21ecf15d1bf2f43ed4ab764bf4a8910
2026,kma_asos:168,2026-06-30,2026-07-25,168,여수,0d7b8f1e7ca1054498102c876e9bab92c21ecf15d1bf2f43ed4ab764bf4a8910
2026,kma_asos:170,2026-06-30,2026-07-25,170,완도,0d7b8f1e7ca1054498102c876e9bab92c21ecf15d1bf2f43ed4ab764bf4a8910
2026,kma_asos:184,2026-06-30,2026-07-19,184,제주,0d7b8f1e7ca1054498102c876e9bab92c21ecf15d1bf2f43ed4ab764bf4a8910
2026,kma_asos:185,2026-06-30,2026-07-19,185,고산,0d7b8f1e7ca1054498102c876e9bab92c21ecf15d1bf2f43ed4ab764bf4a8910
2026,kma_asos:188,2026-06-30,2026-07-19,188,성산,0d7b8f1e7ca1054498102c876e9bab92c21ecf15d1bf2f43ed4ab764bf4a8910
2026,kma_asos:189,2026-06-30,2026-07-19,189,서귀포,0d7b8f1e7ca1054498102c876e9bab92c21ecf15d1bf2f43ed4ab764bf4a8910
2026,kma_asos:192,2026-06-30,2026-07-25,192,진주,0d7b8f1e7ca1054498102c876e9bab92c21ecf15d1bf2f43ed4ab764bf4a8910
2026,kma_asos:201,2026-07-01,2026-07-26,201,강화,0d7b8f1e7ca1054498102c876e9bab92c21ecf15d1bf2f43ed4ab764bf4a8910
2026,kma_asos:202,2026-07-01,2026-07-26,202,양평,0d7b8f1e7ca1054498102c876e9bab92c21ecf15d1bf2f43ed4ab764bf4a8910
2026,kma_asos:203,2026-07-01,2026-07-26,203,이천,0d7b8f1e7ca1054498102c876e9bab92c21ecf15d1bf2f43ed4ab764bf4a8910
2026,kma_asos:211,2026-07-01,2026-07-26,211,인제,0d7b8f1e7ca1054498102c876e9bab92c21ecf15d1bf2f43ed4ab764bf4a8910
2026,kma_asos:212,2026-07-01,2026-07-26,212,홍천,0d7b8f1e7ca1054498102c876e9bab92c21ecf15d1bf2f43ed4ab764bf4a8910
2026,kma_asos:216,2026-07-01,2026-07-26,216,태백,0d7b8f1e7ca1054498102c876e9bab92c21ecf15d1bf2f43ed4ab764bf4a8910
2026,kma_asos:221,2026-07-01,2026-07-26,221,제천,0d7b8f1e7ca1054498102c876e9bab92c21ecf15d1bf2f43ed4ab764bf4a8910
2026,kma_asos:226,2026-07-01,2026-07-26,226,보은,0d7b8f1e7ca1054498102c876e9bab92c21ecf15d1bf2f43ed4ab764bf4a8910
2026,kma_asos:232,2026-07-01,2026-07-26,232,천안,0d7b8f1e7ca1054498102c876e9bab92c21ecf15d1bf2f43ed4ab764bf4a8910
2026,kma_asos:235,2026-07-01,2026-07-26,235,보령,0d7b8f1e7ca1054498102c876e9bab92c21ecf15d1bf2f43ed4ab764bf4a8910
2026,kma_asos:236,2026-07-01,2026-07-26,236,부여,0d7b8f1e7ca1054498102c876e9bab92c21ecf15d1bf2f43ed4ab764bf4a8910
2026,kma_asos:238,2026-07-01,2026-07-26,238,금산,0d7b8f1e7ca1054498102c876e9bab92c21ecf15d1bf2f43ed4ab764bf4a8910
2026,kma_asos:243,2026-06-30,2026-07-25,243,부안,0d7b8f1e7ca1054498102c876e9bab92c21ecf15d1bf2f43ed4ab764bf4a8910
2026,kma_asos:244,2026-06-30,2026-07-25,244,임실,0d7b8f1e7ca1054498102c876e9bab92c21ecf15d1bf2f43ed4ab764bf4a8910
2026,kma_asos:245,2026-06-30,2026-07-25,245,정읍,0d7b8f1e7ca1054498102c876e9bab92c21ecf15d1bf2f43ed4ab764bf4a8910
2026,kma_asos:247,2026-06-30,2026-07-25,247,남원,0d7b8f1e7ca1054498102c876e9bab92c21ecf15d1bf2f43ed4ab764bf4a8910
2026,kma_asos:248,2026-06-30,2026-07-25,248,장수,0d7b8f1e7ca1054498102c876e9bab92c21ecf15d1bf2f43ed4ab764bf4a8910
2026,kma_asos:260,2026-06-30,2026-07-25,260,장흥,0d7b8f1e7ca1054498102c876e9bab92c21ecf15d1bf2f43ed4ab764bf4a8910
2026,kma_asos:261,2026-06-30,2026-07-25,261,해남,0d7b8f1e7ca1054498102c876e9bab92c21ecf15d1bf2f43ed4ab764bf4a8910
2026,kma_asos:262,2026-06-30,2026-07-25,262,고흥,0d7b8f1e7ca1054498102c876e9bab92c21ecf15d1bf2f43ed4ab764bf4a8910
2026,kma_asos:271,2026-06-30,2026-07-25,271,봉화,0d7b8f1e7ca1054498102c876e9bab92c21ecf15d1bf2f43ed4ab764bf4a8910
2026,kma_asos:272,2026-06-30,2026-07-25,272,영주,0d7b8f1e7ca1054498102c876e9bab92c21ecf15d1bf2f43ed4ab764bf4a8910
2026,kma_asos:273,2026-06-30,2026-07-25,273,문경,0d7b8f1e7ca1054498102c876e9bab92c21ecf15d1bf2f43ed4ab764bf4a8910
2026,kma_asos:277,2026-06-30,2026-07-25,277,영덕,0d7b8f1e7ca1054498102c876e9bab92c21ecf15d1bf2f43ed4ab764bf4a8910
2026,kma_asos:278,2026-06-30,2026-07-25,278,의성,0d7b8f1e7ca1054498102c876e9bab92c21ecf15d1bf2f43ed4ab764bf4a8910
2026,kma_asos:279,2026-06-30,2026-07-25,279,구미,0d7b8f1e7ca1054498102c876e9bab92c21ecf15d1bf2f43ed4ab764bf4a8910
2026,kma_asos:281,2026-06-30,2026-07-25,281,영천,0d7b8f1e7ca1054498102c876e9bab92c21ecf15d1bf2f43ed4ab764bf4a8910
2026,kma_asos:284,2026-06-30,2026-07-25,284,거창,0d7b8f1e7ca1054498102c876e9bab92c21ecf15d1bf2f43ed4ab764bf4a8910
2026,kma_asos:285,2026-06-30,2026-07-25,285,합천,0d7b8f1e7ca1054498102c876e9bab92c21ecf15d1bf2f43ed4ab764bf4a8910
2026,kma_asos:288,2026-06-30,2026-07-25,288,밀양,0d7b8f1e7ca1054498102c876e9bab92c21ecf15d1bf2f43ed4ab764bf4a8910
2026,kma_asos:289,2026-06-30,2026-07-25,289,산청,0d7b8f1e7ca1054498102c876e9bab92c21ecf15d1bf2f43ed4ab764bf4a8910
2026,kma_asos:294,2026-06-30,2026-07-25,294,거제,0d7b8f1e7ca1054498102c876e9bab92c21ecf15d1bf2f43ed4ab764bf4a8910
2026,kma_asos:295,2026-06-30,2026-07-25,295,남해,0d7b8f1e7ca1054498102c876e9bab92c21ecf15d1bf2f43ed4ab764bf4a8910
